run_id,obs_value,variable,obs_type,units,date,year,doy,dae,sub_plot,valid
MZ0001,1.734555556,leaf_fw,avg,ton/ha,19/12/2018,2018,353,8,1,1
MZ0001,4.173444444,leaf_fw,avg,ton/ha,26/12/2018,2018,360,15,1,1
MZ0001,7.010555556,leaf_fw,avg,ton/ha,2/1/2019,2019,2,22,1,1
MZ0001,15.16277778,leaf_fw,avg,ton/ha,9/1/2019,2019,9,29,1,1
MZ0001,12.81444444,leaf_fw,avg,ton/ha,17/01/2019,2019,17,37,1,1
MZ0001,19.28688889,leaf_fw,avg,ton/ha,23/01/2019,2019,23,43,1,1
MZ0001,9.528888889,leaf_fw,avg,ton/ha,31/01/2019,2019,31,51,1,1
MZ0001,14.297,leaf_fw,avg,ton/ha,7/2/2019,2019,38,58,1,1
MZ0001,15.22222222,leaf_fw,avg,ton/ha,14/02/2019,2019,45,65,1,1
MZ0001,16.16666667,leaf_fw,avg,ton/ha,1/3/2019,2019,60,80,1,1
MZ0001,14,leaf_fw,avg,ton/ha,8/3/2019,2019,67,87,1,1
MZ0001,13.22222222,leaf_fw,avg,ton/ha,14/03/2019,2019,73,93,1,1
MZ0001,4.666666667,leaf_fw,avg,ton/ha,22/03/2019,2019,81,101,1,1
MZ0001,1.343777778,stalk_fw,avg,ton/ha,19/12/2018,2018,353,8,1,1
MZ0001,4.702555556,stalk_fw,avg,ton/ha,26/12/2018,2018,360,15,1,1
MZ0001,16.39888889,stalk_fw,avg,ton/ha,2/1/2019,2019,2,22,1,1
MZ0001,30.948,stalk_fw,avg,ton/ha,9/1/2019,2019,9,29,1,1
MZ0001,28.42544444,stalk_fw,avg,ton/ha,17/01/2019,2019,17,37,1,1
MZ0001,35.87255556,stalk_fw,avg,ton/ha,23/01/2019,2019,23,43,1,1
MZ0001,27.47655556,stalk_fw,avg,ton/ha,31/01/2019,2019,31,51,1,1
MZ0001,27.47777778,stalk_fw,avg,ton/ha,7/2/2019,2019,38,58,1,1
MZ0001,28.61111111,stalk_fw,avg,ton/ha,14/02/2019,2019,45,65,1,1
MZ0001,28.72222222,stalk_fw,avg,ton/ha,1/3/2019,2019,60,80,1,1
MZ0001,24.05555556,stalk_fw,avg,ton/ha,8/3/2019,2019,67,87,1,1
MZ0001,22.83333333,stalk_fw,avg,ton/ha,14/03/2019,2019,73,93,1,1
MZ0001,16.27777778,stalk_fw,avg,ton/ha,22/03/2019,2019,81,101,1,1
MZ0001,0,cob_fw,avg,ton/ha,19/12/2018,2018,353,8,1,1
MZ0001,0,cob_fw,avg,ton/ha,26/12/2018,2018,360,15,1,1
MZ0001,0,cob_fw,avg,ton/ha,2/1/2019,2019,2,22,1,1
MZ0001,0,cob_fw,avg,ton/ha,9/1/2019,2019,9,29,1,1
MZ0001,0,cob_fw,avg,ton/ha,17/01/2019,2019,17,37,1,1
MZ0001,1.176555556,cob_fw,avg,ton/ha,23/01/2019,2019,23,43,1,1
MZ0001,13.46344444,cob_fw,avg,ton/ha,31/01/2019,2019,31,51,1,1
MZ0001,26.90166667,cob_fw,avg,ton/ha,7/2/2019,2019,38,58,1,1
MZ0001,21.16666667,cob_fw,avg,ton/ha,14/02/2019,2019,45,65,1,1
MZ0001,13.05555556,cob_fw,avg,ton/ha,1/3/2019,2019,60,80,1,1
MZ0001,12.33333333,cob_fw,avg,ton/ha,8/3/2019,2019,67,87,1,1
MZ0001,11.77777778,cob_fw,avg,ton/ha,14/03/2019,2019,73,93,1,1
MZ0001,6,cob_fw,avg,ton/ha,22/03/2019,2019,81,101,1,1
MZ0001,0,cob_n,msr,n_m,19/12/2018,2018,353,8,1,1
MZ0001,0,cob_n,msr,n_m,26/12/2018,2018,360,15,1,1
MZ0001,0,cob_n,msr,n_m,2/1/2019,2019,2,22,1,1
MZ0001,0,cob_n,msr,n_m,9/1/2019,2019,9,29,1,1
MZ0001,0,cob_n,msr,n_m,17/01/2019,2019,17,37,1,1
MZ0001,6,cob_n,msr,n_m,23/01/2019,2019,23,43,1,1
MZ0001,11,cob_n,msr,n_m,31/01/2019,2019,31,51,1,1
MZ0001,13,cob_n,msr,n_m,7/2/2019,2019,38,58,1,1
MZ0001,12,cob_n,msr,n_m,14/02/2019,2019,45,65,1,1
MZ0001,14,cob_n,msr,n_m,1/3/2019,2019,60,80,1,1
MZ0001,9,cob_n,msr,n_m,8/3/2019,2019,67,87,1,1
MZ0001,14,cob_n,msr,n_m,14/03/2019,2019,73,93,1,1
MZ0001,10,cob_n,msr,n_m,22/03/2019,2019,81,101,1,1
MZ0001,0,grain_fw,avg,ton/ha,19/12/2018,2018,353,8,1,1
MZ0001,0,grain_fw,avg,ton/ha,26/12/2018,2018,360,15,1,1
MZ0001,0,grain_fw,avg,ton/ha,2/1/2019,2019,2,22,1,1
MZ0001,0,grain_fw,avg,ton/ha,9/1/2019,2019,9,29,1,1
MZ0001,0,grain_fw,avg,ton/ha,17/01/2019,2019,17,37,1,1
MZ0001,0,grain_fw,avg,ton/ha,23/01/2019,2019,23,43,1,1
MZ0001,0,grain_fw,avg,ton/ha,31/01/2019,2019,31,51,1,1
MZ0001,0,grain_fw,avg,ton/ha,7/2/2019,2019,38,58,1,1
MZ0001,4.825222222,grain_fw,avg,ton/ha,14/02/2019,2019,45,65,1,1
MZ0001,15,grain_fw,avg,ton/ha,1/3/2019,2019,60,80,1,1
MZ0001,15.53055556,grain_fw,avg,ton/ha,8/3/2019,2019,67,87,1,1
MZ0001,22.53388889,grain_fw,avg,ton/ha,14/03/2019,2019,73,93,1,1
MZ0001,14.72222222,grain_fw,avg,ton/ha,22/03/2019,2019,81,101,1,1
MZ0001,0.235555556,leaf_dw,avg,ton/ha,19/12/2018,2018,353,8,1,1
MZ0001,0.676,leaf_dw,avg,ton/ha,26/12/2018,2018,360,15,1,1
MZ0001,1.219111111,leaf_dw,avg,ton/ha,2/1/2019,2019,2,22,1,1
MZ0001,7.536111111,leaf_dw,avg,ton/ha,9/1/2019,2019,9,29,1,1
MZ0001,2.641444444,leaf_dw,avg,ton/ha,17/01/2019,2019,17,37,1,1
MZ0001,4.199,leaf_dw,avg,ton/ha,23/01/2019,2019,23,43,1,1
MZ0001,2.896777778,leaf_dw,avg,ton/ha,31/01/2019,2019,31,51,1,1
MZ0001,2.866222222,leaf_dw,avg,ton/ha,7/2/2019,2019,38,58,1,1
MZ0001,3.370666667,leaf_dw,avg,ton/ha,14/02/2019,2019,45,65,1,1
MZ0001,4.769444444,leaf_dw,avg,ton/ha,21/02/2019,2019,52,72,1,1
MZ0001,4.003888889,leaf_dw,avg,ton/ha,1/3/2019,2019,60,80,1,1
MZ0001,3.326111111,leaf_dw,avg,ton/ha,8/3/2019,2019,67,87,1,1
MZ0001,4.239555556,leaf_dw,avg,ton/ha,14/03/2019,2019,73,93,1,1
MZ0001,2.5,leaf_dw,avg,ton/ha,22/03/2019,2019,81,101,1,1
MZ0001,0.110444444,stalk_dw,avg,ton/ha,19/12/2018,2018,353,8,1,1
MZ0001,0.543777778,stalk_dw,avg,ton/ha,26/12/2018,2018,360,15,1,1
MZ0001,1.618888889,stalk_dw,avg,ton/ha,2/1/2019,2019,2,22,1,1
MZ0001,7.387222222,stalk_dw,avg,ton/ha,9/1/2019,2019,9,29,1,1
MZ0001,3.877,stalk_dw,avg,ton/ha,17/01/2019,2019,17,37,1,1
MZ0001,5.774,stalk_dw,avg,ton/ha,23/01/2019,2019,23,43,1,1
MZ0001,6.266666667,stalk_dw,avg,ton/ha,31/01/2019,2019,31,51,1,1
MZ0001,5.183333333,stalk_dw,avg,ton/ha,7/2/2019,2019,38,58,1,1
MZ0001,6.659444444,stalk_dw,avg,ton/ha,14/02/2019,2019,45,65,1,1
MZ0001,6.917555556,stalk_dw,avg,ton/ha,21/02/2019,2019,52,72,1,1
MZ0001,6.779,stalk_dw,avg,ton/ha,1/3/2019,2019,60,80,1,1
MZ0001,5.43,stalk_dw,avg,ton/ha,8/3/2019,2019,67,87,1,1
MZ0001,5.823888889,stalk_dw,avg,ton/ha,14/03/2019,2019,73,93,1,1
MZ0001,0,cob_dw,avg,ton/ha,19/12/2018,2018,353,8,1,1
MZ0001,0,cob_dw,avg,ton/ha,26/12/2018,2018,360,15,1,1
MZ0001,0,cob_dw,avg,ton/ha,2/1/2019,2019,2,22,1,1
MZ0001,0,cob_dw,avg,ton/ha,9/1/2019,2019,9,29,1,1
MZ0001,0,cob_dw,avg,ton/ha,17/01/2019,2019,17,37,1,1
MZ0001,0.157333333,cob_dw,avg,ton/ha,23/01/2019,2019,23,43,1,1
MZ0001,4.542111111,cob_dw,avg,ton/ha,31/01/2019,2019,31,51,1,1
MZ0001,6.022,cob_dw,avg,ton/ha,7/2/2019,2019,38,58,1,1
MZ0001,5.021666667,cob_dw,avg,ton/ha,14/02/2019,2019,45,65,1,1
MZ0001,4.973666667,cob_dw,avg,ton/ha,21/02/2019,2019,52,72,1,1
MZ0001,4.959333333,cob_dw,avg,ton/ha,1/3/2019,2019,60,80,1,1
MZ0001,4.395333333,cob_dw,avg,ton/ha,8/3/2019,2019,67,87,1,1
MZ0001,4.516666667,cob_dw,avg,ton/ha,14/03/2019,2019,73,93,1,1
MZ0001,0,grain_dw,avg,ton/ha,19/12/2018,2018,353,8,1,1
MZ0001,0,grain_dw,avg,ton/ha,26/12/2018,2018,360,15,1,1
MZ0001,0,grain_dw,avg,ton/ha,2/1/2019,2019,2,22,1,1
MZ0001,0,grain_dw,avg,ton/ha,9/1/2019,2019,9,29,1,1
MZ0001,0,grain_dw,avg,ton/ha,17/01/2019,2019,17,37,1,1
MZ0001,0,grain_dw,avg,ton/ha,23/01/2019,2019,23,43,1,1
MZ0001,0,grain_dw,avg,ton/ha,31/01/2019,2019,31,51,1,1
MZ0001,0,grain_dw,avg,ton/ha,7/2/2019,2019,38,58,1,1
MZ0001,1.561333333,grain_dw,avg,ton/ha,14/02/2019,2019,45,65,1,1
MZ0001,5.083111111,grain_dw,avg,ton/ha,21/02/2019,2019,52,72,1,1
MZ0001,8.467,grain_dw,avg,ton/ha,1/3/2019,2019,60,80,1,1
MZ0001,9.045,grain_dw,avg,ton/ha,8/3/2019,2019,67,87,1,1
MZ0001,14.45922222,grain_dw,avg,ton/ha,14/03/2019,2019,73,93,1,1
MZ0001,2.765777778,leaf_fw,avg,ton/ha,19/12/2018,2018,353,8,2,1
MZ0001,4.690555556,leaf_fw,avg,ton/ha,26/12/2018,2018,360,15,2,1
MZ0001,6.428,leaf_fw,avg,ton/ha,2/1/2019,2019,2,22,2,1
MZ0001,11.83888889,leaf_fw,avg,ton/ha,9/1/2019,2019,9,29,2,1
MZ0001,19.29022222,leaf_fw,avg,ton/ha,17/01/2019,2019,17,37,2,1
MZ0001,16.53122222,leaf_fw,avg,ton/ha,23/01/2019,2019,23,43,2,1
MZ0001,13.98777778,leaf_fw,avg,ton/ha,31/01/2019,2019,31,51,2,1
MZ0001,19.80411111,leaf_fw,avg,ton/ha,7/2/2019,2019,38,58,2,1
MZ0001,10.61111111,leaf_fw,avg,ton/ha,14/02/2019,2019,45,65,2,1
MZ0001,13.38888889,leaf_fw,avg,ton/ha,1/3/2019,2019,60,80,2,1
MZ0001,15,leaf_fw,avg,ton/ha,8/3/2019,2019,67,87,2,1
MZ0001,13.05555556,leaf_fw,avg,ton/ha,14/03/2019,2019,73,93,2,1
MZ0001,4.722222222,leaf_fw,avg,ton/ha,22/03/2019,2019,81,101,2,1
MZ0001,2.335888889,stalk_fw,avg,ton/ha,19/12/2018,2018,353,8,2,1
MZ0001,6.414111111,stalk_fw,avg,ton/ha,26/12/2018,2018,360,15,2,1
MZ0001,13.32833333,stalk_fw,avg,ton/ha,2/1/2019,2019,2,22,2,1
MZ0001,26.19544444,stalk_fw,avg,ton/ha,9/1/2019,2019,9,29,2,1
MZ0001,34.349,stalk_fw,avg,ton/ha,17/01/2019,2019,17,37,2,1
MZ0001,32.83255556,stalk_fw,avg,ton/ha,23/01/2019,2019,23,43,2,1
MZ0001,31.86555556,stalk_fw,avg,ton/ha,31/01/2019,2019,31,51,2,1
MZ0001,34.07611111,stalk_fw,avg,ton/ha,7/2/2019,2019,38,58,2,1
MZ0001,20.27777778,stalk_fw,avg,ton/ha,14/02/2019,2019,45,65,2,1
MZ0001,26.27777778,stalk_fw,avg,ton/ha,1/3/2019,2019,60,80,2,1
MZ0001,24.22222222,stalk_fw,avg,ton/ha,8/3/2019,2019,67,87,2,1
MZ0001,24.5,stalk_fw,avg,ton/ha,14/03/2019,2019,73,93,2,1
MZ0001,16.94444444,stalk_fw,avg,ton/ha,22/03/2019,2019,81,101,2,1
MZ0001,0,cob_fw,avg,ton/ha,19/12/2018,2018,353,8,2,1
MZ0001,0,cob_fw,avg,ton/ha,26/12/2018,2018,360,15,2,1
MZ0001,0,cob_fw,avg,ton/ha,2/1/2019,2019,2,22,2,1
MZ0001,0,cob_fw,avg,ton/ha,9/1/2019,2019,9,29,2,1
MZ0001,0,cob_fw,avg,ton/ha,17/01/2019,2019,17,37,2,1
MZ0001,1.419333333,cob_fw,avg,ton/ha,23/01/2019,2019,23,43,2,1
MZ0001,17.14633333,cob_fw,avg,ton/ha,31/01/2019,2019,31,51,2,1
MZ0001,30.49211111,cob_fw,avg,ton/ha,7/2/2019,2019,38,58,2,1
MZ0001,15.94444444,cob_fw,avg,ton/ha,14/02/2019,2019,45,65,2,1
MZ0001,16.72222222,cob_fw,avg,ton/ha,1/3/2019,2019,60,80,2,1
MZ0001,8.833333333,cob_fw,avg,ton/ha,8/3/2019,2019,67,87,2,1
MZ0001,29.16666667,cob_fw,avg,ton/ha,14/03/2019,2019,73,93,2,1
MZ0001,6.111111111,cob_fw,avg,ton/ha,22/03/2019,2019,81,101,2,1
MZ0001,0,cob_n,msr,n_m,19/12/2018,2018,353,8,2,1
MZ0001,0,cob_n,msr,n_m,26/12/2018,2018,360,15,2,1
MZ0001,0,cob_n,msr,n_m,2/1/2019,2019,2,22,2,1
MZ0001,0,cob_n,msr,n_m,9/1/2019,2019,9,29,2,1
MZ0001,0,cob_n,msr,n_m,17/01/2019,2019,17,37,2,1
MZ0001,3,cob_n,msr,n_m,23/01/2019,2019,23,43,2,1
MZ0001,14,cob_n,msr,n_m,31/01/2019,2019,31,51,2,1
MZ0001,16,cob_n,msr,n_m,7/2/2019,2019,38,58,2,1
MZ0001,13,cob_n,msr,n_m,14/02/2019,2019,45,65,2,1
MZ0001,12,cob_n,msr,n_m,1/3/2019,2019,60,80,2,1
MZ0001,9,cob_n,msr,n_m,8/3/2019,2019,67,87,2,1
MZ0001,13,cob_n,msr,n_m,14/03/2019,2019,73,93,2,1
MZ0001,9,cob_n,msr,n_m,22/03/2019,2019,81,101,2,1
MZ0001,0,grain_fw,avg,ton/ha,19/12/2018,2018,353,8,2,1
MZ0001,0,grain_fw,avg,ton/ha,26/12/2018,2018,360,15,2,1
MZ0001,0,grain_fw,avg,ton/ha,2/1/2019,2019,2,22,2,1
MZ0001,0,grain_fw,avg,ton/ha,9/1/2019,2019,9,29,2,1
MZ0001,0,grain_fw,avg,ton/ha,17/01/2019,2019,17,37,2,1
MZ0001,0,grain_fw,avg,ton/ha,23/01/2019,2019,23,43,2,1
MZ0001,0,grain_fw,avg,ton/ha,31/01/2019,2019,31,51,2,1
MZ0001,0,grain_fw,avg,ton/ha,7/2/2019,2019,38,58,2,1
MZ0001,4.076666667,grain_fw,avg,ton/ha,14/02/2019,2019,45,65,2,1
MZ0001,13.72222222,grain_fw,avg,ton/ha,1/3/2019,2019,60,80,2,1
MZ0001,15.294,grain_fw,avg,ton/ha,8/3/2019,2019,67,87,2,1
MZ0001,17.22222222,grain_fw,avg,ton/ha,14/03/2019,2019,73,93,2,1
MZ0001,14.55555556,grain_fw,avg,ton/ha,22/03/2019,2019,81,101,2,1
MZ0001,0.373777778,leaf_dw,avg,ton/ha,19/12/2018,2018,353,8,2,1
MZ0001,0.735888889,leaf_dw,avg,ton/ha,26/12/2018,2018,360,15,2,1
MZ0001,1.126444444,leaf_dw,avg,ton/ha,2/1/2019,2019,2,22,2,1
MZ0001,6.938777778,leaf_dw,avg,ton/ha,9/1/2019,2019,9,29,2,1
MZ0001,3.364333333,leaf_dw,avg,ton/ha,17/01/2019,2019,17,37,2,1
MZ0001,3.917333333,leaf_dw,avg,ton/ha,23/01/2019,2019,23,43,2,1
MZ0001,4.232444444,leaf_dw,avg,ton/ha,31/01/2019,2019,31,51,2,1
MZ0001,3.545,leaf_dw,avg,ton/ha,7/2/2019,2019,38,58,2,1
MZ0001,2.447666667,leaf_dw,avg,ton/ha,14/02/2019,2019,45,65,2,1
MZ0001,3.349222222,leaf_dw,avg,ton/ha,21/02/2019,2019,52,72,2,1
MZ0001,3.295,leaf_dw,avg,ton/ha,1/3/2019,2019,60,80,2,1
MZ0001,4.070222222,leaf_dw,avg,ton/ha,8/3/2019,2019,67,87,2,1
MZ0001,4.092333333,leaf_dw,avg,ton/ha,14/03/2019,2019,73,93,2,1
MZ0001,0.175555556,stalk_dw,avg,ton/ha,19/12/2018,2018,353,8,2,1
MZ0001,0.805111111,stalk_dw,avg,ton/ha,26/12/2018,2018,360,15,2,1
MZ0001,1.465666667,stalk_dw,avg,ton/ha,2/1/2019,2019,2,22,2,1
MZ0001,7.047444444,stalk_dw,avg,ton/ha,9/1/2019,2019,9,29,2,1
MZ0001,4.483666667,stalk_dw,avg,ton/ha,17/01/2019,2019,17,37,2,1
MZ0001,5.88,stalk_dw,avg,ton/ha,23/01/2019,2019,23,43,2,1
MZ0001,7.417666667,stalk_dw,avg,ton/ha,31/01/2019,2019,31,51,2,1
MZ0001,6.230666667,stalk_dw,avg,ton/ha,7/2/2019,2019,38,58,2,1
MZ0001,4.237333333,stalk_dw,avg,ton/ha,14/02/2019,2019,45,65,2,1
MZ0001,3.778444444,stalk_dw,avg,ton/ha,21/02/2019,2019,52,72,2,1
MZ0001,6.358222222,stalk_dw,avg,ton/ha,1/3/2019,2019,60,80,2,1
MZ0001,5.560555556,stalk_dw,avg,ton/ha,8/3/2019,2019,67,87,2,1
MZ0001,6.193555556,stalk_dw,avg,ton/ha,14/03/2019,2019,73,93,2,1
MZ0001,5.277777778,stalk_dw,avg,ton/ha,22/03/2019,2019,81,101,2,1
MZ0001,0,cob_dw,avg,ton/ha,19/12/2018,2018,353,8,2,1
MZ0001,0,cob_dw,avg,ton/ha,26/12/2018,2018,360,15,2,1
MZ0001,0,cob_dw,avg,ton/ha,2/1/2019,2019,2,22,2,1
MZ0001,0,cob_dw,avg,ton/ha,9/1/2019,2019,9,29,2,1
MZ0001,0,cob_dw,avg,ton/ha,17/01/2019,2019,17,37,2,1
MZ0001,0.205333333,cob_dw,avg,ton/ha,23/01/2019,2019,23,43,2,1
MZ0001,5.260111111,cob_dw,avg,ton/ha,31/01/2019,2019,31,51,2,1
MZ0001,4.854222222,cob_dw,avg,ton/ha,7/2/2019,2019,38,58,2,1
MZ0001,3.218777778,cob_dw,avg,ton/ha,14/02/2019,2019,45,65,2,1
MZ0001,2.019777778,cob_dw,avg,ton/ha,21/02/2019,2019,52,72,2,1
MZ0001,5.185222222,cob_dw,avg,ton/ha,1/3/2019,2019,60,80,2,1
MZ0001,3.585,cob_dw,avg,ton/ha,8/3/2019,2019,67,87,2,1
MZ0001,0,grain_dw,avg,ton/ha,19/12/2018,2018,353,8,2,1
MZ0001,0,grain_dw,avg,ton/ha,26/12/2018,2018,360,15,2,1
MZ0001,0,grain_dw,avg,ton/ha,2/1/2019,2019,2,22,2,1
MZ0001,0,grain_dw,avg,ton/ha,9/1/2019,2019,9,29,2,1
MZ0001,0,grain_dw,avg,ton/ha,17/01/2019,2019,17,37,2,1
MZ0001,0,grain_dw,avg,ton/ha,23/01/2019,2019,23,43,2,1
MZ0001,0,grain_dw,avg,ton/ha,31/01/2019,2019,31,51,2,1
MZ0001,0,grain_dw,avg,ton/ha,7/2/2019,2019,38,58,2,1
MZ0001,0.956777778,grain_dw,avg,ton/ha,14/02/2019,2019,45,65,2,1
MZ0001,1.646111111,grain_dw,avg,ton/ha,21/02/2019,2019,52,72,2,1
MZ0001,7.419777778,grain_dw,avg,ton/ha,1/3/2019,2019,60,80,2,1
MZ0001,9.358888889,grain_dw,avg,ton/ha,8/3/2019,2019,67,87,2,1
MZ0001,11.04611111,grain_dw,avg,ton/ha,14/03/2019,2019,73,93,2,1
MZ0001,2.386666667,leaf_fw,avg,ton/ha,19/12/2018,2018,353,8,3,1
MZ0001,5.803222222,leaf_fw,avg,ton/ha,26/12/2018,2018,360,15,3,1
MZ0001,4.148333333,leaf_fw,avg,ton/ha,2/1/2019,2019,2,22,3,1
MZ0001,15.11877778,leaf_fw,avg,ton/ha,9/1/2019,2019,9,29,3,1
MZ0001,18.48011111,leaf_fw,avg,ton/ha,17/01/2019,2019,17,37,3,1
MZ0001,12.83255556,leaf_fw,avg,ton/ha,23/01/2019,2019,23,43,3,1
MZ0001,10.955,leaf_fw,avg,ton/ha,31/01/2019,2019,31,51,3,1
MZ0001,22.878,leaf_fw,avg,ton/ha,7/2/2019,2019,38,58,3,1
MZ0001,15.38888889,leaf_fw,avg,ton/ha,14/02/2019,2019,45,65,3,1
MZ0001,16.66666667,leaf_fw,avg,ton/ha,1/3/2019,2019,60,80,3,1
MZ0001,16.72222222,leaf_fw,avg,ton/ha,8/3/2019,2019,67,87,3,1
MZ0001,8.5,leaf_fw,avg,ton/ha,14/03/2019,2019,73,93,3,1
MZ0001,4.666666667,leaf_fw,avg,ton/ha,22/03/2019,2019,81,101,3,1
MZ0001,1.930555556,stalk_fw,avg,ton/ha,19/12/2018,2018,353,8,3,1
MZ0001,8.265,stalk_fw,avg,ton/ha,26/12/2018,2018,360,15,3,1
MZ0001,11.90033333,stalk_fw,avg,ton/ha,2/1/2019,2019,2,22,3,1
MZ0001,34.69833333,stalk_fw,avg,ton/ha,9/1/2019,2019,9,29,3,1
MZ0001,38.17211111,stalk_fw,avg,ton/ha,17/01/2019,2019,17,37,3,1
MZ0001,25.25233333,stalk_fw,avg,ton/ha,23/01/2019,2019,23,43,3,1
MZ0001,23.15911111,stalk_fw,avg,ton/ha,31/01/2019,2019,31,51,3,1
MZ0001,36.46533333,stalk_fw,avg,ton/ha,7/2/2019,2019,38,58,3,1
MZ0001,31.66666667,stalk_fw,avg,ton/ha,14/02/2019,2019,45,65,3,1
MZ0001,28.44444444,stalk_fw,avg,ton/ha,1/3/2019,2019,60,80,3,1
MZ0001,26.5,stalk_fw,avg,ton/ha,8/3/2019,2019,67,87,3,1
MZ0001,20.05555556,stalk_fw,avg,ton/ha,14/03/2019,2019,73,93,3,1
MZ0001,18.16666667,stalk_fw,avg,ton/ha,22/03/2019,2019,81,101,3,1
MZ0001,0,cob_fw,avg,ton/ha,19/12/2018,2018,353,8,3,1
MZ0001,0,cob_fw,avg,ton/ha,26/12/2018,2018,360,15,3,1
MZ0001,0,cob_fw,avg,ton/ha,2/1/2019,2019,2,22,3,1
MZ0001,0,cob_fw,avg,ton/ha,9/1/2019,2019,9,29,3,1
MZ0001,0,cob_fw,avg,ton/ha,17/01/2019,2019,17,37,3,1
MZ0001,3.260777778,cob_fw,avg,ton/ha,23/01/2019,2019,23,43,3,1
MZ0001,13.66922222,cob_fw,avg,ton/ha,31/01/2019,2019,31,51,3,1
MZ0001,35.73322222,cob_fw,avg,ton/ha,7/2/2019,2019,38,58,3,1
MZ0001,19.22222222,cob_fw,avg,ton/ha,14/02/2019,2019,45,65,3,1
MZ0001,15.05555556,cob_fw,avg,ton/ha,1/3/2019,2019,60,80,3,1
MZ0001,12.77777778,cob_fw,avg,ton/ha,8/3/2019,2019,67,87,3,1
MZ0001,12.55555556,cob_fw,avg,ton/ha,14/03/2019,2019,73,93,3,1
MZ0001,5.111111111,cob_fw,avg,ton/ha,22/03/2019,2019,81,101,3,1
MZ0001,0,cob_n,msr,n_m,19/12/2018,2018,353,8,3,1
MZ0001,0,cob_n,msr,n_m,26/12/2018,2018,360,15,3,1
MZ0001,0,cob_n,msr,n_m,2/1/2019,2019,2,22,3,1
MZ0001,0,cob_n,msr,n_m,9/1/2019,2019,9,29,3,1
MZ0001,0,cob_n,msr,n_m,17/01/2019,2019,17,37,3,1
MZ0001,9,cob_n,msr,n_m,23/01/2019,2019,23,43,3,1
MZ0001,13,cob_n,msr,n_m,31/01/2019,2019,31,51,3,1
MZ0001,17,cob_n,msr,n_m,7/2/2019,2019,38,58,3,1
MZ0001,13,cob_n,msr,n_m,14/02/2019,2019,45,65,3,1
MZ0001,12,cob_n,msr,n_m,1/3/2019,2019,60,80,3,1
MZ0001,9,cob_n,msr,n_m,8/3/2019,2019,67,87,3,1
MZ0001,12,cob_n,msr,n_m,14/03/2019,2019,73,93,3,1
MZ0001,9,cob_n,msr,n_m,22/03/2019,2019,81,101,3,1
MZ0001,0,grain_fw,avg,ton/ha,19/12/2018,2018,353,8,3,1
MZ0001,0,grain_fw,avg,ton/ha,26/12/2018,2018,360,15,3,1
MZ0001,0,grain_fw,avg,ton/ha,2/1/2019,2019,2,22,3,1
MZ0001,0,grain_fw,avg,ton/ha,9/1/2019,2019,9,29,3,1
MZ0001,0,grain_fw,avg,ton/ha,17/01/2019,2019,17,37,3,1
MZ0001,0,grain_fw,avg,ton/ha,23/01/2019,2019,23,43,3,1
MZ0001,0,grain_fw,avg,ton/ha,31/01/2019,2019,31,51,3,1
MZ0001,0,grain_fw,avg,ton/ha,7/2/2019,2019,38,58,3,1
MZ0001,7.287666667,grain_fw,avg,ton/ha,14/02/2019,2019,45,65,3,1
MZ0001,14.83333333,grain_fw,avg,ton/ha,1/3/2019,2019,60,80,3,1
MZ0001,16.12688889,grain_fw,avg,ton/ha,8/3/2019,2019,67,87,3,1
MZ0001,12.58155556,grain_fw,avg,ton/ha,14/03/2019,2019,73,93,3,1
MZ0001,14.11111111,grain_fw,avg,ton/ha,22/03/2019,2019,81,101,3,1
MZ0001,0.329444444,leaf_dw,avg,ton/ha,19/12/2018,2018,353,8,3,1
MZ0001,0.983555556,leaf_dw,avg,ton/ha,26/12/2018,2018,360,15,3,1
MZ0001,0.559888889,leaf_dw,avg,ton/ha,2/1/2019,2019,2,22,3,1
MZ0001,7.575888889,leaf_dw,avg,ton/ha,9/1/2019,2019,9,29,3,1
MZ0001,3.562444444,leaf_dw,avg,ton/ha,17/01/2019,2019,17,37,3,1
MZ0001,2.720222222,leaf_dw,avg,ton/ha,23/01/2019,2019,23,43,3,1
MZ0001,3.078111111,leaf_dw,avg,ton/ha,31/01/2019,2019,31,51,3,1
MZ0001,4.704111111,leaf_dw,avg,ton/ha,7/2/2019,2019,38,58,3,1
MZ0001,3.311444444,leaf_dw,avg,ton/ha,14/02/2019,2019,45,65,3,1
MZ0001,3.354,leaf_dw,avg,ton/ha,21/02/2019,2019,52,72,3,1
MZ0001,3.99,leaf_dw,avg,ton/ha,1/3/2019,2019,60,80,3,1
MZ0001,3.916888889,leaf_dw,avg,ton/ha,8/3/2019,2019,67,87,3,1
MZ0001,2.625666667,leaf_dw,avg,ton/ha,14/03/2019,2019,73,93,3,1
MZ0001,2,leaf_dw,avg,ton/ha,22/03/2019,2019,81,101,3,1
MZ0001,0.147222222,stalk_dw,avg,ton/ha,19/12/2018,2018,353,8,3,1
MZ0001,1.443888889,stalk_dw,avg,ton/ha,26/12/2018,2018,360,15,3,1
MZ0001,1.313333333,stalk_dw,avg,ton/ha,2/1/2019,2019,2,22,3,1
MZ0001,7.735111111,stalk_dw,avg,ton/ha,9/1/2019,2019,9,29,3,1
MZ0001,4.811222222,stalk_dw,avg,ton/ha,17/01/2019,2019,17,37,3,1
MZ0001,3.780111111,stalk_dw,avg,ton/ha,23/01/2019,2019,23,43,3,1
MZ0001,5.173777778,stalk_dw,avg,ton/ha,31/01/2019,2019,31,51,3,1
MZ0001,7.700111111,stalk_dw,avg,ton/ha,7/2/2019,2019,38,58,3,1
MZ0001,6.385444444,stalk_dw,avg,ton/ha,14/02/2019,2019,45,65,3,1
MZ0001,5.013333333,stalk_dw,avg,ton/ha,21/02/2019,2019,52,72,3,1
MZ0001,6.329333333,stalk_dw,avg,ton/ha,1/3/2019,2019,60,80,3,1
MZ0001,5.789555556,stalk_dw,avg,ton/ha,8/3/2019,2019,67,87,3,1
MZ0001,5.25,stalk_dw,avg,ton/ha,14/03/2019,2019,73,93,3,1
MZ0001,5.111111111,stalk_dw,avg,ton/ha,22/03/2019,2019,81,101,3,1
MZ0001,0,cob_dw,avg,ton/ha,19/12/2018,2018,353,8,3,1
MZ0001,0,cob_dw,avg,ton/ha,26/12/2018,2018,360,15,3,1
MZ0001,0,cob_dw,avg,ton/ha,2/1/2019,2019,2,22,3,1
MZ0001,0,cob_dw,avg,ton/ha,9/1/2019,2019,9,29,3,1
MZ0001,0,cob_dw,avg,ton/ha,17/01/2019,2019,17,37,3,1
MZ0001,0.435333333,cob_dw,avg,ton/ha,23/01/2019,2019,23,43,3,1
MZ0001,2.887555556,cob_dw,avg,ton/ha,31/01/2019,2019,31,51,3,1
MZ0001,7.026111111,cob_dw,avg,ton/ha,7/2/2019,2019,38,58,3,1
MZ0001,4.656666667,cob_dw,avg,ton/ha,14/02/2019,2019,45,65,3,1
MZ0001,2.936111111,cob_dw,avg,ton/ha,21/02/2019,2019,52,72,3,1
MZ0001,4.996666667,cob_dw,avg,ton/ha,1/3/2019,2019,60,80,3,1
MZ0001,4.707777778,cob_dw,avg,ton/ha,8/3/2019,2019,67,87,3,1
MZ0001,4.065222222,cob_dw,avg,ton/ha,14/03/2019,2019,73,93,3,1
MZ0001,2.5,cob_dw,avg,ton/ha,22/03/2019,2019,81,101,3,1
MZ0001,0,grain_dw,avg,ton/ha,19/12/2018,2018,353,8,3,1
MZ0001,0,grain_dw,avg,ton/ha,26/12/2018,2018,360,15,3,1
MZ0001,0,grain_dw,avg,ton/ha,2/1/2019,2019,2,22,3,1
MZ0001,0,grain_dw,avg,ton/ha,9/1/2019,2019,9,29,3,1
MZ0001,0,grain_dw,avg,ton/ha,17/01/2019,2019,17,37,3,1
MZ0001,0,grain_dw,avg,ton/ha,23/01/2019,2019,23,43,3,1
MZ0001,0,grain_dw,avg,ton/ha,31/01/2019,2019,31,51,3,1
MZ0001,0,grain_dw,avg,ton/ha,7/2/2019,2019,38,58,3,1
MZ0001,2.644444444,grain_dw,avg,ton/ha,14/02/2019,2019,45,65,3,1
MZ0001,2.903,grain_dw,avg,ton/ha,21/02/2019,2019,52,72,3,1
MZ0001,8.055111111,grain_dw,avg,ton/ha,1/3/2019,2019,60,80,3,1
MZ0001,10.00111111,grain_dw,avg,ton/ha,8/3/2019,2019,67,87,3,1
MZ0001,8.021666667,grain_dw,avg,ton/ha,14/03/2019,2019,73,93,3,1
MZ0001,10.27777778,grain_dw,avg,ton/ha,22/03/2019,2019,81,101,3,1
MZ0001,2.173444444,leaf_fw,avg,ton/ha,19/12/2018,2018,353,8,4,1
MZ0001,5.438555556,leaf_fw,avg,ton/ha,26/12/2018,2018,360,15,4,1
MZ0001,6.074888889,leaf_fw,avg,ton/ha,2/1/2019,2019,2,22,4,1
MZ0001,8.190888889,leaf_fw,avg,ton/ha,9/1/2019,2019,9,29,4,1
MZ0001,13.35,leaf_fw,avg,ton/ha,17/01/2019,2019,17,37,4,1
MZ0001,12.01244444,leaf_fw,avg,ton/ha,23/01/2019,2019,23,43,4,1
MZ0001,12.47333333,leaf_fw,avg,ton/ha,31/01/2019,2019,31,51,4,1
MZ0001,20.49944444,leaf_fw,avg,ton/ha,7/2/2019,2019,38,58,4,1
MZ0001,15.83333333,leaf_fw,avg,ton/ha,14/02/2019,2019,45,65,4,1
MZ0001,12.77777778,leaf_fw,avg,ton/ha,1/3/2019,2019,60,80,4,1
MZ0001,14.5,leaf_fw,avg,ton/ha,8/3/2019,2019,67,87,4,1
MZ0001,12.83333333,leaf_fw,avg,ton/ha,14/03/2019,2019,73,93,4,1
MZ0001,4.888888889,leaf_fw,avg,ton/ha,22/03/2019,2019,81,101,4,1
MZ0001,1.821222222,stalk_fw,avg,ton/ha,19/12/2018,2018,353,8,4,1
MZ0001,7.316555556,stalk_fw,avg,ton/ha,26/12/2018,2018,360,15,4,1
MZ0001,13.23111111,stalk_fw,avg,ton/ha,2/1/2019,2019,2,22,4,1
MZ0001,17.42977778,stalk_fw,avg,ton/ha,9/1/2019,2019,9,29,4,1
MZ0001,35.133,stalk_fw,avg,ton/ha,17/01/2019,2019,17,37,4,1
MZ0001,25.14966667,stalk_fw,avg,ton/ha,23/01/2019,2019,23,43,4,1
MZ0001,32.39255556,stalk_fw,avg,ton/ha,31/01/2019,2019,31,51,4,1
MZ0001,32.07377778,stalk_fw,avg,ton/ha,7/2/2019,2019,38,58,4,1
MZ0001,27.72222222,stalk_fw,avg,ton/ha,14/02/2019,2019,45,65,4,1
MZ0001,30.94444444,stalk_fw,avg,ton/ha,1/3/2019,2019,60,80,4,1
MZ0001,24.94444444,stalk_fw,avg,ton/ha,8/3/2019,2019,67,87,4,1
MZ0001,27.11111111,stalk_fw,avg,ton/ha,14/03/2019,2019,73,93,4,1
MZ0001,16.55555556,stalk_fw,avg,ton/ha,22/03/2019,2019,81,101,4,1
MZ0001,0,cob_fw,avg,ton/ha,19/12/2018,2018,353,8,4,1
MZ0001,0,cob_fw,avg,ton/ha,26/12/2018,2018,360,15,4,1
MZ0001,0,cob_fw,avg,ton/ha,2/1/2019,2019,2,22,4,1
MZ0001,0,cob_fw,avg,ton/ha,9/1/2019,2019,9,29,4,1
MZ0001,0,cob_fw,avg,ton/ha,17/01/2019,2019,17,37,4,1
MZ0001,1.236666667,cob_fw,avg,ton/ha,23/01/2019,2019,23,43,4,1
MZ0001,17.32944444,cob_fw,avg,ton/ha,31/01/2019,2019,31,51,4,1
MZ0001,23.74277778,cob_fw,avg,ton/ha,7/2/2019,2019,38,58,4,1
MZ0001,19.61111111,cob_fw,avg,ton/ha,14/02/2019,2019,45,65,4,1
MZ0001,11.5,cob_fw,avg,ton/ha,1/3/2019,2019,60,80,4,1
MZ0001,10.72222222,cob_fw,avg,ton/ha,8/3/2019,2019,67,87,4,1
MZ0001,8,cob_fw,avg,ton/ha,14/03/2019,2019,73,93,4,1
MZ0001,5.555555556,cob_fw,avg,ton/ha,22/03/2019,2019,81,101,4,1
MZ0001,0,cob_n,msr,n_m,19/12/2018,2018,353,8,4,1
MZ0001,0,cob_n,msr,n_m,26/12/2018,2018,360,15,4,1
MZ0001,0,cob_n,msr,n_m,2/1/2019,2019,2,22,4,1
MZ0001,0,cob_n,msr,n_m,9/1/2019,2019,9,29,4,1
MZ0001,0,cob_n,msr,n_m,17/01/2019,2019,17,37,4,1
MZ0001,4,cob_n,msr,n_m,23/01/2019,2019,23,43,4,1
MZ0001,13,cob_n,msr,n_m,31/01/2019,2019,31,51,4,1
MZ0001,11,cob_n,msr,n_m,7/2/2019,2019,38,58,4,1
MZ0001,14,cob_n,msr,n_m,14/02/2019,2019,45,65,4,1
MZ0001,8,cob_n,msr,n_m,1/3/2019,2019,60,80,4,1
MZ0001,7,cob_n,msr,n_m,8/3/2019,2019,67,87,4,1
MZ0001,8,cob_n,msr,n_m,14/03/2019,2019,73,93,4,1
MZ0001,6,cob_n,msr,n_m,22/03/2019,2019,81,101,4,1
MZ0001,0,grain_fw,avg,ton/ha,19/12/2018,2018,353,8,4,1
MZ0001,0,grain_fw,avg,ton/ha,26/12/2018,2018,360,15,4,1
MZ0001,0,grain_fw,avg,ton/ha,2/1/2019,2019,2,22,4,1
MZ0001,0,grain_fw,avg,ton/ha,9/1/2019,2019,9,29,4,1
MZ0001,0,grain_fw,avg,ton/ha,17/01/2019,2019,17,37,4,1
MZ0001,0,grain_fw,avg,ton/ha,23/01/2019,2019,23,43,4,1
MZ0001,0,grain_fw,avg,ton/ha,31/01/2019,2019,31,51,4,1
MZ0001,0,grain_fw,avg,ton/ha,7/2/2019,2019,38,58,4,1
MZ0001,7.179222222,grain_fw,avg,ton/ha,14/02/2019,2019,45,65,4,1
MZ0001,0,grain_fw,avg,ton/ha,21/02/2019,2019,52,72,4,1
MZ0001,16.22222222,grain_fw,avg,ton/ha,1/3/2019,2019,60,80,4,1
MZ0001,13.74288889,grain_fw,avg,ton/ha,8/3/2019,2019,67,87,4,1
MZ0001,18.55555556,grain_fw,avg,ton/ha,14/03/2019,2019,73,93,4,1
MZ0001,13.94444444,grain_fw,avg,ton/ha,22/03/2019,2019,81,101,4,1
MZ0001,0.298555556,leaf_dw,avg,ton/ha,19/12/2018,2018,353,8,4,1
MZ0001,0.858333333,leaf_dw,avg,ton/ha,26/12/2018,2018,360,15,4,1
MZ0001,1.060555556,leaf_dw,avg,ton/ha,2/1/2019,2019,2,22,4,1
MZ0001,6.386111111,leaf_dw,avg,ton/ha,9/1/2019,2019,9,29,4,1
MZ0001,2.425555556,leaf_dw,avg,ton/ha,17/01/2019,2019,17,37,4,1
MZ0001,2.625111111,leaf_dw,avg,ton/ha,23/01/2019,2019,23,43,4,1
MZ0001,3.37,leaf_dw,avg,ton/ha,31/01/2019,2019,31,51,4,1
MZ0001,4.018333333,leaf_dw,avg,ton/ha,7/2/2019,2019,38,58,4,1
MZ0001,3.725,leaf_dw,avg,ton/ha,14/02/2019,2019,45,65,4,1
MZ0001,3.392111111,leaf_dw,avg,ton/ha,1/3/2019,2019,60,80,4,1
MZ0001,3.700555556,leaf_dw,avg,ton/ha,8/3/2019,2019,67,87,4,1
MZ0001,3.950888889,leaf_dw,avg,ton/ha,14/03/2019,2019,73,93,4,1
MZ0001,0.135,stalk_dw,avg,ton/ha,19/12/2018,2018,353,8,4,1
MZ0001,0.838444444,stalk_dw,avg,ton/ha,26/12/2018,2018,360,15,4,1
MZ0001,1.449,stalk_dw,avg,ton/ha,2/1/2019,2019,2,22,4,1
MZ0001,6.192666667,stalk_dw,avg,ton/ha,9/1/2019,2019,9,29,4,1
MZ0001,3.902444444,stalk_dw,avg,ton/ha,17/01/2019,2019,17,37,4,1
MZ0001,4.079888889,stalk_dw,avg,ton/ha,23/01/2019,2019,23,43,4,1
MZ0001,7.245222222,stalk_dw,avg,ton/ha,31/01/2019,2019,31,51,4,1
MZ0001,5.782222222,stalk_dw,avg,ton/ha,7/2/2019,2019,38,58,4,1
MZ0001,6.392444444,stalk_dw,avg,ton/ha,14/02/2019,2019,45,65,4,1
MZ0001,6.210222222,stalk_dw,avg,ton/ha,1/3/2019,2019,60,80,4,1
MZ0001,6.060555556,stalk_dw,avg,ton/ha,8/3/2019,2019,67,87,4,1
MZ0001,6.398888889,stalk_dw,avg,ton/ha,14/03/2019,2019,73,93,4,1
MZ0001,4.888888889,stalk_dw,avg,ton/ha,22/03/2019,2019,81,101,4,1
MZ0001,0,cob_dw,avg,ton/ha,19/12/2018,2018,353,8,4,1
MZ0001,0,cob_dw,avg,ton/ha,26/12/2018,2018,360,15,4,1
MZ0001,0,cob_dw,avg,ton/ha,2/1/2019,2019,2,22,4,1
MZ0001,0,cob_dw,avg,ton/ha,9/1/2019,2019,9,29,4,1
MZ0001,0,cob_dw,avg,ton/ha,17/01/2019,2019,17,37,4,1
MZ0001,0.176888889,cob_dw,avg,ton/ha,23/01/2019,2019,23,43,4,1
MZ0001,3.778555556,cob_dw,avg,ton/ha,31/01/2019,2019,31,51,4,1
MZ0001,4.056666667,cob_dw,avg,ton/ha,7/2/2019,2019,38,58,4,1
MZ0001,5.097666667,cob_dw,avg,ton/ha,14/02/2019,2019,45,65,4,1
MZ0001,4.323444444,cob_dw,avg,ton/ha,1/3/2019,2019,60,80,4,1
MZ0001,4.003555556,cob_dw,avg,ton/ha,8/3/2019,2019,67,87,4,1
MZ0001,2.555555556,cob_dw,avg,ton/ha,22/03/2019,2019,81,101,4,1
MZ0001,0,grain_dw,avg,ton/ha,19/12/2018,2018,353,8,4,1
MZ0001,0,grain_dw,avg,ton/ha,26/12/2018,2018,360,15,4,1
MZ0001,0,grain_dw,avg,ton/ha,2/1/2019,2019,2,22,4,1
MZ0001,0,grain_dw,avg,ton/ha,9/1/2019,2019,9,29,4,1
MZ0001,0,grain_dw,avg,ton/ha,17/01/2019,2019,17,37,4,1
MZ0001,0,grain_dw,avg,ton/ha,23/01/2019,2019,23,43,4,1
MZ0001,0,grain_dw,avg,ton/ha,31/01/2019,2019,31,51,4,1
MZ0001,0,grain_dw,avg,ton/ha,7/2/2019,2019,38,58,4,1
MZ0001,2.318666667,grain_dw,avg,ton/ha,14/02/2019,2019,45,65,4,1
MZ0001,6.671555556,grain_dw,avg,ton/ha,1/3/2019,2019,60,80,4,1
MZ0001,8.168333333,grain_dw,avg,ton/ha,8/3/2019,2019,67,87,4,1
MZ0001,9.231555556,grain_dw,avg,ton/ha,14/03/2019,2019,73,93,4,1
MZ0001,9.944444444,grain_dw,avg,ton/ha,22/03/2019,2019,81,101,4,1
MZ0002,2.110444444,leaf_fw,avg,ton/ha,19/12/2018,2018,353,8,1,1
MZ0002,3.444111111,leaf_fw,avg,ton/ha,26/12/2018,2018,360,15,1,1
MZ0002,3.494777778,leaf_fw,avg,ton/ha,2/1/2019,2019,2,22,1,1
MZ0002,14.04944444,leaf_fw,avg,ton/ha,9/1/2019,2019,9,29,1,1
MZ0002,16.937,leaf_fw,avg,ton/ha,17/01/2019,2019,17,37,1,1
MZ0002,15.358,leaf_fw,avg,ton/ha,23/01/2019,2019,23,43,1,1
MZ0002,13.08555556,leaf_fw,avg,ton/ha,31/01/2019,2019,31,51,1,1
MZ0002,15.49144444,leaf_fw,avg,ton/ha,7/2/2019,2019,38,58,1,1
MZ0002,12.05555556,leaf_fw,avg,ton/ha,14/02/2019,2019,45,65,1,1
MZ0002,13.77777778,leaf_fw,avg,ton/ha,1/3/2019,2019,60,80,1,1
MZ0002,13.83333333,leaf_fw,avg,ton/ha,8/3/2019,2019,67,87,1,1
MZ0002,12.5,leaf_fw,avg,ton/ha,14/03/2019,2019,73,93,1,1
MZ0002,6.888888889,leaf_fw,avg,ton/ha,22/03/2019,2019,81,101,1,1
MZ0002,1.613666667,stalk_fw,avg,ton/ha,19/12/2018,2018,353,8,1,1
MZ0002,2.896666667,stalk_fw,avg,ton/ha,26/12/2018,2018,360,15,1,1
MZ0002,8.733666667,stalk_fw,avg,ton/ha,2/1/2019,2019,2,22,1,1
MZ0002,30.89577778,stalk_fw,avg,ton/ha,9/1/2019,2019,9,29,1,1
MZ0002,30.75222222,stalk_fw,avg,ton/ha,17/01/2019,2019,17,37,1,1
MZ0002,29.11444444,stalk_fw,avg,ton/ha,23/01/2019,2019,23,43,1,1
MZ0002,26.38566667,stalk_fw,avg,ton/ha,31/01/2019,2019,31,51,1,1
MZ0002,25.24333333,stalk_fw,avg,ton/ha,7/2/2019,2019,38,58,1,1
MZ0002,27.05555556,stalk_fw,avg,ton/ha,14/02/2019,2019,45,65,1,1
MZ0002,24.27777778,stalk_fw,avg,ton/ha,1/3/2019,2019,60,80,1,1
MZ0002,25.27777778,stalk_fw,avg,ton/ha,8/3/2019,2019,67,87,1,1
MZ0002,21.44444444,stalk_fw,avg,ton/ha,14/03/2019,2019,73,93,1,1
MZ0002,21.05555556,stalk_fw,avg,ton/ha,22/03/2019,2019,81,101,1,1
MZ0002,0,cob_fw,avg,ton/ha,19/12/2018,2018,353,8,1,1
MZ0002,0,cob_fw,avg,ton/ha,26/12/2018,2018,360,15,1,1
MZ0002,0,cob_fw,avg,ton/ha,2/1/2019,2019,2,22,1,1
MZ0002,0,cob_fw,avg,ton/ha,9/1/2019,2019,9,29,1,1
MZ0002,0,cob_fw,avg,ton/ha,17/01/2019,2019,17,37,1,1
MZ0002,0,cob_fw,avg,ton/ha,23/01/2019,2019,23,43,1,1
MZ0002,11.02777778,cob_fw,avg,ton/ha,31/01/2019,2019,31,51,1,1
MZ0002,11.03922222,cob_fw,avg,ton/ha,7/2/2019,2019,38,58,1,1
MZ0002,15.72222222,cob_fw,avg,ton/ha,14/02/2019,2019,45,65,1,1
MZ0002,8.944444444,cob_fw,avg,ton/ha,1/3/2019,2019,60,80,1,1
MZ0002,10.47911111,cob_fw,avg,ton/ha,8/3/2019,2019,67,87,1,1
MZ0002,17.33333333,cob_fw,avg,ton/ha,14/03/2019,2019,73,93,1,1
MZ0002,5.611111111,cob_fw,avg,ton/ha,22/03/2019,2019,81,101,1,1
MZ0002,0,cob_n,msr,n_m,19/12/2018,2018,353,8,1,1
MZ0002,0,cob_n,msr,n_m,26/12/2018,2018,360,15,1,1
MZ0002,0,cob_n,msr,n_m,2/1/2019,2019,2,22,1,1
MZ0002,0,cob_n,msr,n_m,9/1/2019,2019,9,29,1,1
MZ0002,0,cob_n,msr,n_m,17/01/2019,2019,17,37,1,1
MZ0002,0,cob_n,msr,n_m,23/01/2019,2019,23,43,1,1
MZ0002,11,cob_n,msr,n_m,31/01/2019,2019,31,51,1,1
MZ0002,9,cob_n,msr,n_m,7/2/2019,2019,38,58,1,1
MZ0002,10,cob_n,msr,n_m,14/02/2019,2019,45,65,1,1
MZ0002,9,cob_n,msr,n_m,1/3/2019,2019,60,80,1,1
MZ0002,8,cob_n,msr,n_m,8/3/2019,2019,67,87,1,1
MZ0002,7,cob_n,msr,n_m,14/03/2019,2019,73,93,1,1
MZ0002,10,cob_n,msr,n_m,22/03/2019,2019,81,101,1,1
MZ0002,0,grain_fw,avg,ton/ha,19/12/2018,2018,353,8,1,1
MZ0002,0,grain_fw,avg,ton/ha,26/12/2018,2018,360,15,1,1
MZ0002,0,grain_fw,avg,ton/ha,2/1/2019,2019,2,22,1,1
MZ0002,0,grain_fw,avg,ton/ha,9/1/2019,2019,9,29,1,1
MZ0002,0,grain_fw,avg,ton/ha,17/01/2019,2019,17,37,1,1
MZ0002,0,grain_fw,avg,ton/ha,23/01/2019,2019,23,43,1,1
MZ0002,0,grain_fw,avg,ton/ha,31/01/2019,2019,31,51,1,1
MZ0002,0,grain_fw,avg,ton/ha,7/2/2019,2019,38,58,1,1
MZ0002,3.049333333,grain_fw,avg,ton/ha,14/02/2019,2019,45,65,1,1
MZ0002,3.777777778,grain_fw,avg,ton/ha,1/3/2019,2019,60,80,1,1
MZ0002,10.57855556,grain_fw,avg,ton/ha,8/3/2019,2019,67,87,1,1
MZ0002,10,grain_fw,avg,ton/ha,14/03/2019,2019,73,93,1,1
MZ0002,10.83333333,grain_fw,avg,ton/ha,22/03/2019,2019,81,101,1,1
MZ0002,0.314222222,leaf_dw,avg,ton/ha,19/12/2018,2018,353,8,1,1
MZ0002,0.537,leaf_dw,avg,ton/ha,26/12/2018,2018,360,15,1,1
MZ0002,0.567333333,leaf_dw,avg,ton/ha,2/1/2019,2019,2,22,1,1
MZ0002,7.199444444,leaf_dw,avg,ton/ha,9/1/2019,2019,9,29,1,1
MZ0002,2.807666667,leaf_dw,avg,ton/ha,17/01/2019,2019,17,37,1,1
MZ0002,3.745444444,leaf_dw,avg,ton/ha,23/01/2019,2019,23,43,1,1
MZ0002,3.947111111,leaf_dw,avg,ton/ha,31/01/2019,2019,31,51,1,1
MZ0002,3.205888889,leaf_dw,avg,ton/ha,7/2/2019,2019,38,58,1,1
MZ0002,2.844333333,leaf_dw,avg,ton/ha,14/02/2019,2019,45,65,1,1
MZ0002,2.514111111,leaf_dw,avg,ton/ha,21/02/2019,2019,52,72,1,1
MZ0002,3.720333333,leaf_dw,avg,ton/ha,1/3/2019,2019,60,80,1,1
MZ0002,3.183111111,leaf_dw,avg,ton/ha,8/3/2019,2019,67,87,1,1
MZ0002,3.395,leaf_dw,avg,ton/ha,14/03/2019,2019,73,93,1,1
MZ0002,0.139333333,stalk_dw,avg,ton/ha,19/12/2018,2018,353,8,1,1
MZ0002,0.355111111,stalk_dw,avg,ton/ha,26/12/2018,2018,360,15,1,1
MZ0002,0.802888889,stalk_dw,avg,ton/ha,2/1/2019,2019,2,22,1,1
MZ0002,6.930777778,stalk_dw,avg,ton/ha,9/1/2019,2019,9,29,1,1
MZ0002,3.601333333,stalk_dw,avg,ton/ha,17/01/2019,2019,17,37,1,1
MZ0002,4.864222222,stalk_dw,avg,ton/ha,23/01/2019,2019,23,43,1,1
MZ0002,6.184666667,stalk_dw,avg,ton/ha,31/01/2019,2019,31,51,1,1
MZ0002,2.147222222,stalk_dw,avg,ton/ha,7/2/2019,2019,38,58,1,1
MZ0002,5.896888889,stalk_dw,avg,ton/ha,14/02/2019,2019,45,65,1,1
MZ0002,4.144666667,stalk_dw,avg,ton/ha,21/02/2019,2019,52,72,1,1
MZ0002,6.102888889,stalk_dw,avg,ton/ha,1/3/2019,2019,60,80,1,1
MZ0002,5.840555556,stalk_dw,avg,ton/ha,8/3/2019,2019,67,87,1,1
MZ0002,5.492444444,stalk_dw,avg,ton/ha,14/03/2019,2019,73,93,1,1
MZ0002,5.5,stalk_dw,avg,ton/ha,22/03/2019,2019,81,101,1,1
MZ0002,0,cob_dw,avg,ton/ha,19/12/2018,2018,353,8,1,1
MZ0002,0,cob_dw,avg,ton/ha,26/12/2018,2018,360,15,1,1
MZ0002,0,cob_dw,avg,ton/ha,2/1/2019,2019,2,22,1,1
MZ0002,0,cob_dw,avg,ton/ha,9/1/2019,2019,9,29,1,1
MZ0002,0,cob_dw,avg,ton/ha,17/01/2019,2019,17,37,1,1
MZ0002,0,cob_dw,avg,ton/ha,23/01/2019,2019,23,43,1,1
MZ0002,3.957444444,cob_dw,avg,ton/ha,31/01/2019,2019,31,51,1,1
MZ0002,1.722777778,cob_dw,avg,ton/ha,7/2/2019,2019,38,58,1,1
MZ0002,3.506555556,cob_dw,avg,ton/ha,14/02/2019,2019,45,65,1,1
MZ0002,1.959555556,cob_dw,avg,ton/ha,21/02/2019,2019,52,72,1,1
MZ0002,3.096222222,cob_dw,avg,ton/ha,1/3/2019,2019,60,80,1,1
MZ0002,3.478888889,cob_dw,avg,ton/ha,8/3/2019,2019,67,87,1,1
MZ0002,2.611111111,cob_dw,avg,ton/ha,22/03/2019,2019,81,101,1,1
MZ0002,0,grain_dw,avg,ton/ha,19/12/2018,2018,353,8,1,1
MZ0002,0,grain_dw,avg,ton/ha,26/12/2018,2018,360,15,1,1
MZ0002,0,grain_dw,avg,ton/ha,2/1/2019,2019,2,22,1,1
MZ0002,0,grain_dw,avg,ton/ha,9/1/2019,2019,9,29,1,1
MZ0002,0,grain_dw,avg,ton/ha,17/01/2019,2019,17,37,1,1
MZ0002,0,grain_dw,avg,ton/ha,23/01/2019,2019,23,43,1,1
MZ0002,0,grain_dw,avg,ton/ha,31/01/2019,2019,31,51,1,1
MZ0002,0,grain_dw,avg,ton/ha,7/2/2019,2019,38,58,1,1
MZ0002,0.816333333,grain_dw,avg,ton/ha,14/02/2019,2019,45,65,1,1
MZ0002,0.850888889,grain_dw,avg,ton/ha,21/02/2019,2019,52,72,1,1
MZ0002,2.116555556,grain_dw,avg,ton/ha,1/3/2019,2019,60,80,1,1
MZ0002,5.861444444,grain_dw,avg,ton/ha,8/3/2019,2019,67,87,1,1
MZ0002,6.179222222,grain_dw,avg,ton/ha,14/03/2019,2019,73,93,1,1
MZ0002,6.833333333,grain_dw,avg,ton/ha,22/03/2019,2019,81,101,1,1
MZ0002,1.803555556,leaf_fw,avg,ton/ha,19/12/2018,2018,353,8,2,1
MZ0002,3.033222222,leaf_fw,avg,ton/ha,26/12/2018,2018,360,15,2,1
MZ0002,2.624333333,leaf_fw,avg,ton/ha,2/1/2019,2019,2,22,2,1
MZ0002,13.38211111,leaf_fw,avg,ton/ha,9/1/2019,2019,9,29,2,1
MZ0002,16.41077778,leaf_fw,avg,ton/ha,17/01/2019,2019,17,37,2,1
MZ0002,16.59133333,leaf_fw,avg,ton/ha,23/01/2019,2019,23,43,2,1
MZ0002,11.34366667,leaf_fw,avg,ton/ha,31/01/2019,2019,31,51,2,1
MZ0002,15.03966667,leaf_fw,avg,ton/ha,7/2/2019,2019,38,58,2,1
MZ0002,16.11111111,leaf_fw,avg,ton/ha,14/02/2019,2019,45,65,2,1
MZ0002,11.38888889,leaf_fw,avg,ton/ha,1/3/2019,2019,60,80,2,1
MZ0002,14.77777778,leaf_fw,avg,ton/ha,8/3/2019,2019,67,87,2,1
MZ0002,9.388888889,leaf_fw,avg,ton/ha,14/03/2019,2019,73,93,2,1
MZ0002,4.611111111,leaf_fw,avg,ton/ha,22/03/2019,2019,81,101,2,1
MZ0002,1.403111111,stalk_fw,avg,ton/ha,19/12/2018,2018,353,8,2,1
MZ0002,4.282222222,stalk_fw,avg,ton/ha,26/12/2018,2018,360,15,2,1
MZ0002,3.878777778,stalk_fw,avg,ton/ha,2/1/2019,2019,2,22,2,1
MZ0002,30.31077778,stalk_fw,avg,ton/ha,9/1/2019,2019,9,29,2,1
MZ0002,32.22166667,stalk_fw,avg,ton/ha,17/01/2019,2019,17,37,2,1
MZ0002,27.02566667,stalk_fw,avg,ton/ha,23/01/2019,2019,23,43,2,1
MZ0002,27.83188889,stalk_fw,avg,ton/ha,31/01/2019,2019,31,51,2,1
MZ0002,27.65444444,stalk_fw,avg,ton/ha,7/2/2019,2019,38,58,2,1
MZ0002,33.66666667,stalk_fw,avg,ton/ha,14/02/2019,2019,45,65,2,1
MZ0002,23.27777778,stalk_fw,avg,ton/ha,1/3/2019,2019,60,80,2,1
MZ0002,28.77777778,stalk_fw,avg,ton/ha,8/3/2019,2019,67,87,2,1
MZ0002,21.16666667,stalk_fw,avg,ton/ha,14/03/2019,2019,73,93,2,1
MZ0002,25.5,stalk_fw,avg,ton/ha,22/03/2019,2019,81,101,2,1
MZ0002,0,cob_fw,avg,ton/ha,19/12/2018,2018,353,8,2,1
MZ0002,0,cob_fw,avg,ton/ha,26/12/2018,2018,360,15,2,1
MZ0002,0,cob_fw,avg,ton/ha,2/1/2019,2019,2,22,2,1
MZ0002,0,cob_fw,avg,ton/ha,9/1/2019,2019,9,29,2,1
MZ0002,0,cob_fw,avg,ton/ha,17/01/2019,2019,17,37,2,1
MZ0002,0,cob_fw,avg,ton/ha,23/01/2019,2019,23,43,2,1
MZ0002,6.512555556,cob_fw,avg,ton/ha,31/01/2019,2019,31,51,2,1
MZ0002,14.24166667,cob_fw,avg,ton/ha,7/2/2019,2019,38,58,2,1
MZ0002,14,cob_fw,avg,ton/ha,14/02/2019,2019,45,65,2,1
MZ0002,9.444444444,cob_fw,avg,ton/ha,1/3/2019,2019,60,80,2,1
MZ0002,7.418888889,cob_fw,avg,ton/ha,8/3/2019,2019,67,87,2,1
MZ0002,5.590555556,cob_fw,avg,ton/ha,14/03/2019,2019,73,93,2,1
MZ0002,4.277777778,cob_fw,avg,ton/ha,22/03/2019,2019,81,101,2,1
MZ0002,0,cob_n,msr,n_m,19/12/2018,2018,353,8,2,1
MZ0002,0,cob_n,msr,n_m,26/12/2018,2018,360,15,2,1
MZ0002,0,cob_n,msr,n_m,2/1/2019,2019,2,22,2,1
MZ0002,0,cob_n,msr,n_m,9/1/2019,2019,9,29,2,1
MZ0002,0,cob_n,msr,n_m,17/01/2019,2019,17,37,2,1
MZ0002,0,cob_n,msr,n_m,23/01/2019,2019,23,43,2,1
MZ0002,7,cob_n,msr,n_m,31/01/2019,2019,31,51,2,1
MZ0002,11,cob_n,msr,n_m,7/2/2019,2019,38,58,2,1
MZ0002,11,cob_n,msr,n_m,14/02/2019,2019,45,65,2,1
MZ0002,9,cob_n,msr,n_m,1/3/2019,2019,60,80,2,1
MZ0002,8,cob_n,msr,n_m,8/3/2019,2019,67,87,2,1
MZ0002,9,cob_n,msr,n_m,14/03/2019,2019,73,93,2,1
MZ0002,10,cob_n,msr,n_m,22/03/2019,2019,81,101,2,1
MZ0002,0,grain_fw,avg,ton/ha,19/12/2018,2018,353,8,2,1
MZ0002,0,grain_fw,avg,ton/ha,26/12/2018,2018,360,15,2,1
MZ0002,0,grain_fw,avg,ton/ha,2/1/2019,2019,2,22,2,1
MZ0002,0,grain_fw,avg,ton/ha,9/1/2019,2019,9,29,2,1
MZ0002,0,grain_fw,avg,ton/ha,17/01/2019,2019,17,37,2,1
MZ0002,0,grain_fw,avg,ton/ha,23/01/2019,2019,23,43,2,1
MZ0002,0,grain_fw,avg,ton/ha,31/01/2019,2019,31,51,2,1
MZ0002,0,grain_fw,avg,ton/ha,7/2/2019,2019,38,58,2,1
MZ0002,3.065555556,grain_fw,avg,ton/ha,14/02/2019,2019,45,65,2,1
MZ0002,6.666666667,grain_fw,avg,ton/ha,1/3/2019,2019,60,80,2,1
MZ0002,8.981,grain_fw,avg,ton/ha,8/3/2019,2019,67,87,2,1
MZ0002,6.697,grain_fw,avg,ton/ha,14/03/2019,2019,73,93,2,1
MZ0002,2.166666667,grain_fw,avg,ton/ha,22/03/2019,2019,81,101,2,1
MZ0002,0.259,leaf_dw,avg,ton/ha,19/12/2018,2018,353,8,2,1
MZ0002,0.454666667,leaf_dw,avg,ton/ha,26/12/2018,2018,360,15,2,1
MZ0002,0.452666667,leaf_dw,avg,ton/ha,2/1/2019,2019,2,22,2,1
MZ0002,7.149888889,leaf_dw,avg,ton/ha,9/1/2019,2019,9,29,2,1
MZ0002,2.967555556,leaf_dw,avg,ton/ha,17/01/2019,2019,17,37,2,1
MZ0002,3.356333333,leaf_dw,avg,ton/ha,23/01/2019,2019,23,43,2,1
MZ0002,3.141777778,leaf_dw,avg,ton/ha,31/01/2019,2019,31,51,2,1
MZ0002,3.256888889,leaf_dw,avg,ton/ha,7/2/2019,2019,38,58,2,1
MZ0002,3.916222222,leaf_dw,avg,ton/ha,14/02/2019,2019,45,65,2,1
MZ0002,3.561,leaf_dw,avg,ton/ha,21/02/2019,2019,52,72,2,1
MZ0002,2.873222222,leaf_dw,avg,ton/ha,1/3/2019,2019,60,80,2,1
MZ0002,3.552444444,leaf_dw,avg,ton/ha,8/3/2019,2019,67,87,2,1
MZ0002,2.965666667,leaf_dw,avg,ton/ha,14/03/2019,2019,73,93,2,1
MZ0002,0.121222222,stalk_dw,avg,ton/ha,19/12/2018,2018,353,8,2,1
MZ0002,0.504777778,stalk_dw,avg,ton/ha,26/12/2018,2018,360,15,2,1
MZ0002,0.470777778,stalk_dw,avg,ton/ha,2/1/2019,2019,2,22,2,1
MZ0002,6.999333333,stalk_dw,avg,ton/ha,9/1/2019,2019,9,29,2,1
MZ0002,3.601333333,stalk_dw,avg,ton/ha,17/01/2019,2019,17,37,2,1
MZ0002,4.141,stalk_dw,avg,ton/ha,23/01/2019,2019,23,43,2,1
MZ0002,6.035333333,stalk_dw,avg,ton/ha,31/01/2019,2019,31,51,2,1
MZ0002,5.642333333,stalk_dw,avg,ton/ha,7/2/2019,2019,38,58,2,1
MZ0002,7.000777778,stalk_dw,avg,ton/ha,14/02/2019,2019,45,65,2,1
MZ0002,6.039,stalk_dw,avg,ton/ha,21/02/2019,2019,52,72,2,1
MZ0002,5.675,stalk_dw,avg,ton/ha,1/3/2019,2019,60,80,2,1
MZ0002,6.541888889,stalk_dw,avg,ton/ha,8/3/2019,2019,67,87,2,1
MZ0002,5.624222222,stalk_dw,avg,ton/ha,14/03/2019,2019,73,93,2,1
MZ0002,5.944444444,stalk_dw,avg,ton/ha,22/03/2019,2019,81,101,2,1
MZ0002,0,cob_dw,avg,ton/ha,19/12/2018,2018,353,8,2,1
MZ0002,0,cob_dw,avg,ton/ha,26/12/2018,2018,360,15,2,1
MZ0002,0,cob_dw,avg,ton/ha,2/1/2019,2019,2,22,2,1
MZ0002,0,cob_dw,avg,ton/ha,9/1/2019,2019,9,29,2,1
MZ0002,0,cob_dw,avg,ton/ha,17/01/2019,2019,17,37,2,1
MZ0002,0,cob_dw,avg,ton/ha,23/01/2019,2019,23,43,2,1
MZ0002,1.775333333,cob_dw,avg,ton/ha,31/01/2019,2019,31,51,2,1
MZ0002,3.381666667,cob_dw,avg,ton/ha,7/2/2019,2019,38,58,2,1
MZ0002,2.940444444,cob_dw,avg,ton/ha,14/02/2019,2019,45,65,2,1
MZ0002,1.487666667,cob_dw,avg,ton/ha,21/02/2019,2019,52,72,2,1
MZ0002,3.019333333,cob_dw,avg,ton/ha,1/3/2019,2019,60,80,2,1
MZ0002,2.756666667,cob_dw,avg,ton/ha,8/3/2019,2019,67,87,2,1
MZ0002,2.22,cob_dw,avg,ton/ha,14/03/2019,2019,73,93,2,1
MZ0002,1.722222222,cob_dw,avg,ton/ha,22/03/2019,2019,81,101,2,1
MZ0002,0,grain_dw,avg,ton/ha,19/12/2018,2018,353,8,2,1
MZ0002,0,grain_dw,avg,ton/ha,26/12/2018,2018,360,15,2,1
MZ0002,0,grain_dw,avg,ton/ha,2/1/2019,2019,2,22,2,1
MZ0002,0,grain_dw,avg,ton/ha,9/1/2019,2019,9,29,2,1
MZ0002,0,grain_dw,avg,ton/ha,17/01/2019,2019,17,37,2,1
MZ0002,0,grain_dw,avg,ton/ha,23/01/2019,2019,23,43,2,1
MZ0002,0,grain_dw,avg,ton/ha,31/01/2019,2019,31,51,2,1
MZ0002,0,grain_dw,avg,ton/ha,7/2/2019,2019,38,58,2,1
MZ0002,0.911555556,grain_dw,avg,ton/ha,14/02/2019,2019,45,65,2,1
MZ0002,0.670333333,grain_dw,avg,ton/ha,21/02/2019,2019,52,72,2,1
MZ0002,3.695888889,grain_dw,avg,ton/ha,1/3/2019,2019,60,80,2,1
MZ0002,4.950555556,grain_dw,avg,ton/ha,8/3/2019,2019,67,87,2,1
MZ0002,4.276666667,grain_dw,avg,ton/ha,14/03/2019,2019,73,93,2,1
MZ0002,1.333333333,grain_dw,avg,ton/ha,22/03/2019,2019,81,101,2,1
MZ0002,1.510777778,leaf_fw,avg,ton/ha,19/12/2018,2018,353,8,3,1
MZ0002,5.422111111,leaf_fw,avg,ton/ha,26/12/2018,2018,360,15,3,1
MZ0002,6.424444444,leaf_fw,avg,ton/ha,2/1/2019,2019,2,22,3,1
MZ0002,8.146444444,leaf_fw,avg,ton/ha,9/1/2019,2019,9,29,3,1
MZ0002,19.96855556,leaf_fw,avg,ton/ha,17/01/2019,2019,17,37,3,1
MZ0002,16.66533333,leaf_fw,avg,ton/ha,23/01/2019,2019,23,43,3,1
MZ0002,8.123888889,leaf_fw,avg,ton/ha,31/01/2019,2019,31,51,3,1
MZ0002,18.42655556,leaf_fw,avg,ton/ha,7/2/2019,2019,38,58,3,1
MZ0002,13.38888889,leaf_fw,avg,ton/ha,14/02/2019,2019,45,65,3,1
MZ0002,11.33333333,leaf_fw,avg,ton/ha,1/3/2019,2019,60,80,3,1
MZ0002,12.5,leaf_fw,avg,ton/ha,8/3/2019,2019,67,87,3,1
MZ0002,13.38888889,leaf_fw,avg,ton/ha,14/03/2019,2019,73,93,3,1
MZ0002,4.777777778,leaf_fw,avg,ton/ha,22/03/2019,2019,81,101,3,1
MZ0002,1.082444444,stalk_fw,avg,ton/ha,19/12/2018,2018,353,8,3,1
MZ0002,5.323777778,stalk_fw,avg,ton/ha,26/12/2018,2018,360,15,3,1
MZ0002,16.002,stalk_fw,avg,ton/ha,2/1/2019,2019,2,22,3,1
MZ0002,19.49311111,stalk_fw,avg,ton/ha,9/1/2019,2019,9,29,3,1
MZ0002,35.237,stalk_fw,avg,ton/ha,17/01/2019,2019,17,37,3,1
MZ0002,31.10044444,stalk_fw,avg,ton/ha,23/01/2019,2019,23,43,3,1
MZ0002,20.38777778,stalk_fw,avg,ton/ha,31/01/2019,2019,31,51,3,1
MZ0002,29.63244444,stalk_fw,avg,ton/ha,7/2/2019,2019,38,58,3,1
MZ0002,23.94444444,stalk_fw,avg,ton/ha,14/02/2019,2019,45,65,3,1
MZ0002,20.33333333,stalk_fw,avg,ton/ha,1/3/2019,2019,60,80,3,1
MZ0002,22.77777778,stalk_fw,avg,ton/ha,8/3/2019,2019,67,87,3,1
MZ0002,26.61111111,stalk_fw,avg,ton/ha,14/03/2019,2019,73,93,3,1
MZ0002,18.16666667,stalk_fw,avg,ton/ha,22/03/2019,2019,81,101,3,1
MZ0002,0,cob_fw,avg,ton/ha,19/12/2018,2018,353,8,3,1
MZ0002,0,cob_fw,avg,ton/ha,26/12/2018,2018,360,15,3,1
MZ0002,0,cob_fw,avg,ton/ha,2/1/2019,2019,2,22,3,1
MZ0002,0,cob_fw,avg,ton/ha,9/1/2019,2019,9,29,3,1
MZ0002,0,cob_fw,avg,ton/ha,17/01/2019,2019,17,37,3,1
MZ0002,0,cob_fw,avg,ton/ha,23/01/2019,2019,23,43,3,1
MZ0002,5.181555556,cob_fw,avg,ton/ha,31/01/2019,2019,31,51,3,1
MZ0002,14.11988889,cob_fw,avg,ton/ha,7/2/2019,2019,38,58,3,1
MZ0002,13.11111111,cob_fw,avg,ton/ha,14/02/2019,2019,45,65,3,1
MZ0002,7.277777778,cob_fw,avg,ton/ha,1/3/2019,2019,60,80,3,1
MZ0002,7.944444444,cob_fw,avg,ton/ha,8/3/2019,2019,67,87,3,1
MZ0002,19.94444444,cob_fw,avg,ton/ha,14/03/2019,2019,73,93,3,1
MZ0002,4.388888889,cob_fw,avg,ton/ha,22/03/2019,2019,81,101,3,1
MZ0002,0,cob_n,msr,n_m,19/12/2018,2018,353,8,3,1
MZ0002,0,cob_n,msr,n_m,26/12/2018,2018,360,15,3,1
MZ0002,0,cob_n,msr,n_m,2/1/2019,2019,2,22,3,1
MZ0002,0,cob_n,msr,n_m,9/1/2019,2019,9,29,3,1
MZ0002,0,cob_n,msr,n_m,17/01/2019,2019,17,37,3,1
MZ0002,0,cob_n,msr,n_m,23/01/2019,2019,23,43,3,1
MZ0002,10,cob_n,msr,n_m,31/01/2019,2019,31,51,3,1
MZ0002,12,cob_n,msr,n_m,7/2/2019,2019,38,58,3,1
MZ0002,11,cob_n,msr,n_m,14/02/2019,2019,45,65,3,1
MZ0002,10,cob_n,msr,n_m,1/3/2019,2019,60,80,3,1
MZ0002,6,cob_n,msr,n_m,8/3/2019,2019,67,87,3,1
MZ0002,10,cob_n,msr,n_m,14/03/2019,2019,73,93,3,1
MZ0002,8,cob_n,msr,n_m,22/03/2019,2019,81,101,3,1
MZ0002,0,grain_fw,avg,ton/ha,19/12/2018,2018,353,8,3,1
MZ0002,0,grain_fw,avg,ton/ha,26/12/2018,2018,360,15,3,1
MZ0002,0,grain_fw,avg,ton/ha,2/1/2019,2019,2,22,3,1
MZ0002,0,grain_fw,avg,ton/ha,9/1/2019,2019,9,29,3,1
MZ0002,0,grain_fw,avg,ton/ha,17/01/2019,2019,17,37,3,1
MZ0002,0,grain_fw,avg,ton/ha,23/01/2019,2019,23,43,3,1
MZ0002,0,grain_fw,avg,ton/ha,31/01/2019,2019,31,51,3,1
MZ0002,0,grain_fw,avg,ton/ha,7/2/2019,2019,38,58,3,1
MZ0002,2.246777778,grain_fw,avg,ton/ha,14/02/2019,2019,45,65,3,1
MZ0002,5.388888889,grain_fw,avg,ton/ha,1/3/2019,2019,60,80,3,1
MZ0002,6.567555556,grain_fw,avg,ton/ha,8/3/2019,2019,67,87,3,1
MZ0002,11.22222222,grain_fw,avg,ton/ha,14/03/2019,2019,73,93,3,1
MZ0002,6.388888889,grain_fw,avg,ton/ha,22/03/2019,2019,81,101,3,1
MZ0002,0.223555556,leaf_dw,avg,ton/ha,19/12/2018,2018,353,8,3,1
MZ0002,0.824,leaf_dw,avg,ton/ha,26/12/2018,2018,360,15,3,1
MZ0002,1.083555556,leaf_dw,avg,ton/ha,2/1/2019,2019,2,22,3,1
MZ0002,6.328666667,leaf_dw,avg,ton/ha,9/1/2019,2019,9,29,3,1
MZ0002,3.605666667,leaf_dw,avg,ton/ha,17/01/2019,2019,17,37,3,1
MZ0002,3.543,leaf_dw,avg,ton/ha,23/01/2019,2019,23,43,3,1
MZ0002,2.309888889,leaf_dw,avg,ton/ha,31/01/2019,2019,31,51,3,1
MZ0002,3.595777778,leaf_dw,avg,ton/ha,7/2/2019,2019,38,58,3,1
MZ0002,3.340666667,leaf_dw,avg,ton/ha,14/02/2019,2019,45,65,3,1
MZ0002,3.880222222,leaf_dw,avg,ton/ha,21/02/2019,2019,52,72,3,1
MZ0002,3.037222222,leaf_dw,avg,ton/ha,1/3/2019,2019,60,80,3,1
MZ0002,3.309777778,leaf_dw,avg,ton/ha,8/3/2019,2019,67,87,3,1
MZ0002,3.911444444,leaf_dw,avg,ton/ha,14/03/2019,2019,73,93,3,1
MZ0002,2.111111111,leaf_dw,avg,ton/ha,22/03/2019,2019,81,101,3,1
MZ0002,0.094777778,stalk_dw,avg,ton/ha,19/12/2018,2018,353,8,3,1
MZ0002,0.528555556,stalk_dw,avg,ton/ha,26/12/2018,2018,360,15,3,1
MZ0002,1.781111111,stalk_dw,avg,ton/ha,2/1/2019,2019,2,22,3,1
MZ0002,6.251444444,stalk_dw,avg,ton/ha,9/1/2019,2019,9,29,3,1
MZ0002,3.783444444,stalk_dw,avg,ton/ha,17/01/2019,2019,17,37,3,1
MZ0002,4.612777778,stalk_dw,avg,ton/ha,23/01/2019,2019,23,43,3,1
MZ0002,4.723,stalk_dw,avg,ton/ha,31/01/2019,2019,31,51,3,1
MZ0002,5.801888889,stalk_dw,avg,ton/ha,7/2/2019,2019,38,58,3,1
MZ0002,5.486888889,stalk_dw,avg,ton/ha,14/02/2019,2019,45,65,3,1
MZ0002,5.672888889,stalk_dw,avg,ton/ha,21/02/2019,2019,52,72,3,1
MZ0002,5.009222222,stalk_dw,avg,ton/ha,1/3/2019,2019,60,80,3,1
MZ0002,5.718888889,stalk_dw,avg,ton/ha,8/3/2019,2019,67,87,3,1
MZ0002,6.723222222,stalk_dw,avg,ton/ha,14/03/2019,2019,73,93,3,1
MZ0002,5.388888889,stalk_dw,avg,ton/ha,22/03/2019,2019,81,101,3,1
MZ0002,0,cob_dw,avg,ton/ha,19/12/2018,2018,353,8,3,1
MZ0002,0,cob_dw,avg,ton/ha,26/12/2018,2018,360,15,3,1
MZ0002,0,cob_dw,avg,ton/ha,2/1/2019,2019,2,22,3,1
MZ0002,0,cob_dw,avg,ton/ha,9/1/2019,2019,9,29,3,1
MZ0002,0,cob_dw,avg,ton/ha,17/01/2019,2019,17,37,3,1
MZ0002,0,cob_dw,avg,ton/ha,23/01/2019,2019,23,43,3,1
MZ0002,1.771222222,cob_dw,avg,ton/ha,31/01/2019,2019,31,51,3,1
MZ0002,2.769777778,cob_dw,avg,ton/ha,7/2/2019,2019,38,58,3,1
MZ0002,2.564333333,cob_dw,avg,ton/ha,14/02/2019,2019,45,65,3,1
MZ0002,2.484222222,cob_dw,avg,ton/ha,21/02/2019,2019,52,72,3,1
MZ0002,2.552777778,cob_dw,avg,ton/ha,1/3/2019,2019,60,80,3,1
MZ0002,2.907222222,cob_dw,avg,ton/ha,8/3/2019,2019,67,87,3,1
MZ0002,2,cob_dw,avg,ton/ha,22/03/2019,2019,81,101,3,1
MZ0002,0,grain_dw,avg,ton/ha,19/12/2018,2018,353,8,3,1
MZ0002,0,grain_dw,avg,ton/ha,26/12/2018,2018,360,15,3,1
MZ0002,0,grain_dw,avg,ton/ha,2/1/2019,2019,2,22,3,1
MZ0002,0,grain_dw,avg,ton/ha,9/1/2019,2019,9,29,3,1
MZ0002,0,grain_dw,avg,ton/ha,17/01/2019,2019,17,37,3,1
MZ0002,0,grain_dw,avg,ton/ha,23/01/2019,2019,23,43,3,1
MZ0002,0,grain_dw,avg,ton/ha,31/01/2019,2019,31,51,3,1
MZ0002,0,grain_dw,avg,ton/ha,7/2/2019,2019,38,58,3,1
MZ0002,0.573555556,grain_dw,avg,ton/ha,14/02/2019,2019,45,65,3,1
MZ0002,0.777,grain_dw,avg,ton/ha,21/02/2019,2019,52,72,3,1
MZ0002,2.752111111,grain_dw,avg,ton/ha,1/3/2019,2019,60,80,3,1
MZ0002,3.690555556,grain_dw,avg,ton/ha,8/3/2019,2019,67,87,3,1
MZ0002,6.998666667,grain_dw,avg,ton/ha,14/03/2019,2019,73,93,3,1
MZ0002,4.555555556,grain_dw,avg,ton/ha,22/03/2019,2019,81,101,3,1
MZ0002,1.178111111,leaf_fw,avg,ton/ha,19/12/2018,2018,353,8,4,1
MZ0002,1.874333333,leaf_fw,avg,ton/ha,26/12/2018,2018,360,15,4,1
MZ0002,4.301888889,leaf_fw,avg,ton/ha,2/1/2019,2019,2,22,4,1
MZ0002,10.92744444,leaf_fw,avg,ton/ha,9/1/2019,2019,9,29,4,1
MZ0002,14.60555556,leaf_fw,avg,ton/ha,17/01/2019,2019,17,37,4,1
MZ0002,13.61588889,leaf_fw,avg,ton/ha,23/01/2019,2019,23,43,4,1
MZ0002,9.506888889,leaf_fw,avg,ton/ha,31/01/2019,2019,31,51,4,1
MZ0002,13.94544444,leaf_fw,avg,ton/ha,7/2/2019,2019,38,58,4,1
MZ0002,13.83333333,leaf_fw,avg,ton/ha,14/02/2019,2019,45,65,4,1
MZ0002,11.77777778,leaf_fw,avg,ton/ha,1/3/2019,2019,60,80,4,1
MZ0002,14.77777778,leaf_fw,avg,ton/ha,8/3/2019,2019,67,87,4,1
MZ0002,11.16666667,leaf_fw,avg,ton/ha,14/03/2019,2019,73,93,4,1
MZ0002,4.333333333,leaf_fw,avg,ton/ha,22/03/2019,2019,81,101,4,1
MZ0002,0.976777778,stalk_fw,avg,ton/ha,19/12/2018,2018,353,8,4,1
MZ0002,1.62,stalk_fw,avg,ton/ha,26/12/2018,2018,360,15,4,1
MZ0002,8.705888889,stalk_fw,avg,ton/ha,2/1/2019,2019,2,22,4,1
MZ0002,21.03233333,stalk_fw,avg,ton/ha,9/1/2019,2019,9,29,4,1
MZ0002,23.98422222,stalk_fw,avg,ton/ha,17/01/2019,2019,17,37,4,1
MZ0002,23.99622222,stalk_fw,avg,ton/ha,23/01/2019,2019,23,43,4,1
MZ0002,21.73666667,stalk_fw,avg,ton/ha,31/01/2019,2019,31,51,4,1
MZ0002,23.66488889,stalk_fw,avg,ton/ha,7/2/2019,2019,38,58,4,1
MZ0002,23,stalk_fw,avg,ton/ha,14/02/2019,2019,45,65,4,1
MZ0002,20.16666667,stalk_fw,avg,ton/ha,1/3/2019,2019,60,80,4,1
MZ0002,26.05555556,stalk_fw,avg,ton/ha,8/3/2019,2019,67,87,4,1
MZ0002,17.16666667,stalk_fw,avg,ton/ha,14/03/2019,2019,73,93,4,1
MZ0002,14.55555556,stalk_fw,avg,ton/ha,22/03/2019,2019,81,101,4,1
MZ0002,0,cob_fw,avg,ton/ha,19/12/2018,2018,353,8,4,1
MZ0002,0,cob_fw,avg,ton/ha,26/12/2018,2018,360,15,4,1
MZ0002,0,cob_fw,avg,ton/ha,2/1/2019,2019,2,22,4,1
MZ0002,0,cob_fw,avg,ton/ha,9/1/2019,2019,9,29,4,1
MZ0002,0,cob_fw,avg,ton/ha,17/01/2019,2019,17,37,4,1
MZ0002,0,cob_fw,avg,ton/ha,23/01/2019,2019,23,43,4,1
MZ0002,5.663333333,cob_fw,avg,ton/ha,31/01/2019,2019,31,51,4,1
MZ0002,13.517,cob_fw,avg,ton/ha,7/2/2019,2019,38,58,4,1
MZ0002,16.42222222,cob_fw,avg,ton/ha,14/02/2019,2019,45,65,4,1
MZ0002,8.111111111,cob_fw,avg,ton/ha,1/3/2019,2019,60,80,4,1
MZ0002,9.802666667,cob_fw,avg,ton/ha,8/3/2019,2019,67,87,4,1
MZ0002,15.66666667,cob_fw,avg,ton/ha,14/03/2019,2019,73,93,4,1
MZ0002,5.777777778,cob_fw,avg,ton/ha,22/03/2019,2019,81,101,4,1
MZ0002,0,cob_n,msr,n_m,19/12/2018,2018,353,8,4,1
MZ0002,0,cob_n,msr,n_m,26/12/2018,2018,360,15,4,1
MZ0002,0,cob_n,msr,n_m,2/1/2019,2019,2,22,4,1
MZ0002,0,cob_n,msr,n_m,9/1/2019,2019,9,29,4,1
MZ0002,0,cob_n,msr,n_m,17/01/2019,2019,17,37,4,1
MZ0002,0,cob_n,msr,n_m,23/01/2019,2019,23,43,4,1
MZ0002,6,cob_n,msr,n_m,31/01/2019,2019,31,51,4,1
MZ0002,8,cob_n,msr,n_m,7/2/2019,2019,38,58,4,1
MZ0002,9,cob_n,msr,n_m,14/02/2019,2019,45,65,4,1
MZ0002,7,cob_n,msr,n_m,1/3/2019,2019,60,80,4,1
MZ0002,8,cob_n,msr,n_m,8/3/2019,2019,67,87,4,1
MZ0002,7,cob_n,msr,n_m,14/03/2019,2019,73,93,4,1
MZ0002,9,cob_n,msr,n_m,22/03/2019,2019,81,101,4,1
MZ0002,0,grain_fw,avg,ton/ha,19/12/2018,2018,353,8,4,1
MZ0002,0,grain_fw,avg,ton/ha,26/12/2018,2018,360,15,4,1
MZ0002,0,grain_fw,avg,ton/ha,2/1/2019,2019,2,22,4,1
MZ0002,0,grain_fw,avg,ton/ha,9/1/2019,2019,9,29,4,1
MZ0002,0,grain_fw,avg,ton/ha,17/01/2019,2019,17,37,4,1
MZ0002,0,grain_fw,avg,ton/ha,23/01/2019,2019,23,43,4,1
MZ0002,0,grain_fw,avg,ton/ha,31/01/2019,2019,31,51,4,1
MZ0002,0,grain_fw,avg,ton/ha,7/2/2019,2019,38,58,4,1
MZ0002,2.659222222,grain_fw,avg,ton/ha,14/02/2019,2019,45,65,4,1
MZ0002,7.722222222,grain_fw,avg,ton/ha,1/3/2019,2019,60,80,4,1
MZ0002,9.610888889,grain_fw,avg,ton/ha,8/3/2019,2019,67,87,4,1
MZ0002,9.5,grain_fw,avg,ton/ha,14/03/2019,2019,73,93,4,1
MZ0002,7.611111111,grain_fw,avg,ton/ha,22/03/2019,2019,81,101,4,1
MZ0002,0.173,leaf_dw,avg,ton/ha,19/12/2018,2018,353,8,4,1
MZ0002,0.294,leaf_dw,avg,ton/ha,26/12/2018,2018,360,15,4,1
MZ0002,0.797333333,leaf_dw,avg,ton/ha,2/1/2019,2019,2,22,4,1
MZ0002,6.746888889,leaf_dw,avg,ton/ha,9/1/2019,2019,9,29,4,1
MZ0002,2.637555556,leaf_dw,avg,ton/ha,17/01/2019,2019,17,37,4,1
MZ0002,2.983,leaf_dw,avg,ton/ha,23/01/2019,2019,23,43,4,1
MZ0002,2.778888889,leaf_dw,avg,ton/ha,31/01/2019,2019,31,51,4,1
MZ0002,2.971111111,leaf_dw,avg,ton/ha,7/2/2019,2019,38,58,4,1
MZ0002,3.272777778,leaf_dw,avg,ton/ha,14/02/2019,2019,45,65,4,1
MZ0002,2.404777778,leaf_dw,avg,ton/ha,21/02/2019,2019,52,72,4,1
MZ0002,2.977777778,leaf_dw,avg,ton/ha,1/3/2019,2019,60,80,4,1
MZ0002,3.612444444,leaf_dw,avg,ton/ha,8/3/2019,2019,67,87,4,1
MZ0002,3.254444444,leaf_dw,avg,ton/ha,14/03/2019,2019,73,93,4,1
MZ0002,0.092222222,stalk_dw,avg,ton/ha,19/12/2018,2018,353,8,4,1
MZ0002,0.145555556,stalk_dw,avg,ton/ha,26/12/2018,2018,360,15,4,1
MZ0002,0.934555556,stalk_dw,avg,ton/ha,2/1/2019,2019,2,22,4,1
MZ0002,6.269,stalk_dw,avg,ton/ha,9/1/2019,2019,9,29,4,1
MZ0002,2.544666667,stalk_dw,avg,ton/ha,17/01/2019,2019,17,37,4,1
MZ0002,3.694,stalk_dw,avg,ton/ha,23/01/2019,2019,23,43,4,1
MZ0002,4.980777778,stalk_dw,avg,ton/ha,31/01/2019,2019,31,51,4,1
MZ0002,4.827333333,stalk_dw,avg,ton/ha,7/2/2019,2019,38,58,4,1
MZ0002,5.146333333,stalk_dw,avg,ton/ha,14/02/2019,2019,45,65,4,1
MZ0002,4.814888889,stalk_dw,avg,ton/ha,21/02/2019,2019,52,72,4,1
MZ0002,4.275555556,stalk_dw,avg,ton/ha,1/3/2019,2019,60,80,4,1
MZ0002,6.230888889,stalk_dw,avg,ton/ha,8/3/2019,2019,67,87,4,1
MZ0002,4.415555556,stalk_dw,avg,ton/ha,14/03/2019,2019,73,93,4,1
MZ0002,4.555555556,stalk_dw,avg,ton/ha,22/03/2019,2019,81,101,4,1
MZ0002,0,cob_dw,avg,ton/ha,19/12/2018,2018,353,8,4,1
MZ0002,0,cob_dw,avg,ton/ha,26/12/2018,2018,360,15,4,1
MZ0002,0,cob_dw,avg,ton/ha,2/1/2019,2019,2,22,4,1
MZ0002,0,cob_dw,avg,ton/ha,9/1/2019,2019,9,29,4,1
MZ0002,0,cob_dw,avg,ton/ha,17/01/2019,2019,17,37,4,1
MZ0002,0,cob_dw,avg,ton/ha,23/01/2019,2019,23,43,4,1
MZ0002,2.016222222,cob_dw,avg,ton/ha,31/01/2019,2019,31,51,4,1
MZ0002,2.336111111,cob_dw,avg,ton/ha,7/2/2019,2019,38,58,4,1
MZ0002,3.367222222,cob_dw,avg,ton/ha,14/02/2019,2019,45,65,4,1
MZ0002,3.05,cob_dw,avg,ton/ha,21/02/2019,2019,52,72,4,1
MZ0002,2.726333333,cob_dw,avg,ton/ha,1/3/2019,2019,60,80,4,1
MZ0002,3.45,cob_dw,avg,ton/ha,8/3/2019,2019,67,87,4,1
MZ0002,2.611111111,cob_dw,avg,ton/ha,22/03/2019,2019,81,101,4,1
MZ0002,0,grain_dw,avg,ton/ha,19/12/2018,2018,353,8,4,1
MZ0002,0,grain_dw,avg,ton/ha,26/12/2018,2018,360,15,4,1
MZ0002,0,grain_dw,avg,ton/ha,2/1/2019,2019,2,22,4,1
MZ0002,0,grain_dw,avg,ton/ha,9/1/2019,2019,9,29,4,1
MZ0002,0,grain_dw,avg,ton/ha,17/01/2019,2019,17,37,4,1
MZ0002,0,grain_dw,avg,ton/ha,23/01/2019,2019,23,43,4,1
MZ0002,0,grain_dw,avg,ton/ha,31/01/2019,2019,31,51,4,1
MZ0002,0,grain_dw,avg,ton/ha,7/2/2019,2019,38,58,4,1
MZ0002,0.526444444,grain_dw,avg,ton/ha,14/02/2019,2019,45,65,4,1
MZ0002,1.507333333,grain_dw,avg,ton/ha,21/02/2019,2019,52,72,4,1
MZ0002,3.662888889,grain_dw,avg,ton/ha,1/3/2019,2019,60,80,4,1
MZ0002,5.236666667,grain_dw,avg,ton/ha,8/3/2019,2019,67,87,4,1
MZ0002,5.847777778,grain_dw,avg,ton/ha,14/03/2019,2019,73,93,4,1
MZ0002,5.055555556,grain_dw,avg,ton/ha,22/03/2019,2019,81,101,4,1
MZ0001,3.392,lai,avg,m2/m2,3/1/2019,2019,3,23,1,1
MZ0001,3.546,lai,avg,m2/m2,10/1/2019,2019,10,30,1,1
MZ0001,3.797,lai,avg,m2/m2,17/01/2019,2019,17,37,1,1
MZ0001,3.476,lai,avg,m2/m2,23/01/2019,2019,23,43,1,1
MZ0001,5.318,lai,avg,m2/m2,1/2/2019,2019,32,52,1,1
MZ0001,3.977,lai,avg,m2/m2,14/02/2019,2019,45,65,1,1
MZ0001,4.828,lai,avg,m2/m2,21/02/2019,2019,52,72,1,1
MZ0001,2.616,lai,avg,m2/m2,26/03/2019,2019,85,105,1,1
MZ0001,3.872,lai,avg,m2/m2,3/1/2019,2019,3,23,2,1
MZ0001,3.699,lai,avg,m2/m2,10/1/2019,2019,10,30,2,1
MZ0001,3.652,lai,avg,m2/m2,17/01/2019,2019,17,37,2,1
MZ0001,4.579,lai,avg,m2/m2,23/01/2019,2019,23,43,2,1
MZ0001,4.991,lai,avg,m2/m2,1/2/2019,2019,32,52,2,1
MZ0001,5.496,lai,avg,m2/m2,14/02/2019,2019,45,65,2,1
MZ0001,3.762,lai,avg,m2/m2,21/02/2019,2019,52,72,2,1
MZ0001,4.094,lai,avg,m2/m2,26/03/2019,2019,85,105,2,1
MZ0001,4.373,lai,avg,m2/m2,3/1/2019,2019,3,23,3,1
MZ0001,3.731,lai,avg,m2/m2,10/1/2019,2019,10,30,3,1
MZ0001,4.867,lai,avg,m2/m2,17/01/2019,2019,17,37,3,1
MZ0001,5.521,lai,avg,m2/m2,23/01/2019,2019,23,43,3,1
MZ0001,3.8,lai,avg,m2/m2,14/02/2019,2019,45,65,3,1
MZ0001,4.643,lai,avg,m2/m2,21/02/2019,2019,52,72,3,1
MZ0001,3.482,lai,avg,m2/m2,26/03/2019,2019,85,105,3,1
MZ0001,4.365,lai,avg,m2/m2,3/1/2019,2019,3,23,4,1
MZ0001,3.936,lai,avg,m2/m2,10/1/2019,2019,10,30,4,1
MZ0001,4.601,lai,avg,m2/m2,17/01/2019,2019,17,37,4,1
MZ0001,7.2,lai,avg,m2/m2,23/01/2019,2019,23,43,4,1
MZ0001,5.846,lai,avg,m2/m2,1/2/2019,2019,32,52,4,1
MZ0001,3.337,lai,avg,m2/m2,14/02/2019,2019,45,65,4,1
MZ0001,5.082,lai,avg,m2/m2,21/02/2019,2019,52,72,4,1
MZ0001,3.845,lai,avg,m2/m2,26/03/2019,2019,85,105,4,1
MZ0002,2.783,lai,avg,m2/m2,3/1/2019,2019,3,23,1,1
MZ0002,3.449,lai,avg,m2/m2,10/1/2019,2019,10,30,1,1
MZ0002,4.184,lai,avg,m2/m2,17/01/2019,2019,17,37,1,1
MZ0002,5.433,lai,avg,m2/m2,23/01/2019,2019,23,43,1,1
MZ0002,8.078,lai,avg,m2/m2,1/2/2019,2019,32,52,1,1
MZ0002,4.374,lai,avg,m2/m2,14/02/2019,2019,45,65,1,1
MZ0002,3.752,lai,avg,m2/m2,21/02/2019,2019,52,72,1,1
MZ0002,3.512,lai,avg,m2/m2,26/03/2019,2019,85,105,1,1
MZ0002,3.171,lai,avg,m2/m2,3/1/2019,2019,3,23,2,1
MZ0002,4.039,lai,avg,m2/m2,10/1/2019,2019,10,30,2,1
MZ0002,4.452,lai,avg,m2/m2,17/01/2019,2019,17,37,2,1
MZ0002,5.486,lai,avg,m2/m2,23/01/2019,2019,23,43,2,1
MZ0002,6.964,lai,avg,m2/m2,1/2/2019,2019,32,52,2,1
MZ0002,4.25,lai,avg,m2/m2,14/02/2019,2019,45,65,2,1
MZ0002,5.002,lai,avg,m2/m2,21/02/2019,2019,52,72,2,1
MZ0002,3.443,lai,avg,m2/m2,26/03/2019,2019,85,105,2,1
MZ0002,3.547,lai,avg,m2/m2,3/1/2019,2019,3,23,3,1
MZ0002,3.646,lai,avg,m2/m2,10/1/2019,2019,10,30,3,1
MZ0002,4.17,lai,avg,m2/m2,17/01/2019,2019,17,37,3,1
MZ0002,5.381,lai,avg,m2/m2,23/01/2019,2019,23,43,3,1
MZ0002,5.123,lai,avg,m2/m2,1/2/2019,2019,32,52,3,1
MZ0002,3.916,lai,avg,m2/m2,14/02/2019,2019,45,65,3,1
MZ0002,5.334,lai,avg,m2/m2,21/02/2019,2019,52,72,3,1
MZ0002,3.288,lai,avg,m2/m2,26/03/2019,2019,85,105,3,1
MZ0002,3.347,lai,avg,m2/m2,3/1/2019,2019,3,23,3,1
MZ0002,3.068,lai,avg,m2/m2,10/1/2019,2019,10,30,3,1
MZ0002,3.695,lai,avg,m2/m2,17/01/2019,2019,17,37,3,1
MZ0002,2.428,lai,avg,m2/m2,23/01/2019,2019,23,43,3,1
MZ0002,6.248,lai,avg,m2/m2,1/2/2019,2019,32,52,3,1
MZ0002,3.789,lai,avg,m2/m2,14/02/2019,2019,45,65,3,1
MZ0002,4.74,lai,avg,m2/m2,21/02/2019,2019,52,72,3,1
MZ0002,4.192,lai,avg,m2/m2,26/03/2019,2019,85,105,3,1
MZ0003,0.16029,root_fw,avg,ton_ha,13/06/2016,2016,165,37,NA,1
MZ0003,0.63,root_fw,avg,ton_ha,4/7/2016,2016,186,58,NA,1
MZ0003,18.66507,root_fw,avg,ton_ha,25/07/2016,2016,207,79,NA,1
MZ0003,4.527885,root_fw,avg,ton_ha,18/08/2016,2016,231,104,NA,1
MZ0003,0.02466,root_dw,avg,ton_ha,13/06/2016,2016,165,37,NA,1
MZ0003,0.12909,root_dw,avg,ton_ha,4/7/2016,2016,186,58,NA,1
MZ0003,1.31346,root_dw,avg,ton_ha,25/07/2016,2016,207,79,NA,1
MZ0003,1.68738,root_dw,avg,ton_ha,18/08/2016,2016,231,104,NA,1
MZ0003,9.41748,cob_fw,avg,ton_ha,15/09/2016,2016,259,84,NA,1
MZ0003,22.71075,cob_fw,avg,ton_ha,19/10/2016,2016,293,118,NA,1
MZ0003,1.50132,cob_dw,avg,ton_ha,15/09/2016,2016,259,84,NA,1
MZ0003,10.7499,cob_dw,avg,ton_ha,19/10/2016,2016,293,118,NA,1
MZ0003,1.46154,panicle_fw,avg,ton_ha,15/09/2016,2016,259,84,NA,1
MZ0003,0.5193,panicle_fw,avg,ton_ha,19/10/2016,2016,293,118,NA,1
MZ0003,0.5073675,panicle_dw,avg,ton_ha,15/09/2016,2016,259,84,NA,1
MZ0003,0.2321175,panicle_dw,avg,ton_ha,19/10/2016,2016,293,118,NA,1
MZ0003,2246.25,n_grain,avg,n_m2,19/10/2016,2016,293,118,NA,1
MZ0003,5.544692308,grain_yield,avg,ton_ha,19/10/2016,2016,293,118,NA,1
MZ0003,0.16,hi,avg,0-1,15/09/2016,2016,259,84,NA,1
MZ0003,0.54,hi,avg,0-1,19/10/2016,2016,293,118,NA,1
MZ0004,0.06933,root_fw,avg,ton_ha,11/7/2016,2016,193,18,NA,1
MZ0004,0.134655,root_fw,avg,ton_ha,25/07/2016,2016,207,32,NA,1
MZ0004,0.40701,root_fw,avg,ton_ha,19/08/2016,2016,232,57,NA,1
MZ0004,0.01008,root_dw,avg,ton_ha,11/7/2016,2016,193,18,NA,1
MZ0004,0.043455,root_dw,avg,ton_ha,25/07/2016,2016,207,32,NA,1
MZ0004,0.09462,root_dw,avg,ton_ha,19/08/2016,2016,232,57,NA,1
MZ0004,7.75782,cob_fw,avg,ton_ha,6/10/2016,2016,280,105,NA,1
MZ0004,2.6966775,cob_dw,avg,ton_ha,6/10/2016,2016,280,105,NA,1
MZ0004,0.24003,panicle_fw,avg,ton_ha,6/10/2016,2016,280,105,NA,1
MZ0004,0.12174,panicle_dw,avg,ton_ha,6/10/2016,2016,280,105,NA,1
MZ0004,1464,n_grain,avg,n_m2,20/10/2016,2016,294,119,NA,1
MZ0004,3.757037037,grain_yield,avg,ton_ha,20/10/2016,2016,294,119,NA,1
MZ0004,0.421,hi,avg,0-1,6/10/2016,2016,280,105,NA,1
MZ0003,0.0948,leaf_fw,avg,ton_ha,23/05/2016,2016,144,16,1,1
MZ0003,0.0684,leaf_fw,avg,ton_ha,23/05/2016,2016,144,16,2,1
MZ0003,0.072,leaf_fw,avg,ton_ha,23/05/2016,2016,144,16,3,1
MZ0003,0.0672,leaf_fw,avg,ton_ha,23/05/2016,2016,144,16,4,1
MZ0003,1.0062,leaf_fw,avg,ton_ha,13/06/2016,2016,165,37,1,1
MZ0003,0.8262,leaf_fw,avg,ton_ha,13/06/2016,2016,165,37,2,1
MZ0003,0.8424,leaf_fw,avg,ton_ha,13/06/2016,2016,165,37,3,1
MZ0003,0.5754,leaf_fw,avg,ton_ha,13/06/2016,2016,165,37,4,1
MZ0003,3.324,leaf_fw,avg,ton_ha,4/7/2016,2016,186,58,1,1
MZ0003,3.24,leaf_fw,avg,ton_ha,4/7/2016,2016,186,58,2,1
MZ0003,2.856,leaf_fw,avg,ton_ha,4/7/2016,2016,186,58,3,1
MZ0003,3.468,leaf_fw,avg,ton_ha,4/7/2016,2016,186,58,4,1
MZ0003,9.8316,leaf_fw,avg,ton_ha,25/07/2016,2016,207,79,1,1
MZ0003,8.60688,leaf_fw,avg,ton_ha,25/07/2016,2016,207,79,2,1
MZ0003,9.90576,leaf_fw,avg,ton_ha,25/07/2016,2016,207,79,3,1
MZ0003,7.31796,leaf_fw,avg,ton_ha,25/07/2016,2016,207,79,4,1
MZ0003,13.3446,leaf_fw,avg,ton_ha,18/08/2016,2016,231,104,1,1
MZ0003,12.21168,leaf_fw,avg,ton_ha,18/08/2016,2016,231,104,2,1
MZ0003,11.92476,leaf_fw,avg,ton_ha,18/08/2016,2016,231,104,3,1
MZ0003,10.02828,leaf_fw,avg,ton_ha,18/08/2016,2016,231,104,4,1
MZ0003,13.76844,leaf_fw,avg,ton_ha,15/09/2016,2016,259,131,1,1
MZ0003,11.71668,leaf_fw,avg,ton_ha,15/09/2016,2016,259,131,2,1
MZ0003,11.43684,leaf_fw,avg,ton_ha,15/09/2016,2016,259,131,3,1
MZ0003,12.20796,leaf_fw,avg,ton_ha,15/09/2016,2016,259,131,4,1
MZ0003,0.01068,leaf_dw,avg,ton_ha,23/05/2016,2016,144,16,1,1
MZ0003,0.0084,leaf_dw,avg,ton_ha,23/05/2016,2016,144,16,2,1
MZ0003,0.00852,leaf_dw,avg,ton_ha,23/05/2016,2016,144,16,3,1
MZ0003,0.0078,leaf_dw,avg,ton_ha,23/05/2016,2016,144,16,4,1
MZ0003,0.12024,leaf_dw,avg,ton_ha,13/06/2016,2016,165,37,1,1
MZ0003,0.09804,leaf_dw,avg,ton_ha,13/06/2016,2016,165,37,2,1
MZ0003,0.10704,leaf_dw,avg,ton_ha,13/06/2016,2016,165,37,3,1
MZ0003,0.0744,leaf_dw,avg,ton_ha,13/06/2016,2016,165,37,4,1
MZ0003,0.48072,leaf_dw,avg,ton_ha,4/7/2016,2016,186,58,1,1
MZ0003,0.45696,leaf_dw,avg,ton_ha,4/7/2016,2016,186,58,2,1
MZ0003,0.4542,leaf_dw,avg,ton_ha,4/7/2016,2016,186,58,3,1
MZ0003,0.38376,leaf_dw,avg,ton_ha,4/7/2016,2016,186,58,4,1
MZ0003,1.67328,leaf_dw,avg,ton_ha,25/07/2016,2016,207,79,1,1
MZ0003,1.30824,leaf_dw,avg,ton_ha,25/07/2016,2016,207,79,2,1
MZ0003,1.638,leaf_dw,avg,ton_ha,25/07/2016,2016,207,79,3,1
MZ0003,1.27416,leaf_dw,avg,ton_ha,25/07/2016,2016,207,79,4,1
MZ0003,3.10224,leaf_dw,avg,ton_ha,18/08/2016,2016,231,104,1,1
MZ0003,2.75832,leaf_dw,avg,ton_ha,18/08/2016,2016,231,104,2,1
MZ0003,2.8338,leaf_dw,avg,ton_ha,18/08/2016,2016,231,104,3,1
MZ0003,2.54784,leaf_dw,avg,ton_ha,18/08/2016,2016,231,104,4,1
MZ0003,3.77484,leaf_dw,avg,ton_ha,15/09/2016,2016,259,131,1,1
MZ0003,3.23952,leaf_dw,avg,ton_ha,15/09/2016,2016,259,131,2,1
MZ0003,3.06588,leaf_dw,avg,ton_ha,15/09/2016,2016,259,131,3,1
MZ0003,3.5382,leaf_dw,avg,ton_ha,15/09/2016,2016,259,131,4,1
MZ0003,0.07176,stalk_fw,avg,ton_ha,23/05/2016,2016,144,16,1,1
MZ0003,0.0516,stalk_fw,avg,ton_ha,23/05/2016,2016,144,16,2,1
MZ0003,0.0624,stalk_fw,avg,ton_ha,23/05/2016,2016,144,16,3,1
MZ0003,0.05388,stalk_fw,avg,ton_ha,23/05/2016,2016,144,16,4,1
MZ0003,0.38712,stalk_fw,avg,ton_ha,13/06/2016,2016,165,37,1,1
MZ0003,0.38616,stalk_fw,avg,ton_ha,13/06/2016,2016,165,37,2,1
MZ0003,0.5028,stalk_fw,avg,ton_ha,13/06/2016,2016,165,37,3,1
MZ0003,0.29712,stalk_fw,avg,ton_ha,13/06/2016,2016,165,37,4,1
MZ0003,3,stalk_fw,avg,ton_ha,4/7/2016,2016,186,58,1,1
MZ0003,2.952,stalk_fw,avg,ton_ha,4/7/2016,2016,186,58,2,1
MZ0003,2.208,stalk_fw,avg,ton_ha,4/7/2016,2016,186,58,3,1
MZ0003,2.928,stalk_fw,avg,ton_ha,4/7/2016,2016,186,58,4,1
MZ0003,14.61684,stalk_fw,avg,ton_ha,25/07/2016,2016,207,79,1,1
MZ0003,13.71636,stalk_fw,avg,ton_ha,25/07/2016,2016,207,79,2,1
MZ0003,16.82964,stalk_fw,avg,ton_ha,25/07/2016,2016,207,79,3,1
MZ0003,10.99656,stalk_fw,avg,ton_ha,25/07/2016,2016,207,79,4,1
MZ0003,24.82404,stalk_fw,avg,ton_ha,18/08/2016,2016,231,104,1,1
MZ0003,27.51816,stalk_fw,avg,ton_ha,18/08/2016,2016,231,104,2,1
MZ0003,26.51772,stalk_fw,avg,ton_ha,18/08/2016,2016,231,104,3,1
MZ0003,21.21672,stalk_fw,avg,ton_ha,18/08/2016,2016,231,104,4,1
MZ0003,23.73528,stalk_fw,avg,ton_ha,15/09/2016,2016,259,131,1,1
MZ0003,21.85272,stalk_fw,avg,ton_ha,15/09/2016,2016,259,131,2,1
MZ0003,17.7942,stalk_fw,avg,ton_ha,15/09/2016,2016,259,131,3,1
MZ0003,18.13224,stalk_fw,avg,ton_ha,15/09/2016,2016,259,131,4,1
MZ0003,0.0066,stalk_dw,avg,ton_ha,23/05/2016,2016,144,16,1,1
MZ0003,0.00312,stalk_dw,avg,ton_ha,23/05/2016,2016,144,16,2,1
MZ0003,0.00456,stalk_dw,avg,ton_ha,23/05/2016,2016,144,16,3,1
MZ0003,0.00156,stalk_dw,avg,ton_ha,23/05/2016,2016,144,16,4,1
MZ0003,0.02784,stalk_dw,avg,ton_ha,13/06/2016,2016,165,37,1,1
MZ0003,0.0282,stalk_dw,avg,ton_ha,13/06/2016,2016,165,37,2,1
MZ0003,0.03456,stalk_dw,avg,ton_ha,13/06/2016,2016,165,37,3,1
MZ0003,0.02292,stalk_dw,avg,ton_ha,13/06/2016,2016,165,37,4,1
MZ0003,0.23256,stalk_dw,avg,ton_ha,4/7/2016,2016,186,58,1,1
MZ0003,0.23136,stalk_dw,avg,ton_ha,4/7/2016,2016,186,58,2,1
MZ0003,0.20184,stalk_dw,avg,ton_ha,4/7/2016,2016,186,58,3,1
MZ0003,0.16836,stalk_dw,avg,ton_ha,4/7/2016,2016,186,58,4,1
MZ0003,1.3812,stalk_dw,avg,ton_ha,25/07/2016,2016,207,79,1,1
MZ0003,1.22436,stalk_dw,avg,ton_ha,25/07/2016,2016,207,79,2,1
MZ0003,1.51032,stalk_dw,avg,ton_ha,25/07/2016,2016,207,79,3,1
MZ0003,1.04892,stalk_dw,avg,ton_ha,25/07/2016,2016,207,79,4,1
MZ0003,5.14476,stalk_dw,avg,ton_ha,18/08/2016,2016,231,104,1,1
MZ0003,4.58844,stalk_dw,avg,ton_ha,18/08/2016,2016,231,104,2,1
MZ0003,4.45344,stalk_dw,avg,ton_ha,18/08/2016,2016,231,104,3,1
MZ0003,4.04844,stalk_dw,avg,ton_ha,18/08/2016,2016,231,104,4,1
MZ0003,6.99036,stalk_dw,avg,ton_ha,15/09/2016,2016,259,131,1,1
MZ0003,5.77956,stalk_dw,avg,ton_ha,15/09/2016,2016,259,131,2,1
MZ0003,4.64196,stalk_dw,avg,ton_ha,15/09/2016,2016,259,131,3,1
MZ0003,4.9014,stalk_dw,avg,ton_ha,15/09/2016,2016,259,131,4,1
MZ0003,27.699,la_plant,avg,cm2/plant,23/05/2016,2016,144,16,1,1
MZ0003,24.681,la_plant,avg,cm2/plant,23/05/2016,2016,144,16,2,1
MZ0003,27.645,la_plant,avg,cm2/plant,23/05/2016,2016,144,16,3,1
MZ0003,26.2695,la_plant,avg,cm2/plant,23/05/2016,2016,144,16,4,1
MZ0003,75.7065,la_plant,avg,cm2/plant,31/05/2016,2016,152,24,1,1
MZ0003,52.7145,la_plant,avg,cm2/plant,31/05/2016,2016,152,24,2,1
MZ0003,62.6055,la_plant,avg,cm2/plant,31/05/2016,2016,152,24,3,1
MZ0003,58.11,la_plant,avg,cm2/plant,31/05/2016,2016,152,24,4,1
MZ0003,122.865,la_plant,avg,cm2/plant,6/6/2016,2016,158,30,1,1
MZ0003,96.435,la_plant,avg,cm2/plant,6/6/2016,2016,158,30,2,1
MZ0003,74.415,la_plant,avg,cm2/plant,6/6/2016,2016,158,30,3,1
MZ0003,81.45,la_plant,avg,cm2/plant,6/6/2016,2016,158,30,4,1
MZ0003,268.5525,la_plant,avg,cm2/plant,21/06/2016,2016,173,45,1,1
MZ0003,395.598,la_plant,avg,cm2/plant,21/06/2016,2016,173,45,2,1
MZ0003,246.5625,la_plant,avg,cm2/plant,21/06/2016,2016,173,45,3,1
MZ0003,161.949,la_plant,avg,cm2/plant,21/06/2016,2016,173,45,4,1
MZ0003,325.143,la_plant,avg,cm2/plant,27/06/2016,2016,179,51,1,1
MZ0003,314.2875,la_plant,avg,cm2/plant,27/06/2016,2016,179,51,2,1
MZ0003,303.015,la_plant,avg,cm2/plant,27/06/2016,2016,179,51,3,1
MZ0003,304.6425,la_plant,avg,cm2/plant,27/06/2016,2016,179,51,4,1
MZ0003,564.375,la_plant,avg,cm2/plant,4/7/2016,2016,186,58,1,1
MZ0003,711.09,la_plant,avg,cm2/plant,4/7/2016,2016,186,58,2,1
MZ0003,514.2975,la_plant,avg,cm2/plant,4/7/2016,2016,186,58,3,1
MZ0003,611.286,la_plant,avg,cm2/plant,4/7/2016,2016,186,58,4,1
MZ0003,984.7875,la_plant,avg,cm2/plant,11/7/2016,2016,193,65,1,1
MZ0003,1091.7525,la_plant,avg,cm2/plant,11/7/2016,2016,193,65,2,1
MZ0003,812.82,la_plant,avg,cm2/plant,11/7/2016,2016,193,65,3,1
MZ0003,841.755,la_plant,avg,cm2/plant,11/7/2016,2016,193,65,4,1
MZ0003,1349.4975,la_plant,avg,cm2/plant,18/07/2016,2016,200,72,1,1
MZ0003,1436.8725,la_plant,avg,cm2/plant,18/07/2016,2016,200,72,2,1
MZ0003,972.1455,la_plant,avg,cm2/plant,18/07/2016,2016,200,72,3,1
MZ0003,1209.306,la_plant,avg,cm2/plant,18/07/2016,2016,200,72,4,1
MZ0003,1485.102,la_plant,avg,cm2/plant,26/07/2016,2016,208,80,1,1
MZ0003,1913.022,la_plant,avg,cm2/plant,26/07/2016,2016,208,80,2,1
MZ0003,1270.956,la_plant,avg,cm2/plant,26/07/2016,2016,208,80,3,1
MZ0003,1193.1,la_plant,avg,cm2/plant,26/07/2016,2016,208,80,4,1
MZ0003,3179.91,la_plant,avg,cm2/plant,1/8/2016,2016,214,86,1,1
MZ0003,3898.05,la_plant,avg,cm2/plant,1/8/2016,2016,214,86,2,1
MZ0003,3283.02,la_plant,avg,cm2/plant,1/8/2016,2016,214,86,3,1
MZ0003,3284.565,la_plant,avg,cm2/plant,1/8/2016,2016,214,86,4,1
MZ0003,4744.095,la_plant,avg,cm2/plant,11/8/2016,2016,224,96,1,1
MZ0003,4372.8255,la_plant,avg,cm2/plant,11/8/2016,2016,224,96,2,1
MZ0003,4447.29,la_plant,avg,cm2/plant,11/8/2016,2016,224,96,3,1
MZ0003,3826.365,la_plant,avg,cm2/plant,11/8/2016,2016,224,96,4,1
MZ0003,5069.7,la_plant,avg,cm2/plant,18/08/2016,2016,231,103,1,1
MZ0003,4554.975,la_plant,avg,cm2/plant,18/08/2016,2016,231,103,2,1
MZ0003,4396.5,la_plant,avg,cm2/plant,18/08/2016,2016,231,103,3,1
MZ0003,3414.5325,la_plant,avg,cm2/plant,18/08/2016,2016,231,103,4,1
MZ0003,5818.215,la_plant,avg,cm2/plant,26/08/2016,2016,239,111,1,1
MZ0003,4692.48,la_plant,avg,cm2/plant,26/08/2016,2016,239,111,2,1
MZ0003,4435.3875,la_plant,avg,cm2/plant,26/08/2016,2016,239,111,3,1
MZ0003,4409.52,la_plant,avg,cm2/plant,26/08/2016,2016,239,111,4,1
MZ0003,5138.61,la_plant,avg,cm2/plant,30/08/2016,2016,243,115,1,1
MZ0003,4538.22,la_plant,avg,cm2/plant,30/08/2016,2016,243,115,2,1
MZ0003,4623.435,la_plant,avg,cm2/plant,30/08/2016,2016,243,115,3,1
MZ0003,4596.69,la_plant,avg,cm2/plant,30/08/2016,2016,243,115,4,1
MZ0003,5067.135,la_plant,avg,cm2/plant,15/09/2016,2016,259,131,1,1
MZ0003,4750.62,la_plant,avg,cm2/plant,15/09/2016,2016,259,131,2,1
MZ0003,3999.6,la_plant,avg,cm2/plant,15/09/2016,2016,259,131,3,1
MZ0003,4337.5575,la_plant,avg,cm2/plant,15/09/2016,2016,259,131,4,1
MZ0003,4492.515,la_plant,avg,cm2/plant,22/09/2016,2016,266,138,1,1
MZ0003,3338.04,la_plant,avg,cm2/plant,22/09/2016,2016,266,138,2,1
MZ0003,4438.275,la_plant,avg,cm2/plant,22/09/2016,2016,266,138,3,1
MZ0003,4176.045,la_plant,avg,cm2/plant,22/09/2016,2016,266,138,4,1
MZ0003,3283.11,la_plant,avg,cm2/plant,29/09/2016,2016,273,145,1,1
MZ0003,2502.495,la_plant,avg,cm2/plant,29/09/2016,2016,273,145,2,1
MZ0003,2162.385,la_plant,avg,cm2/plant,29/09/2016,2016,273,145,3,1
MZ0003,1206.24,la_plant,avg,cm2/plant,29/09/2016,2016,273,145,4,1
MZ0003,0.018652525,lai,avg,m2/m2,23/05/2016,2016,144,16,1,1
MZ0003,0.016620202,lai,avg,m2/m2,23/05/2016,2016,144,16,2,1
MZ0003,0.018616162,lai,avg,m2/m2,23/05/2016,2016,144,16,3,1
MZ0003,0.017689899,lai,avg,m2/m2,23/05/2016,2016,144,16,4,1
MZ0003,0.050980808,lai,avg,m2/m2,31/05/2016,2016,152,24,1,1
MZ0003,0.03549798,lai,avg,m2/m2,31/05/2016,2016,152,24,2,1
MZ0003,0.042158586,lai,avg,m2/m2,31/05/2016,2016,152,24,3,1
MZ0003,0.039131313,lai,avg,m2/m2,31/05/2016,2016,152,24,4,1
MZ0003,0.082737374,lai,avg,m2/m2,6/6/2016,2016,158,30,1,1
MZ0003,0.064939394,lai,avg,m2/m2,6/6/2016,2016,158,30,2,1
MZ0003,0.050111111,lai,avg,m2/m2,6/6/2016,2016,158,30,3,1
MZ0003,0.054848485,lai,avg,m2/m2,6/6/2016,2016,158,30,4,1
MZ0003,0.180843434,lai,avg,m2/m2,21/06/2016,2016,173,45,1,1
MZ0003,0.26639596,lai,avg,m2/m2,21/06/2016,2016,173,45,2,1
MZ0003,0.166035354,lai,avg,m2/m2,21/06/2016,2016,173,45,3,1
MZ0003,0.109056566,lai,avg,m2/m2,21/06/2016,2016,173,45,4,1
MZ0003,0.218951515,lai,avg,m2/m2,27/06/2016,2016,179,51,1,1
MZ0003,0.211641414,lai,avg,m2/m2,27/06/2016,2016,179,51,2,1
MZ0003,0.204050505,lai,avg,m2/m2,27/06/2016,2016,179,51,3,1
MZ0003,0.205146465,lai,avg,m2/m2,27/06/2016,2016,179,51,4,1
MZ0003,0.380050505,lai,avg,m2/m2,4/7/2016,2016,186,58,1,1
MZ0003,0.478848485,lai,avg,m2/m2,4/7/2016,2016,186,58,2,1
MZ0003,0.346328283,lai,avg,m2/m2,4/7/2016,2016,186,58,3,1
MZ0003,0.411640404,lai,avg,m2/m2,4/7/2016,2016,186,58,4,1
MZ0003,0.663156566,lai,avg,m2/m2,11/7/2016,2016,193,65,1,1
MZ0003,0.735186869,lai,avg,m2/m2,11/7/2016,2016,193,65,2,1
MZ0003,0.547353535,lai,avg,m2/m2,11/7/2016,2016,193,65,3,1
MZ0003,0.566838384,lai,avg,m2/m2,11/7/2016,2016,193,65,4,1
MZ0003,0.908752525,lai,avg,m2/m2,18/07/2016,2016,200,72,1,1
MZ0003,0.967590909,lai,avg,m2/m2,18/07/2016,2016,200,72,2,1
MZ0003,0.654643434,lai,avg,m2/m2,18/07/2016,2016,200,72,3,1
MZ0003,0.814347475,lai,avg,m2/m2,18/07/2016,2016,200,72,4,1
MZ0003,1.000068687,lai,avg,m2/m2,26/07/2016,2016,208,80,1,1
MZ0003,1.288230303,lai,avg,m2/m2,26/07/2016,2016,208,80,2,1
MZ0003,0.855862626,lai,avg,m2/m2,26/07/2016,2016,208,80,3,1
MZ0003,0.803434343,lai,avg,m2/m2,26/07/2016,2016,208,80,4,1
MZ0003,2.141353535,lai,avg,m2/m2,1/8/2016,2016,214,86,1,1
MZ0003,2.624949495,lai,avg,m2/m2,1/8/2016,2016,214,86,2,1
MZ0003,2.210787879,lai,avg,m2/m2,1/8/2016,2016,214,86,3,1
MZ0003,2.211828283,lai,avg,m2/m2,1/8/2016,2016,214,86,4,1
MZ0003,3.194676768,lai,avg,m2/m2,11/8/2016,2016,224,96,1,1
MZ0003,2.944663636,lai,avg,m2/m2,11/8/2016,2016,224,96,2,1
MZ0003,2.994808081,lai,avg,m2/m2,11/8/2016,2016,224,96,3,1
MZ0003,2.576676768,lai,avg,m2/m2,11/8/2016,2016,224,96,4,1
MZ0003,3.413939394,lai,avg,m2/m2,18/08/2016,2016,231,103,1,1
MZ0003,3.067323232,lai,avg,m2/m2,18/08/2016,2016,231,103,2,1
MZ0003,2.960606061,lai,avg,m2/m2,18/08/2016,2016,231,103,3,1
MZ0003,2.299348485,lai,avg,m2/m2,18/08/2016,2016,231,103,4,1
MZ0003,3.917989899,lai,avg,m2/m2,26/08/2016,2016,239,111,1,1
MZ0003,3.159919192,lai,avg,m2/m2,26/08/2016,2016,239,111,2,1
MZ0003,2.986792929,lai,avg,m2/m2,26/08/2016,2016,239,111,3,1
MZ0003,2.969373737,lai,avg,m2/m2,26/08/2016,2016,239,111,4,1
MZ0003,3.460343434,lai,avg,m2/m2,30/08/2016,2016,243,115,1,1
MZ0003,3.056040404,lai,avg,m2/m2,30/08/2016,2016,243,115,2,1
MZ0003,3.113424242,lai,avg,m2/m2,30/08/2016,2016,243,115,3,1
MZ0003,3.095414141,lai,avg,m2/m2,30/08/2016,2016,243,115,4,1
MZ0003,3.412212121,lai,avg,m2/m2,15/09/2016,2016,259,131,1,1
MZ0003,3.199070707,lai,avg,m2/m2,15/09/2016,2016,259,131,2,1
MZ0003,2.693333333,lai,avg,m2/m2,15/09/2016,2016,259,131,3,1
MZ0003,2.920914141,lai,avg,m2/m2,15/09/2016,2016,259,131,4,1
MZ0003,3.025262626,lai,avg,m2/m2,22/09/2016,2016,266,138,1,1
MZ0003,2.247838384,lai,avg,m2/m2,22/09/2016,2016,266,138,2,1
MZ0003,2.988737374,lai,avg,m2/m2,22/09/2016,2016,266,138,3,1
MZ0003,2.812151515,lai,avg,m2/m2,22/09/2016,2016,266,138,4,1
MZ0003,2.210848485,lai,avg,m2/m2,29/09/2016,2016,273,145,1,1
MZ0003,1.685181818,lai,avg,m2/m2,29/09/2016,2016,273,145,2,1
MZ0003,1.456151515,lai,avg,m2/m2,29/09/2016,2016,273,145,3,1
MZ0003,0.812282828,lai,avg,m2/m2,29/09/2016,2016,273,145,4,1
MZ0003,0.0428,plant_h,avg,m,23/05/2016,2016,144,16,1,1
MZ0003,0.0358,plant_h,avg,m,23/05/2016,2016,144,16,2,1
MZ0003,0.0396,plant_h,avg,m,23/05/2016,2016,144,16,3,1
MZ0003,0.036,plant_h,avg,m,23/05/2016,2016,144,16,4,1
MZ0003,0.069,plant_h,avg,m,31/05/2016,2016,152,24,1,1
MZ0003,0.056,plant_h,avg,m,31/05/2016,2016,152,24,2,1
MZ0003,0.0564,plant_h,avg,m,31/05/2016,2016,152,24,3,1
MZ0003,0.0456,plant_h,avg,m,31/05/2016,2016,152,24,4,1
MZ0003,0.1074,plant_h,avg,m,6/6/2016,2016,158,30,1,1
MZ0003,0.101,plant_h,avg,m,6/6/2016,2016,158,30,2,1
MZ0003,0.106,plant_h,avg,m,6/6/2016,2016,158,30,3,1
MZ0003,0.086,plant_h,avg,m,6/6/2016,2016,158,30,4,1
MZ0003,0.136,plant_h,avg,m,21/06/2016,2016,173,45,1,1
MZ0003,0.1632,plant_h,avg,m,21/06/2016,2016,173,45,2,1
MZ0003,0.1308,plant_h,avg,m,21/06/2016,2016,173,45,3,1
MZ0003,0.1268,plant_h,avg,m,21/06/2016,2016,173,45,4,1
MZ0003,0.165,plant_h,avg,m,27/06/2016,2016,179,51,1,1
MZ0003,0.154,plant_h,avg,m,27/06/2016,2016,179,51,2,1
MZ0003,0.142,plant_h,avg,m,27/06/2016,2016,179,51,3,1
MZ0003,0.139,plant_h,avg,m,27/06/2016,2016,179,51,4,1
MZ0003,0.197,plant_h,avg,m,4/7/2016,2016,186,58,1,1
MZ0003,0.208,plant_h,avg,m,4/7/2016,2016,186,58,2,1
MZ0003,0.184,plant_h,avg,m,4/7/2016,2016,186,58,3,1
MZ0003,0.1772,plant_h,avg,m,4/7/2016,2016,186,58,4,1
MZ0003,0.295,plant_h,avg,m,11/7/2016,2016,193,65,1,1
MZ0003,0.315,plant_h,avg,m,11/7/2016,2016,193,65,2,1
MZ0003,0.279,plant_h,avg,m,11/7/2016,2016,193,65,3,1
MZ0003,0.267,plant_h,avg,m,11/7/2016,2016,193,65,4,1
MZ0003,0.445,plant_h,avg,m,18/07/2016,2016,200,72,1,1
MZ0003,0.466,plant_h,avg,m,18/07/2016,2016,200,72,2,1
MZ0003,0.443,plant_h,avg,m,18/07/2016,2016,200,72,3,1
MZ0003,0.36,plant_h,avg,m,18/07/2016,2016,200,72,4,1
MZ0003,0.646,plant_h,avg,m,26/07/2016,2016,208,80,1,1
MZ0003,0.6594,plant_h,avg,m,26/07/2016,2016,208,80,2,1
MZ0003,0.504,plant_h,avg,m,26/07/2016,2016,208,80,3,1
MZ0003,0.453,plant_h,avg,m,26/07/2016,2016,208,80,4,1
MZ0003,0.904,plant_h,avg,m,1/8/2016,2016,214,86,1,1
MZ0003,1.078,plant_h,avg,m,1/8/2016,2016,214,86,2,1
MZ0003,0.97,plant_h,avg,m,1/8/2016,2016,214,86,3,1
MZ0003,0.926,plant_h,avg,m,1/8/2016,2016,214,86,4,1
MZ0003,1.41,plant_h,avg,m,11/8/2016,2016,224,96,1,1
MZ0003,1.29,plant_h,avg,m,11/8/2016,2016,224,96,2,1
MZ0003,1.28,plant_h,avg,m,11/8/2016,2016,224,96,3,1
MZ0003,1.17,plant_h,avg,m,11/8/2016,2016,224,96,4,1
MZ0003,1.5,plant_h,avg,m,18/08/2016,2016,231,103,1,1
MZ0003,1.34,plant_h,avg,m,18/08/2016,2016,231,103,2,1
MZ0003,1.33,plant_h,avg,m,18/08/2016,2016,231,103,3,1
MZ0003,1.11,plant_h,avg,m,18/08/2016,2016,231,103,4,1
MZ0003,1.52,plant_h,avg,m,26/08/2016,2016,239,111,1,1
MZ0003,1.42,plant_h,avg,m,26/08/2016,2016,239,111,2,1
MZ0003,1.4,plant_h,avg,m,26/08/2016,2016,239,111,3,1
MZ0003,1.51,plant_h,avg,m,26/08/2016,2016,239,111,4,1
MZ0003,1.58,plant_h,avg,m,30/08/2016,2016,243,115,1,1
MZ0003,1.44,plant_h,avg,m,30/08/2016,2016,243,115,2,1
MZ0003,1.4,plant_h,avg,m,30/08/2016,2016,243,115,3,1
MZ0003,1.37,plant_h,avg,m,30/08/2016,2016,243,115,4,1
MZ0003,1.58,plant_h,avg,m,15/09/2016,2016,259,131,1,1
MZ0003,1.59,plant_h,avg,m,15/09/2016,2016,259,131,2,1
MZ0003,1.41,plant_h,avg,m,15/09/2016,2016,259,131,3,1
MZ0003,1.62,plant_h,avg,m,15/09/2016,2016,259,131,4,1
MZ0003,1.59,plant_h,avg,m,22/09/2016,2016,266,138,1,1
MZ0003,1.71,plant_h,avg,m,22/09/2016,2016,266,138,2,1
MZ0003,1.49,plant_h,avg,m,22/09/2016,2016,266,138,3,1
MZ0003,1.73,plant_h,avg,m,22/09/2016,2016,266,138,4,1
MZ0003,1.63,plant_h,avg,m,29/09/2016,2016,273,145,1,1
MZ0003,1.47,plant_h,avg,m,29/09/2016,2016,273,145,2,1
MZ0003,1.44,plant_h,avg,m,29/09/2016,2016,273,145,3,1
MZ0003,1.42,plant_h,avg,m,29/09/2016,2016,273,145,4,1
MZ0003,11.20932,cob_fw,avg,ton_ha,19/08/2016,2016,232,104,1,1
MZ0003,10.20564,cob_fw,avg,ton_ha,19/08/2016,2016,232,104,2,1
MZ0003,9.28476,cob_fw,avg,ton_ha,19/08/2016,2016,232,104,3,1
MZ0003,8.7159,cob_fw,avg,ton_ha,19/08/2016,2016,232,104,4,1
MZ0003,1.9314,cob_dw,avg,ton_ha,19/08/2016,2016,232,104,1,1
MZ0003,1.66572,cob_dw,avg,ton_ha,19/08/2016,2016,232,104,2,1
MZ0003,1.33692,cob_dw,avg,ton_ha,19/08/2016,2016,232,104,3,1
MZ0003,1.05924,cob_dw,avg,ton_ha,19/08/2016,2016,232,104,4,1
MZ0003,11.79912,cob_dw,avg,ton_ha,19/09/2016,2016,263,135,1,1
MZ0003,12.73896,cob_dw,avg,ton_ha,19/09/2016,2016,263,135,2,1
MZ0003,8.66148,cob_dw,avg,ton_ha,19/09/2016,2016,263,135,3,1
MZ0003,9.83604,cob_dw,avg,ton_ha,19/09/2016,2016,263,135,4,1
MZ0004,0.18396,leaf_fw,avg,ton_ha,11/7/2016,2016,193,18,1,1
MZ0004,0.22464,leaf_fw,avg,ton_ha,11/7/2016,2016,193,18,2,1
MZ0004,0.27636,leaf_fw,avg,ton_ha,11/7/2016,2016,193,18,3,1
MZ0004,0.16308,leaf_fw,avg,ton_ha,11/7/2016,2016,193,18,4,1
MZ0004,0.64128,leaf_fw,avg,ton_ha,25/07/2016,2016,207,32,1,1
MZ0004,0.49584,leaf_fw,avg,ton_ha,25/07/2016,2016,207,32,2,1
MZ0004,0.3144,leaf_fw,avg,ton_ha,25/07/2016,2016,207,32,3,1
MZ0004,0.46944,leaf_fw,avg,ton_ha,25/07/2016,2016,207,32,4,1
MZ0004,3.06696,leaf_fw,avg,ton_ha,19/08/2016,2016,232,57,1,1
MZ0004,2.0964,leaf_fw,avg,ton_ha,19/08/2016,2016,232,57,2,1
MZ0004,1.0428,leaf_fw,avg,ton_ha,19/08/2016,2016,232,57,3,1
MZ0004,1.1514,leaf_fw,avg,ton_ha,19/08/2016,2016,232,57,4,1
MZ0004,8.6772,leaf_fw,avg,ton_ha,13/09/2016,2016,257,82,1,1
MZ0004,5.24904,leaf_fw,avg,ton_ha,13/09/2016,2016,257,82,2,1
MZ0004,7.18848,leaf_fw,avg,ton_ha,13/09/2016,2016,257,82,3,1
MZ0004,5.3772,leaf_fw,avg,ton_ha,13/09/2016,2016,257,82,4,1
MZ0004,3.52272,leaf_fw,avg,ton_ha,6/10/2016,2016,280,105,1,1
MZ0004,5.3466,leaf_fw,avg,ton_ha,6/10/2016,2016,280,105,2,1
MZ0004,4.36308,leaf_fw,avg,ton_ha,6/10/2016,2016,280,105,3,1
MZ0004,4.45128,leaf_fw,avg,ton_ha,6/10/2016,2016,280,105,4,1
MZ0004,0.02088,leaf_dw,avg,ton_ha,11/7/2016,2016,193,18,1,1
MZ0004,0.02616,leaf_dw,avg,ton_ha,11/7/2016,2016,193,18,2,1
MZ0004,0.03096,leaf_dw,avg,ton_ha,11/7/2016,2016,193,18,3,1
MZ0004,0.02028,leaf_dw,avg,ton_ha,11/7/2016,2016,193,18,4,1
MZ0004,0.09432,leaf_dw,avg,ton_ha,25/07/2016,2016,207,32,1,1
MZ0004,0.09336,leaf_dw,avg,ton_ha,25/07/2016,2016,207,32,2,1
MZ0004,0.05844,leaf_dw,avg,ton_ha,25/07/2016,2016,207,32,3,1
MZ0004,0.11064,leaf_dw,avg,ton_ha,25/07/2016,2016,207,32,4,1
MZ0004,0.5028,leaf_dw,avg,ton_ha,19/08/2016,2016,232,57,1,1
MZ0004,0.25584,leaf_dw,avg,ton_ha,19/08/2016,2016,232,57,2,1
MZ0004,0.38124,leaf_dw,avg,ton_ha,19/08/2016,2016,232,57,3,1
MZ0004,0.2976,leaf_dw,avg,ton_ha,19/08/2016,2016,232,57,4,1
MZ0004,1.72344,leaf_dw,avg,ton_ha,13/09/2016,2016,257,82,1,1
MZ0004,1.16664,leaf_dw,avg,ton_ha,13/09/2016,2016,257,82,2,1
MZ0004,1.62816,leaf_dw,avg,ton_ha,13/09/2016,2016,257,82,3,1
MZ0004,1.20156,leaf_dw,avg,ton_ha,13/09/2016,2016,257,82,4,1
MZ0004,1.09236,leaf_dw,avg,ton_ha,6/10/2016,2016,280,105,1,1
MZ0004,1.6704,leaf_dw,avg,ton_ha,6/10/2016,2016,280,105,2,1
MZ0004,1.34136,leaf_dw,avg,ton_ha,6/10/2016,2016,280,105,3,1
MZ0004,1.39992,leaf_dw,avg,ton_ha,6/10/2016,2016,280,105,4,1
MZ0004,0.09048,stalk_fw,avg,ton_ha,11/7/2016,2016,193,18,1,1
MZ0004,0.10044,stalk_fw,avg,ton_ha,11/7/2016,2016,193,18,2,1
MZ0004,0.11784,stalk_fw,avg,ton_ha,11/7/2016,2016,193,18,3,1
MZ0004,0.07644,stalk_fw,avg,ton_ha,11/7/2016,2016,193,18,4,1
MZ0004,0.46224,stalk_fw,avg,ton_ha,25/07/2016,2016,207,32,1,1
MZ0004,0.43152,stalk_fw,avg,ton_ha,25/07/2016,2016,207,32,2,1
MZ0004,0.24696,stalk_fw,avg,ton_ha,25/07/2016,2016,207,32,3,1
MZ0004,0.49536,stalk_fw,avg,ton_ha,25/07/2016,2016,207,32,4,1
MZ0004,2.98512,stalk_fw,avg,ton_ha,19/08/2016,2016,232,57,1,1
MZ0004,1.989,stalk_fw,avg,ton_ha,19/08/2016,2016,232,57,2,1
MZ0004,0.8946,stalk_fw,avg,ton_ha,19/08/2016,2016,232,57,3,1
MZ0004,0.94284,stalk_fw,avg,ton_ha,19/08/2016,2016,232,57,4,1
MZ0004,12.76044,stalk_fw,avg,ton_ha,13/09/2016,2016,257,82,1,1
MZ0004,8.5152,stalk_fw,avg,ton_ha,13/09/2016,2016,257,82,2,1
MZ0004,15.07488,stalk_fw,avg,ton_ha,13/09/2016,2016,257,82,3,1
MZ0004,9.24864,stalk_fw,avg,ton_ha,13/09/2016,2016,257,82,4,1
MZ0004,6.75024,stalk_fw,avg,ton_ha,6/10/2016,2016,280,105,1,1
MZ0004,9.18156,stalk_fw,avg,ton_ha,6/10/2016,2016,280,105,2,1
MZ0004,7.57848,stalk_fw,avg,ton_ha,6/10/2016,2016,280,105,3,1
MZ0004,8.06436,stalk_fw,avg,ton_ha,6/10/2016,2016,280,105,4,1
MZ0004,0.00852,stalk_dw,avg,ton_ha,11/7/2016,2016,193,18,1,1
MZ0004,0.00876,stalk_dw,avg,ton_ha,11/7/2016,2016,193,18,2,1
MZ0004,0.0108,stalk_dw,avg,ton_ha,11/7/2016,2016,193,18,3,1
MZ0004,0.00804,stalk_dw,avg,ton_ha,11/7/2016,2016,193,18,4,1
MZ0004,0.05052,stalk_dw,avg,ton_ha,25/07/2016,2016,207,32,1,1
MZ0004,0.05172,stalk_dw,avg,ton_ha,25/07/2016,2016,207,32,2,1
MZ0004,0.03,stalk_dw,avg,ton_ha,25/07/2016,2016,207,32,3,1
MZ0004,0.06732,stalk_dw,avg,ton_ha,25/07/2016,2016,207,32,4,1
MZ0004,0.3396,stalk_dw,avg,ton_ha,19/08/2016,2016,232,57,1,1
MZ0004,0.15636,stalk_dw,avg,ton_ha,19/08/2016,2016,232,57,2,1
MZ0004,0.22836,stalk_dw,avg,ton_ha,19/08/2016,2016,232,57,3,1
MZ0004,0.1272,stalk_dw,avg,ton_ha,19/08/2016,2016,232,57,4,1
MZ0004,1.7982,stalk_dw,avg,ton_ha,13/09/2016,2016,257,82,1,1
MZ0004,1.12692,stalk_dw,avg,ton_ha,13/09/2016,2016,257,82,2,1
MZ0004,2.02272,stalk_dw,avg,ton_ha,13/09/2016,2016,257,82,3,1
MZ0004,1.2048,stalk_dw,avg,ton_ha,13/09/2016,2016,257,82,4,1
MZ0004,1.94856,stalk_dw,avg,ton_ha,6/10/2016,2016,280,105,1,1
MZ0004,2.18124,stalk_dw,avg,ton_ha,6/10/2016,2016,280,105,2,1
MZ0004,2.27544,stalk_dw,avg,ton_ha,6/10/2016,2016,280,105,3,1
MZ0004,2.41308,stalk_dw,avg,ton_ha,6/10/2016,2016,280,105,4,1
MZ0004,76.0575,la_plant,avg,cm2/plant,12/7/2016,2016,194,19,1,1
MZ0004,64.2975,la_plant,avg,cm2/plant,12/7/2016,2016,194,19,2,1
MZ0004,76.5825,la_plant,avg,cm2/plant,12/7/2016,2016,194,19,3,1
MZ0004,80.6625,la_plant,avg,cm2/plant,12/7/2016,2016,194,19,4,1
MZ0004,141.4125,la_plant,avg,cm2/plant,18/07/2016,2016,200,25,1,1
MZ0004,125.6475,la_plant,avg,cm2/plant,18/07/2016,2016,200,25,2,1
MZ0004,131.9055,la_plant,avg,cm2/plant,18/07/2016,2016,200,25,3,1
MZ0004,143.5395,la_plant,avg,cm2/plant,18/07/2016,2016,200,25,4,1
MZ0004,137.934,la_plant,avg,cm2/plant,26/07/2016,2016,208,33,1,1
MZ0004,145.05,la_plant,avg,cm2/plant,26/07/2016,2016,208,33,2,1
MZ0004,176.3805,la_plant,avg,cm2/plant,26/07/2016,2016,208,33,3,1
MZ0004,209.763,la_plant,avg,cm2/plant,26/07/2016,2016,208,33,4,1
MZ0004,401.295,la_plant,avg,cm2/plant,3/8/2016,2016,216,41,1,1
MZ0004,279.5955,la_plant,avg,cm2/plant,3/8/2016,2016,216,41,2,1
MZ0004,274.227,la_plant,avg,cm2/plant,3/8/2016,2016,216,41,3,1
MZ0004,388.176,la_plant,avg,cm2/plant,3/8/2016,2016,216,41,4,1
MZ0004,411.585,la_plant,avg,cm2/plant,9/8/2016,2016,222,47,1,1
MZ0004,268.7325,la_plant,avg,cm2/plant,9/8/2016,2016,222,47,2,1
MZ0004,365.85,la_plant,avg,cm2/plant,9/8/2016,2016,222,47,3,1
MZ0004,435.8325,la_plant,avg,cm2/plant,9/8/2016,2016,222,47,4,1
MZ0004,472.6575,la_plant,avg,cm2/plant,18/08/2016,2016,231,56,1,1
MZ0004,5.85,la_plant,avg,cm2/plant,18/08/2016,2016,231,56,2,1
MZ0004,478.77,la_plant,avg,cm2/plant,18/08/2016,2016,231,56,3,1
MZ0004,547.719,la_plant,avg,cm2/plant,18/08/2016,2016,231,56,4,1
MZ0004,570.27,la_plant,avg,cm2/plant,24/08/2016,2016,237,62,1,1
MZ0004,405.135,la_plant,avg,cm2/plant,24/08/2016,2016,237,62,2,1
MZ0004,481.3335,la_plant,avg,cm2/plant,24/08/2016,2016,237,62,3,1
MZ0004,689.4945,la_plant,avg,cm2/plant,24/08/2016,2016,237,62,4,1
MZ0004,846.3825,la_plant,avg,cm2/plant,31/08/2016,2016,244,69,1,1
MZ0004,756.567,la_plant,avg,cm2/plant,31/08/2016,2016,244,69,2,1
MZ0004,861.1965,la_plant,avg,cm2/plant,31/08/2016,2016,244,69,3,1
MZ0004,1158.348,la_plant,avg,cm2/plant,31/08/2016,2016,244,69,4,1
MZ0004,2324.535,la_plant,avg,cm2/plant,14/09/2016,2016,258,83,1,1
MZ0004,1696.8525,la_plant,avg,cm2/plant,14/09/2016,2016,258,83,2,1
MZ0004,1766.5725,la_plant,avg,cm2/plant,14/09/2016,2016,258,83,3,1
MZ0004,2371.4385,la_plant,avg,cm2/plant,14/09/2016,2016,258,83,4,1
MZ0004,2875.9155,la_plant,avg,cm2/plant,21/09/2016,2016,265,90,1,1
MZ0004,2141.1,la_plant,avg,cm2/plant,21/09/2016,2016,265,90,2,1
MZ0004,2324.856,la_plant,avg,cm2/plant,21/09/2016,2016,265,90,3,1
MZ0004,2953.1025,la_plant,avg,cm2/plant,21/09/2016,2016,265,90,4,1
MZ0004,2826.5355,la_plant,avg,cm2/plant,5/10/2016,2016,279,104,1,1
MZ0004,2405.9925,la_plant,avg,cm2/plant,5/10/2016,2016,279,104,2,1
MZ0004,2189.79,la_plant,avg,cm2/plant,5/10/2016,2016,279,104,3,1
MZ0004,2781.93,la_plant,avg,cm2/plant,5/10/2016,2016,279,104,4,1
MZ0004,2535.555,la_plant,avg,cm2/plant,11/10/2016,2016,285,110,1,1
MZ0004,2391.5205,la_plant,avg,cm2/plant,11/10/2016,2016,285,110,2,1
MZ0004,1960.53,la_plant,avg,cm2/plant,11/10/2016,2016,285,110,3,1
MZ0004,2969.8575,la_plant,avg,cm2/plant,11/10/2016,2016,285,110,4,1
MZ0004,0.051217172,lai,avg,m2/m2,12/7/2016,2016,194,19,1,1
MZ0004,0.04329798,lai,avg,m2/m2,12/7/2016,2016,194,19,2,1
MZ0004,0.051570707,lai,avg,m2/m2,12/7/2016,2016,194,19,3,1
MZ0004,0.054318182,lai,avg,m2/m2,12/7/2016,2016,194,19,4,1
MZ0004,0.095227273,lai,avg,m2/m2,18/07/2016,2016,200,25,1,1
MZ0004,0.084611111,lai,avg,m2/m2,18/07/2016,2016,200,25,2,1
MZ0004,0.088825253,lai,avg,m2/m2,18/07/2016,2016,200,25,3,1
MZ0004,0.096659596,lai,avg,m2/m2,18/07/2016,2016,200,25,4,1
MZ0004,0.092884848,lai,avg,m2/m2,26/07/2016,2016,208,33,1,1
MZ0004,0.097676768,lai,avg,m2/m2,26/07/2016,2016,208,33,2,1
MZ0004,0.118774747,lai,avg,m2/m2,26/07/2016,2016,208,33,3,1
MZ0004,0.141254545,lai,avg,m2/m2,26/07/2016,2016,208,33,4,1
MZ0004,0.270232323,lai,avg,m2/m2,3/8/2016,2016,216,41,1,1
MZ0004,0.188279798,lai,avg,m2/m2,3/8/2016,2016,216,41,2,1
MZ0004,0.184664646,lai,avg,m2/m2,3/8/2016,2016,216,41,3,1
MZ0004,0.26139798,lai,avg,m2/m2,3/8/2016,2016,216,41,4,1
MZ0004,0.277161616,lai,avg,m2/m2,9/8/2016,2016,222,47,1,1
MZ0004,0.180964646,lai,avg,m2/m2,9/8/2016,2016,222,47,2,1
MZ0004,0.246363636,lai,avg,m2/m2,9/8/2016,2016,222,47,3,1
MZ0004,0.293489899,lai,avg,m2/m2,9/8/2016,2016,222,47,4,1
MZ0004,0.318287879,lai,avg,m2/m2,18/08/2016,2016,231,56,1,1
MZ0004,0.003939394,lai,avg,m2/m2,18/08/2016,2016,231,56,2,1
MZ0004,0.32240404,lai,avg,m2/m2,18/08/2016,2016,231,56,3,1
MZ0004,0.368834343,lai,avg,m2/m2,18/08/2016,2016,231,56,4,1
MZ0004,0.384020202,lai,avg,m2/m2,24/08/2016,2016,237,62,1,1
MZ0004,0.272818182,lai,avg,m2/m2,24/08/2016,2016,237,62,2,1
MZ0004,0.324130303,lai,avg,m2/m2,24/08/2016,2016,237,62,3,1
MZ0004,0.464306061,lai,avg,m2/m2,24/08/2016,2016,237,62,4,1
MZ0004,0.569954545,lai,avg,m2/m2,31/08/2016,2016,244,69,1,1
MZ0004,0.509472727,lai,avg,m2/m2,31/08/2016,2016,244,69,2,1
MZ0004,0.579930303,lai,avg,m2/m2,31/08/2016,2016,244,69,3,1
MZ0004,0.780032323,lai,avg,m2/m2,31/08/2016,2016,244,69,4,1
MZ0004,1.565343434,lai,avg,m2/m2,14/09/2016,2016,258,83,1,1
MZ0004,1.142661616,lai,avg,m2/m2,14/09/2016,2016,258,83,2,1
MZ0004,1.189611111,lai,avg,m2/m2,14/09/2016,2016,258,83,3,1
MZ0004,1.596928283,lai,avg,m2/m2,14/09/2016,2016,258,83,4,1
MZ0004,1.936643434,lai,avg,m2/m2,21/09/2016,2016,265,90,1,1
MZ0004,1.441818182,lai,avg,m2/m2,21/09/2016,2016,265,90,2,1
MZ0004,1.565559596,lai,avg,m2/m2,21/09/2016,2016,265,90,3,1
MZ0004,1.988621212,lai,avg,m2/m2,21/09/2016,2016,265,90,4,1
MZ0004,1.903390909,lai,avg,m2/m2,5/10/2016,2016,279,104,1,1
MZ0004,1.62019697,lai,avg,m2/m2,5/10/2016,2016,279,104,2,1
MZ0004,1.474606061,lai,avg,m2/m2,5/10/2016,2016,279,104,3,1
MZ0004,1.873353535,lai,avg,m2/m2,5/10/2016,2016,279,104,4,1
MZ0004,1.707444444,lai,avg,m2/m2,11/10/2016,2016,285,110,1,1
MZ0004,1.610451515,lai,avg,m2/m2,11/10/2016,2016,285,110,2,1
MZ0004,1.320222222,lai,avg,m2/m2,11/10/2016,2016,285,110,3,1
MZ0004,1.99990404,lai,avg,m2/m2,11/10/2016,2016,285,110,4,1
MZ0004,0.062,plant_h,avg,m,12/7/2016,2016,194,19,1,1
MZ0004,0.061,plant_h,avg,m,12/7/2016,2016,194,19,2,1
MZ0004,0.069,plant_h,avg,m,12/7/2016,2016,194,19,3,1
MZ0004,0.069,plant_h,avg,m,12/7/2016,2016,194,19,4,1
MZ0004,0.079,plant_h,avg,m,18/07/2016,2016,200,25,1,1
MZ0004,0.08,plant_h,avg,m,18/07/2016,2016,200,25,2,1
MZ0004,0.084,plant_h,avg,m,18/07/2016,2016,200,25,3,1
MZ0004,0.083,plant_h,avg,m,18/07/2016,2016,200,25,4,1
MZ0004,0.094,plant_h,avg,m,26/07/2016,2016,208,33,1,1
MZ0004,0.0908,plant_h,avg,m,26/07/2016,2016,208,33,2,1
MZ0004,0.113,plant_h,avg,m,26/07/2016,2016,208,33,3,1
MZ0004,0.088,plant_h,avg,m,26/07/2016,2016,208,33,4,1
MZ0004,0.292,plant_h,avg,m,3/8/2016,2016,216,41,1,1
MZ0004,0.2746,plant_h,avg,m,3/8/2016,2016,216,41,2,1
MZ0004,0.241,plant_h,avg,m,3/8/2016,2016,216,41,3,1
MZ0004,0.27,plant_h,avg,m,3/8/2016,2016,216,41,4,1
MZ0004,0.332,plant_h,avg,m,9/8/2016,2016,222,47,1,1
MZ0004,0.294,plant_h,avg,m,9/8/2016,2016,222,47,2,1
MZ0004,0.344,plant_h,avg,m,9/8/2016,2016,222,47,3,1
MZ0004,0.344,plant_h,avg,m,9/8/2016,2016,222,47,4,1
MZ0004,0.374,plant_h,avg,m,18/08/2016,2016,231,56,1,1
MZ0004,0.304,plant_h,avg,m,18/08/2016,2016,231,56,2,1
MZ0004,0.4,plant_h,avg,m,18/08/2016,2016,231,56,3,1
MZ0004,0.395,plant_h,avg,m,18/08/2016,2016,231,56,4,1
MZ0004,0.396,plant_h,avg,m,24/08/2016,2016,237,62,1,1
MZ0004,0.318,plant_h,avg,m,24/08/2016,2016,237,62,2,1
MZ0004,0.417,plant_h,avg,m,24/08/2016,2016,237,62,3,1
MZ0004,0.463,plant_h,avg,m,24/08/2016,2016,237,62,4,1
MZ0004,0.478,plant_h,avg,m,31/08/2016,2016,244,69,1,1
MZ0004,0.456,plant_h,avg,m,31/08/2016,2016,244,69,2,1
MZ0004,0.54,plant_h,avg,m,31/08/2016,2016,244,69,3,1
MZ0004,0.632,plant_h,avg,m,31/08/2016,2016,244,69,4,1
MZ0004,0.98,plant_h,avg,m,14/09/2016,2016,258,83,1,1
MZ0004,0.938,plant_h,avg,m,14/09/2016,2016,258,83,2,1
MZ0004,0.79,plant_h,avg,m,14/09/2016,2016,258,83,3,1
MZ0004,1.036,plant_h,avg,m,14/09/2016,2016,258,83,4,1
MZ0004,1.27,plant_h,avg,m,21/09/2016,2016,265,90,1,1
MZ0004,1.11,plant_h,avg,m,21/09/2016,2016,265,90,2,1
MZ0004,1.2,plant_h,avg,m,21/09/2016,2016,265,90,3,1
MZ0004,1.28,plant_h,avg,m,21/09/2016,2016,265,90,4,1
MZ0004,1.34,plant_h,avg,m,5/10/2016,2016,279,104,1,1
MZ0004,1.2,plant_h,avg,m,5/10/2016,2016,279,104,2,1
MZ0004,1.31,plant_h,avg,m,5/10/2016,2016,279,104,3,1
MZ0004,1.4,plant_h,avg,m,5/10/2016,2016,279,104,4,1
MZ0004,1.42,plant_h,avg,m,11/10/2016,2016,285,110,1,1
MZ0004,1.28,plant_h,avg,m,11/10/2016,2016,285,110,2,1
MZ0004,1.33,plant_h,avg,m,11/10/2016,2016,285,110,3,1
MZ0004,1.54,plant_h,avg,m,11/10/2016,2016,285,110,4,1
