run_id,dap,obs_value,variable,variety,units,date,year,doy,obs_type,valid
SC0003,42,0.135,root_dw,RB72454,ton/ha,10/12/2004,2004,345,avg,1
SC0003,68,1.285,root_dw,RB72454,ton/ha,5/1/2005,2005,5,avg,1
SC0003,129,2.301,root_dw,RB72454,ton/ha,7/3/2005,2005,66,avg,1
SC0003,164,1.847,root_dw,RB72454,ton/ha,11/4/2005,2005,101,avg,1
SC0003,214,2.382,root_dw,RB72454,ton/ha,31/05/2005,2005,151,avg,1
SC0004,42,0.135,root_dw,RB72454,ton/ha,10/12/2004,2004,345,avg,1
SC0004,68,1.285,root_dw,RB72454,ton/ha,5/1/2005,2005,5,avg,1
SC0004,129,2.301,root_dw,RB72454,ton/ha,7/3/2005,2005,66,avg,1
SC0004,164,1.847,root_dw,RB72454,ton/ha,11/4/2005,2005,101,avg,1
SC0004,214,2.382,root_dw,RB72454,ton/ha,31/05/2005,2005,151,avg,1
SC0002,42,0.030628307,leaf_dw,R570,ton/ha,10/12/2004,2004,343,avg,1
SC0002,109,1.14186875,leaf_dw,R570,ton/ha,15/02/2005,2005,44,avg,1
SC0002,129,1.828226268,leaf_dw,R570,ton/ha,7/3/2005,2005,64,avg,1
SC0002,214,5.31000875,leaf_dw,R570,ton/ha,31/05/2005,2005,149,avg,1
SC0002,271,6.140952,leaf_dw,R570,ton/ha,27/07/2005,2005,206,avg,1
SC0002,333,6.828285745,leaf_dw,R570,ton/ha,27/09/2005,2005,268,avg,1
SC0001,42,0.024214286,leaf_dw,R570,ton/ha,10/12/2004,2004,343,avg,1
SC0001,109,1.357592,leaf_dw,R570,ton/ha,15/02/2005,2005,44,avg,1
SC0001,129,2.253396109,leaf_dw,R570,ton/ha,7/3/2005,2005,64,avg,1
SC0001,214,5.242725,leaf_dw,R570,ton/ha,31/05/2005,2005,149,avg,1
SC0001,271,6.00730875,leaf_dw,R570,ton/ha,27/07/2005,2005,206,avg,1
SC0001,333,6.113521552,leaf_dw,R570,ton/ha,27/09/2005,2005,268,avg,1
SC0004,42,0.061671958,leaf_dw,RB72454,ton/ha,10/12/2004,2004,343,avg,1
SC0004,109,2.212525141,leaf_dw,RB72454,ton/ha,15/02/2005,2005,44,avg,1
SC0004,129,3.009419853,leaf_dw,RB72454,ton/ha,7/3/2005,2005,64,avg,1
SC0004,214,5.408810543,leaf_dw,RB72454,ton/ha,31/05/2005,2005,149,avg,1
SC0004,271,5.752456668,leaf_dw,RB72454,ton/ha,27/07/2005,2005,206,avg,1
SC0004,333,6.263421985,leaf_dw,RB72454,ton/ha,27/09/2005,2005,268,avg,1
SC0003,42,0.044169643,leaf_dw,RB72454,ton/ha,10/12/2004,2004,343,avg,1
SC0003,109,2.025517641,leaf_dw,RB72454,ton/ha,15/02/2005,2005,44,avg,1
SC0003,129,2.515779223,leaf_dw,RB72454,ton/ha,7/3/2005,2005,64,avg,1
SC0003,214,5.30587916,leaf_dw,RB72454,ton/ha,31/05/2005,2005,149,avg,1
SC0003,271,5.716576035,leaf_dw,RB72454,ton/ha,27/07/2005,2005,206,avg,1
SC0003,333,5.630434448,leaf_dw,RB72454,ton/ha,27/09/2005,2005,268,avg,1
SC0008,42,0.037435185,leaf_dw,NCo376,ton/ha,10/12/2004,2004,343,avg,1
SC0008,109,1.517533,leaf_dw,NCo376,ton/ha,15/02/2005,2005,44,avg,1
SC0008,129,2.466940109,leaf_dw,NCo376,ton/ha,7/3/2005,2005,64,avg,1
SC0008,214,6.353732813,leaf_dw,NCo376,ton/ha,31/05/2005,2005,149,avg,1
SC0008,271,7.411294078,leaf_dw,NCo376,ton/ha,27/07/2005,2005,206,avg,1
SC0008,333,8.459803309,leaf_dw,NCo376,ton/ha,27/09/2005,2005,268,avg,1
SC0007,42,0.030333333,leaf_dw,NCo376,ton/ha,10/12/2004,2004,343,avg,1
SC0007,109,2.310673313,leaf_dw,NCo376,ton/ha,15/02/2005,2005,44,avg,1
SC0007,129,3.150830314,leaf_dw,NCo376,ton/ha,7/3/2005,2005,64,avg,1
SC0007,214,6.507794813,leaf_dw,NCo376,ton/ha,31/05/2005,2005,149,avg,1
SC0007,271,7.365262645,leaf_dw,NCo376,ton/ha,27/07/2005,2005,206,avg,1
SC0007,333,7.239443191,leaf_dw,NCo376,ton/ha,27/09/2005,2005,268,avg,1
SC0006,42,0.029826984,leaf_dw,SP83-2847,ton/ha,10/12/2004,2004,343,avg,1
SC0006,109,1.714195,leaf_dw,SP83-2847,ton/ha,15/02/2005,2005,44,avg,1
SC0006,129,2.511386827,leaf_dw,SP83-2847,ton/ha,7/3/2005,2005,64,avg,1
SC0006,214,5.4368125,leaf_dw,SP83-2847,ton/ha,31/05/2005,2005,149,avg,1
SC0006,271,6.156390625,leaf_dw,SP83-2847,ton/ha,27/07/2005,2005,206,avg,1
SC0006,333,7.080416233,leaf_dw,SP83-2847,ton/ha,27/09/2005,2005,268,avg,1
SC0005,42,0.045383929,leaf_dw,SP83-2847,ton/ha,10/12/2004,2004,343,avg,1
SC0005,109,1.68861,leaf_dw,SP83-2847,ton/ha,15/02/2005,2005,44,avg,1
SC0005,129,2.462296931,leaf_dw,SP83-2847,ton/ha,7/3/2005,2005,64,avg,1
SC0005,214,5.243325938,leaf_dw,SP83-2847,ton/ha,31/05/2005,2005,149,avg,1
SC0005,271,6.03806,leaf_dw,SP83-2847,ton/ha,27/07/2005,2005,206,avg,1
SC0005,333,7.048813913,leaf_dw,SP83-2847,ton/ha,27/09/2005,2005,268,avg,1
SC0002,42,0.040667989,aerial_dw,R570,ton/ha,10/12/2004,2004,343,avg,1
SC0002,109,4.265752734,aerial_dw,R570,ton/ha,15/02/2005,2005,44,avg,1
SC0002,129,8.87,aerial_dw,R570,ton/ha,7/3/2005,2005,64,avg,1
SC0002,214,38.99731261,aerial_dw,R570,ton/ha,31/05/2005,2005,149,avg,1
SC0002,271,50.363163,aerial_dw,R570,ton/ha,27/07/2005,2005,206,avg,1
SC0002,333,56.89491644,aerial_dw,R570,ton/ha,27/09/2005,2005,268,avg,1
SC0001,42,0.032571429,aerial_dw,R570,ton/ha,10/12/2004,2004,343,avg,1
SC0001,109,5.294043,aerial_dw,R570,ton/ha,15/02/2005,2005,44,avg,1
SC0001,129,8.760610752,aerial_dw,R570,ton/ha,7/3/2005,2005,64,avg,1
SC0001,214,38.15188594,aerial_dw,R570,ton/ha,31/05/2005,2005,149,avg,1
SC0001,271,48.41598136,aerial_dw,R570,ton/ha,27/07/2005,2005,206,avg,1
SC0001,333,54.08890805,aerial_dw,R570,ton/ha,27/09/2005,2005,268,avg,1
SC0004,42,0.091886243,aerial_dw,RB72454,ton/ha,10/12/2004,2004,343,avg,1
SC0004,109,12.38717614,aerial_dw,RB72454,ton/ha,15/02/2005,2005,44,avg,1
SC0004,129,19.40000774,aerial_dw,RB72454,ton/ha,7/3/2005,2005,64,avg,1
SC0004,214,51.08652093,aerial_dw,RB72454,ton/ha,31/05/2005,2005,149,avg,1
SC0004,271,57.87247489,aerial_dw,RB72454,ton/ha,27/07/2005,2005,206,avg,1
SC0004,333,65.0474222,aerial_dw,RB72454,ton/ha,27/09/2005,2005,268,avg,1
SC0003,42,0.074982143,aerial_dw,RB72454,ton/ha,10/12/2004,2004,343,avg,1
SC0003,109,11.01185339,aerial_dw,RB72454,ton/ha,15/02/2005,2005,44,avg,1
SC0003,129,14.07056112,aerial_dw,RB72454,ton/ha,7/3/2005,2005,64,avg,1
SC0003,214,49.19896419,aerial_dw,RB72454,ton/ha,31/05/2005,2005,149,avg,1
SC0003,271,57.12656107,aerial_dw,RB72454,ton/ha,27/07/2005,2005,206,avg,1
SC0003,333,61.28526165,aerial_dw,RB72454,ton/ha,27/09/2005,2005,268,avg,1
SC0008,42,0.06175,aerial_dw,NCo376,ton/ha,10/12/2004,2004,343,avg,1
SC0008,109,3.78389,aerial_dw,NCo376,ton/ha,15/02/2005,2005,44,avg,1
SC0008,129,12.1555808,aerial_dw,NCo376,ton/ha,7/3/2005,2005,64,avg,1
SC0008,214,44.74165781,aerial_dw,NCo376,ton/ha,31/05/2005,2005,149,avg,1
SC0008,271,59.26390027,aerial_dw,NCo376,ton/ha,27/07/2005,2005,206,avg,1
SC0008,333,75.78416208,aerial_dw,NCo376,ton/ha,27/09/2005,2005,268,avg,1
SC0007,42,0.047666667,aerial_dw,NCo376,ton/ha,10/12/2004,2004,343,avg,1
SC0007,109,7.534817813,aerial_dw,NCo376,ton/ha,15/02/2005,2005,44,avg,1
SC0007,129,16.04793334,aerial_dw,NCo376,ton/ha,7/3/2005,2005,64,avg,1
SC0007,214,46.73712381,aerial_dw,NCo376,ton/ha,31/05/2005,2005,149,avg,1
SC0007,271,58.59186485,aerial_dw,NCo376,ton/ha,27/07/2005,2005,206,avg,1
SC0007,333,63.2,aerial_dw,NCo376,ton/ha,27/09/2005,2005,268,avg,1
SC0006,42,0.046685714,aerial_dw,SP83-2847,ton/ha,10/12/2004,2004,343,avg,1
SC0006,109,8.391214,aerial_dw,SP83-2847,ton/ha,15/02/2005,2005,44,avg,1
SC0006,129,13.36221727,aerial_dw,SP83-2847,ton/ha,7/3/2005,2005,64,avg,1
SC0006,214,41.702275,aerial_dw,SP83-2847,ton/ha,31/05/2005,2005,149,avg,1
SC0006,271,50.52427188,aerial_dw,SP83-2847,ton/ha,27/07/2005,2005,206,avg,1
SC0006,333,61.69161169,aerial_dw,SP83-2847,ton/ha,27/09/2005,2005,268,avg,1
SC0005,42,0.067696429,aerial_dw,SP83-2847,ton/ha,10/12/2004,2004,343,avg,1
SC0005,109,8.233764,aerial_dw,SP83-2847,ton/ha,15/02/2005,2005,44,avg,1
SC0005,129,13.18230007,aerial_dw,SP83-2847,ton/ha,7/3/2005,2005,64,avg,1
SC0005,214,39.46184278,aerial_dw,SP83-2847,ton/ha,31/05/2005,2005,149,avg,1
SC0005,271,49.020504,aerial_dw,SP83-2847,ton/ha,27/07/2005,2005,206,avg,1
SC0005,333,64.10023447,aerial_dw,SP83-2847,ton/ha,27/09/2005,2005,268,avg,1
SC0002,109,0.73776875,stalk_dw,R570,ton/ha,15/02/2005,2005,44,avg,1
SC0002,129,5.689418682,stalk_dw,R570,ton/ha,7/3/2005,2005,64,avg,1
SC0002,214,24.16714625,stalk_dw,R570,ton/ha,31/05/2005,2005,149,avg,1
SC0002,271,29.28563,stalk_dw,R570,ton/ha,27/07/2005,2005,206,avg,1
SC0002,333,30.50492476,stalk_dw,R570,ton/ha,27/09/2005,2005,268,avg,1
SC0001,109,0,stalk_dw,R570,ton/ha,15/02/2005,2005,44,avg,1
SC0001,129,4.876601137,stalk_dw,R570,ton/ha,7/3/2005,2005,64,avg,1
SC0001,214,23.7602375,stalk_dw,R570,ton/ha,31/05/2005,2005,149,avg,1
SC0001,271,28.45039625,stalk_dw,R570,ton/ha,27/07/2005,2005,206,avg,1
SC0001,333,32.42568966,stalk_dw,R570,ton/ha,27/09/2005,2005,268,avg,1
SC0004,109,8.22925375,stalk_dw,RB72454,ton/ha,15/02/2005,2005,44,avg,1
SC0004,129,13.73478076,stalk_dw,RB72454,ton/ha,7/3/2005,2005,64,avg,1
SC0004,214,33.00029208,stalk_dw,RB72454,ton/ha,31/05/2005,2005,149,avg,1
SC0004,271,36.33637042,stalk_dw,RB72454,ton/ha,27/07/2005,2005,206,avg,1
SC0004,333,39.60656672,stalk_dw,RB72454,ton/ha,27/09/2005,2005,268,avg,1
SC0003,109,7.00777625,stalk_dw,RB72454,ton/ha,15/02/2005,2005,44,avg,1
SC0003,129,9.661387968,stalk_dw,RB72454,ton/ha,7/3/2005,2005,64,avg,1
SC0003,214,32.03821438,stalk_dw,RB72454,ton/ha,31/05/2005,2005,149,avg,1
SC0003,271,35.97846438,stalk_dw,RB72454,ton/ha,27/07/2005,2005,206,avg,1
SC0003,333,38.11131515,stalk_dw,RB72454,ton/ha,27/09/2005,2005,268,avg,1
SC0008,109,0,stalk_dw,NCo376,ton/ha,15/02/2005,2005,44,avg,1
SC0008,129,7.034527215,stalk_dw,NCo376,ton/ha,7/3/2005,2005,64,avg,1
SC0008,214,29.086625,stalk_dw,NCo376,ton/ha,31/05/2005,2005,149,avg,1
SC0008,271,36.1553975,stalk_dw,NCo376,ton/ha,27/07/2005,2005,206,avg,1
SC0008,333,44.46241519,stalk_dw,NCo376,ton/ha,27/09/2005,2005,268,avg,1
SC0007,109,1.586195,stalk_dw,NCo376,ton/ha,15/02/2005,2005,44,avg,1
SC0007,129,9.689232478,stalk_dw,NCo376,ton/ha,7/3/2005,2005,64,avg,1
SC0007,214,30.119505,stalk_dw,NCo376,ton/ha,31/05/2005,2005,149,avg,1
SC0007,271,35.84876125,stalk_dw,NCo376,ton/ha,27/07/2005,2005,206,avg,1
SC0007,333,36.71,stalk_dw,NCo376,ton/ha,27/09/2005,2005,268,avg,1
SC0006,109,3.82514,stalk_dw,SP83-2847,ton/ha,15/02/2005,2005,44,avg,1
SC0006,129,8.721206002,stalk_dw,SP83-2847,ton/ha,7/3/2005,2005,64,avg,1
SC0006,214,27.3845,stalk_dw,SP83-2847,ton/ha,31/05/2005,2005,149,avg,1
SC0006,271,31.9385,stalk_dw,SP83-2847,ton/ha,27/07/2005,2005,206,avg,1
SC0006,333,36.91168456,stalk_dw,SP83-2847,ton/ha,27/09/2005,2005,268,avg,1
SC0005,109,3.66322,stalk_dw,SP83-2847,ton/ha,15/02/2005,2005,44,avg,1
SC0005,129,8.404524883,stalk_dw,SP83-2847,ton/ha,7/3/2005,2005,64,avg,1
SC0005,214,26.15998,stalk_dw,SP83-2847,ton/ha,31/05/2005,2005,149,avg,1
SC0005,271,31.18962,stalk_dw,SP83-2847,ton/ha,27/07/2005,2005,206,avg,1
SC0005,333,38.55587286,stalk_dw,SP83-2847,ton/ha,27/09/2005,2005,268,avg,1
SC0002,42,2,n_app_leaf_stk,R570,#/stk,10/12/2004,2004,343,avg,1
SC0002,68,6.875,n_app_leaf_stk,R570,#/stk,5/1/2005,2005,3,avg,1
SC0002,87,10.04166667,n_app_leaf_stk,R570,#/stk,24/01/2005,2005,22,avg,1
SC0002,109,12.45833333,n_app_leaf_stk,R570,#/stk,15/02/2005,2005,44,avg,1
SC0002,129,15.5,n_app_leaf_stk,R570,#/stk,7/3/2005,2005,64,avg,1
SC0002,164,20.20833333,n_app_leaf_stk,R570,#/stk,11/4/2005,2005,99,avg,1
SC0002,214,24.33333333,n_app_leaf_stk,R570,#/stk,31/05/2005,2005,149,avg,1
SC0002,271,27.54166667,n_app_leaf_stk,R570,#/stk,27/07/2005,2005,206,avg,1
SC0002,279,28,n_app_leaf_stk,R570,#/stk,4/8/2005,2005,214,avg,1
SC0002,333,32,n_app_leaf_stk,R570,#/stk,27/09/2005,2005,268,avg,1
SC0001,68,7.375,n_app_leaf_stk,R570,#/stk,5/1/2005,2005,3,avg,1
SC0001,87,10.5,n_app_leaf_stk,R570,#/stk,24/01/2005,2005,22,avg,1
SC0001,109,13,n_app_leaf_stk,R570,#/stk,15/02/2005,2005,44,avg,1
SC0001,129,15.875,n_app_leaf_stk,R570,#/stk,7/3/2005,2005,64,avg,1
SC0001,164,20.25,n_app_leaf_stk,R570,#/stk,11/4/2005,2005,99,avg,1
SC0001,214,23.625,n_app_leaf_stk,R570,#/stk,31/05/2005,2005,149,avg,1
SC0001,271,26.875,n_app_leaf_stk,R570,#/stk,27/07/2005,2005,206,avg,1
SC0001,333,33.62,n_app_leaf_stk,R570,#/stk,27/09/2005,2005,268,avg,1
SC0004,68,6.791666667,n_app_leaf_stk,RB72454,#/stk,5/1/2005,2005,3,avg,1
SC0004,87,10.08333333,n_app_leaf_stk,RB72454,#/stk,24/01/2005,2005,22,avg,1
SC0004,109,12.41666667,n_app_leaf_stk,RB72454,#/stk,15/02/2005,2005,44,avg,1
SC0004,129,15.95833333,n_app_leaf_stk,RB72454,#/stk,7/3/2005,2005,64,avg,1
SC0004,164,20.58333333,n_app_leaf_stk,RB72454,#/stk,11/4/2005,2005,99,avg,1
SC0004,214,24.41666667,n_app_leaf_stk,RB72454,#/stk,31/05/2005,2005,149,avg,1
SC0004,271,28.45833333,n_app_leaf_stk,RB72454,#/stk,27/07/2005,2005,206,avg,1
SC0004,333,33.83,n_app_leaf_stk,RB72454,#/stk,27/09/2005,2005,268,avg,1
SC0003,68,7.3125,n_app_leaf_stk,RB72454,#/stk,5/1/2005,2005,3,avg,1
SC0003,87,10.75,n_app_leaf_stk,RB72454,#/stk,24/01/2005,2005,22,avg,1
SC0003,109,12.875,n_app_leaf_stk,RB72454,#/stk,15/02/2005,2005,44,avg,1
SC0003,129,16.3125,n_app_leaf_stk,RB72454,#/stk,7/3/2005,2005,64,avg,1
SC0003,164,20.625,n_app_leaf_stk,RB72454,#/stk,11/4/2005,2005,99,avg,1
SC0003,214,24.625,n_app_leaf_stk,RB72454,#/stk,31/05/2005,2005,149,avg,1
SC0003,271,29.125,n_app_leaf_stk,RB72454,#/stk,27/07/2005,2005,206,avg,1
SC0003,333,34.62,n_app_leaf_stk,RB72454,#/stk,27/09/2005,2005,268,avg,1
SC0008,68,7.958333333,n_app_leaf_stk,NCo376,#/stk,5/1/2005,2005,3,avg,1
SC0008,87,11.58333333,n_app_leaf_stk,NCo376,#/stk,24/01/2005,2005,22,avg,1
SC0008,109,14.04166667,n_app_leaf_stk,NCo376,#/stk,15/02/2005,2005,44,avg,1
SC0008,129,17.33333333,n_app_leaf_stk,NCo376,#/stk,7/3/2005,2005,64,avg,1
SC0008,164,22.16666667,n_app_leaf_stk,NCo376,#/stk,11/4/2005,2005,99,avg,1
SC0008,214,25.91666667,n_app_leaf_stk,NCo376,#/stk,31/05/2005,2005,149,avg,1
SC0008,271,28.625,n_app_leaf_stk,NCo376,#/stk,27/07/2005,2005,206,avg,1
SC0008,333,33.83333333,n_app_leaf_stk,NCo376,#/stk,27/09/2005,2005,268,avg,1
SC0007,68,8.8125,n_app_leaf_stk,NCo376,#/stk,5/1/2005,2005,3,avg,1
SC0007,87,12.3125,n_app_leaf_stk,NCo376,#/stk,24/01/2005,2005,22,avg,1
SC0007,109,14.625,n_app_leaf_stk,NCo376,#/stk,15/02/2005,2005,44,avg,1
SC0007,129,17.9375,n_app_leaf_stk,NCo376,#/stk,7/3/2005,2005,64,avg,1
SC0007,164,22.375,n_app_leaf_stk,NCo376,#/stk,11/4/2005,2005,99,avg,1
SC0007,214,25.25,n_app_leaf_stk,NCo376,#/stk,31/05/2005,2005,149,avg,1
SC0007,271,28.4375,n_app_leaf_stk,NCo376,#/stk,27/07/2005,2005,206,avg,1
SC0007,333,33.0625,n_app_leaf_stk,NCo376,#/stk,27/09/2005,2005,268,avg,1
SC0006,68,7.208333333,n_app_leaf_stk,SP83-2847,#/stk,5/1/2005,2005,3,avg,1
SC0006,87,10.45833333,n_app_leaf_stk,SP83-2847,#/stk,24/01/2005,2005,22,avg,1
SC0006,109,12.875,n_app_leaf_stk,SP83-2847,#/stk,15/02/2005,2005,44,avg,1
SC0006,129,16.33333333,n_app_leaf_stk,SP83-2847,#/stk,7/3/2005,2005,64,avg,1
SC0006,164,20.83333333,n_app_leaf_stk,SP83-2847,#/stk,11/4/2005,2005,99,avg,1
SC0006,214,25.08333333,n_app_leaf_stk,SP83-2847,#/stk,31/05/2005,2005,149,avg,1
SC0006,271,28.625,n_app_leaf_stk,SP83-2847,#/stk,27/07/2005,2005,206,avg,1
SC0006,333,34.33333333,n_app_leaf_stk,SP83-2847,#/stk,27/09/2005,2005,268,avg,1
SC0005,68,7.6875,n_app_leaf_stk,SP83-2847,#/stk,5/1/2005,2005,3,avg,1
SC0005,87,10.875,n_app_leaf_stk,SP83-2847,#/stk,24/01/2005,2005,22,avg,1
SC0005,109,13.5625,n_app_leaf_stk,SP83-2847,#/stk,15/02/2005,2005,44,avg,1
SC0005,129,16.875,n_app_leaf_stk,SP83-2847,#/stk,7/3/2005,2005,64,avg,1
SC0005,164,21.5,n_app_leaf_stk,SP83-2847,#/stk,11/4/2005,2005,99,avg,1
SC0005,214,25.4375,n_app_leaf_stk,SP83-2847,#/stk,31/05/2005,2005,149,avg,1
SC0005,271,29.5,n_app_leaf_stk,SP83-2847,#/stk,27/07/2005,2005,206,avg,1
SC0005,333,34.6875,n_app_leaf_stk,SP83-2847,#/stk,27/09/2005,2005,268,avg,1
SC0002,42,2,n_gleaf,R570,#/stk,10/12/2004,2004,343,avg,1
SC0002,68,6.166666667,n_gleaf,R570,#/stk,5/1/2005,2005,3,avg,1
SC0002,87,5.833333333,n_gleaf,R570,#/stk,24/01/2005,2005,22,avg,1
SC0002,109,5.416666667,n_gleaf,R570,#/stk,15/02/2005,2005,44,avg,1
SC0002,129,7.125,n_gleaf,R570,#/stk,7/3/2005,2005,64,avg,1
SC0002,164,7.875,n_gleaf,R570,#/stk,11/4/2005,2005,99,avg,1
SC0002,214,5.583333333,n_gleaf,R570,#/stk,31/05/2005,2005,149,avg,1
SC0002,271,5.833333333,n_gleaf,R570,#/stk,27/07/2005,2005,206,avg,1
SC0002,333,6.916666667,n_gleaf,R570,#/stk,27/09/2005,2005,268,avg,1
SC0001,68,6.375,n_gleaf,R570,#/stk,5/1/2005,2005,3,avg,1
SC0001,87,6.375,n_gleaf,R570,#/stk,24/01/2005,2005,22,avg,1
SC0001,109,6,n_gleaf,R570,#/stk,15/02/2005,2005,44,avg,1
SC0001,129,6.75,n_gleaf,R570,#/stk,7/3/2005,2005,64,avg,1
SC0001,164,7.875,n_gleaf,R570,#/stk,11/4/2005,2005,99,avg,1
SC0001,214,4.25,n_gleaf,R570,#/stk,31/05/2005,2005,149,avg,1
SC0001,271,5.625,n_gleaf,R570,#/stk,27/07/2005,2005,206,avg,1
SC0001,333,8.75,n_gleaf,R570,#/stk,27/09/2005,2005,268,avg,1
SC0004,68,5.958333333,n_gleaf,RB72454,#/stk,5/1/2005,2005,3,avg,1
SC0004,87,6.291666667,n_gleaf,RB72454,#/stk,24/01/2005,2005,22,avg,1
SC0004,109,5.416666667,n_gleaf,RB72454,#/stk,15/02/2005,2005,44,avg,1
SC0004,129,7.291666667,n_gleaf,RB72454,#/stk,7/3/2005,2005,64,avg,1
SC0004,164,8,n_gleaf,RB72454,#/stk,11/4/2005,2005,99,avg,1
SC0004,214,6,n_gleaf,RB72454,#/stk,31/05/2005,2005,149,avg,1
SC0004,271,5.708333333,n_gleaf,RB72454,#/stk,27/07/2005,2005,206,avg,1
SC0004,333,7.916666667,n_gleaf,RB72454,#/stk,27/09/2005,2005,268,avg,1
SC0003,68,6.3125,n_gleaf,RB72454,#/stk,5/1/2005,2005,3,avg,1
SC0003,87,7.375,n_gleaf,RB72454,#/stk,24/01/2005,2005,22,avg,1
SC0003,109,5.875,n_gleaf,RB72454,#/stk,15/02/2005,2005,44,avg,1
SC0003,129,7.625,n_gleaf,RB72454,#/stk,7/3/2005,2005,64,avg,1
SC0003,164,8.5,n_gleaf,RB72454,#/stk,11/4/2005,2005,99,avg,1
SC0003,214,5.9375,n_gleaf,RB72454,#/stk,31/05/2005,2005,149,avg,1
SC0003,271,7.25,n_gleaf,RB72454,#/stk,27/07/2005,2005,206,avg,1
SC0003,333,8.1875,n_gleaf,RB72454,#/stk,27/09/2005,2005,268,avg,1
SC0008,68,7.083333333,n_gleaf,NCo376,#/stk,5/1/2005,2005,3,avg,1
SC0008,87,7.5,n_gleaf,NCo376,#/stk,24/01/2005,2005,22,avg,1
SC0008,109,6.25,n_gleaf,NCo376,#/stk,15/02/2005,2005,44,avg,1
SC0008,129,7.666666667,n_gleaf,NCo376,#/stk,7/3/2005,2005,64,avg,1
SC0008,164,8.666666667,n_gleaf,NCo376,#/stk,11/4/2005,2005,99,avg,1
SC0008,214,6.375,n_gleaf,NCo376,#/stk,31/05/2005,2005,149,avg,1
SC0008,271,6.25,n_gleaf,NCo376,#/stk,27/07/2005,2005,206,avg,1
SC0008,333,8.291666667,n_gleaf,NCo376,#/stk,27/09/2005,2005,268,avg,1
SC0007,68,7.8125,n_gleaf,NCo376,#/stk,5/1/2005,2005,3,avg,1
SC0007,87,7.8125,n_gleaf,NCo376,#/stk,24/01/2005,2005,22,avg,1
SC0007,109,6.4375,n_gleaf,NCo376,#/stk,15/02/2005,2005,44,avg,1
SC0007,129,7.75,n_gleaf,NCo376,#/stk,7/3/2005,2005,64,avg,1
SC0007,164,8.5625,n_gleaf,NCo376,#/stk,11/4/2005,2005,99,avg,1
SC0007,214,5.125,n_gleaf,NCo376,#/stk,31/05/2005,2005,149,avg,1
SC0007,271,6.4375,n_gleaf,NCo376,#/stk,27/07/2005,2005,206,avg,1
SC0007,333,6.25,n_gleaf,NCo376,#/stk,27/09/2005,2005,268,avg,1
SC0006,68,6.291666667,n_gleaf,SP83-2847,#/stk,5/1/2005,2005,3,avg,1
SC0006,87,6.916666667,n_gleaf,SP83-2847,#/stk,24/01/2005,2005,22,avg,1
SC0006,109,6.083333333,n_gleaf,SP83-2847,#/stk,15/02/2005,2005,44,avg,1
SC0006,129,7.875,n_gleaf,SP83-2847,#/stk,7/3/2005,2005,64,avg,1
SC0006,164,8.791666667,n_gleaf,SP83-2847,#/stk,11/4/2005,2005,99,avg,1
SC0006,214,6.125,n_gleaf,SP83-2847,#/stk,31/05/2005,2005,149,avg,1
SC0006,271,6.666666667,n_gleaf,SP83-2847,#/stk,27/07/2005,2005,206,avg,1
SC0006,333,8.333333333,n_gleaf,SP83-2847,#/stk,27/09/2005,2005,268,avg,1
SC0005,68,6.375,n_gleaf,SP83-2847,#/stk,5/1/2005,2005,3,avg,1
SC0005,87,6.4375,n_gleaf,SP83-2847,#/stk,24/01/2005,2005,22,avg,1
SC0005,109,6.25,n_gleaf,SP83-2847,#/stk,15/02/2005,2005,44,avg,1
SC0005,129,7.875,n_gleaf,SP83-2847,#/stk,7/3/2005,2005,64,avg,1
SC0005,164,9.3125,n_gleaf,SP83-2847,#/stk,11/4/2005,2005,99,avg,1
SC0005,214,6,n_gleaf,SP83-2847,#/stk,31/05/2005,2005,149,avg,1
SC0005,271,7.25,n_gleaf,SP83-2847,#/stk,27/07/2005,2005,206,avg,1
SC0005,333,7.9375,n_gleaf,SP83-2847,#/stk,27/09/2005,2005,268,avg,1
SC0002,42,88.10555556,la_stk,R570,cm2/stk,10/12/2004,2004,343,avg,1
SC0002,109,2128.896667,la_stk,R570,cm2/stk,15/02/2005,2005,44,avg,1
SC0002,129,3276.782778,la_stk,R570,cm2/stk,7/3/2005,2005,64,avg,1
SC0002,164,3880.712722,la_stk,R570,cm2/stk,11/4/2005,2005,99,avg,1
SC0002,214,4484.642667,la_stk,R570,cm2/stk,31/05/2005,2005,149,avg,1
SC0002,271,4520.998323,la_stk,R570,cm2/stk,27/07/2005,2005,206,avg,1
SC0002,279,4557.353979,la_stk,R570,cm2/stk,4/8/2005,2005,214,avg,1
SC0002,333,4627.982787,la_stk,R570,cm2/stk,27/09/2005,2005,268,avg,1
SC0001,42,97.77333333,la_stk,R570,cm2/stk,10/12/2004,2004,343,avg,1
SC0001,109,2555.533333,la_stk,R570,cm2/stk,15/02/2005,2005,44,avg,1
SC0001,129,3705.831667,la_stk,R570,cm2/stk,7/3/2005,2005,64,avg,1
SC0001,214,4996.2,la_stk,R570,cm2/stk,31/05/2005,2005,149,avg,1
SC0001,279,5133.472269,la_stk,R570,cm2/stk,4/8/2005,2005,214,avg,1
SC0001,333,4853.087492,la_stk,R570,cm2/stk,27/09/2005,2005,268,avg,1
SC0004,42,104.6766667,la_stk,RB72454,cm2/stk,10/12/2004,2004,343,avg,1
SC0004,109,2668.005556,la_stk,RB72454,cm2/stk,15/02/2005,2005,44,avg,1
SC0004,129,4048.790556,la_stk,RB72454,cm2/stk,7/3/2005,2005,64,avg,1
SC0004,214,4081.698,la_stk,RB72454,cm2/stk,31/05/2005,2005,149,avg,1
SC0004,271,4405.752125,la_stk,RB72454,cm2/stk,27/07/2005,2005,206,avg,1
SC0004,279,4123.715274,la_stk,RB72454,cm2/stk,4/8/2005,2005,214,avg,1
SC0004,333,4726.479877,la_stk,RB72454,cm2/stk,27/09/2005,2005,268,avg,1
SC0003,42,94.86666667,la_stk,RB72454,cm2/stk,10/12/2004,2004,343,avg,1
SC0003,109,2945.496667,la_stk,RB72454,cm2/stk,15/02/2005,2005,44,avg,1
SC0003,129,4142.069167,la_stk,RB72454,cm2/stk,7/3/2005,2005,64,avg,1
SC0003,214,4382.523,la_stk,RB72454,cm2/stk,31/05/2005,2005,149,avg,1
SC0003,271,4295.83025,la_stk,RB72454,cm2/stk,27/07/2005,2005,206,avg,1
SC0003,279,4397.351001,la_stk,RB72454,cm2/stk,4/8/2005,2005,214,avg,1
SC0003,333,4324.671665,la_stk,RB72454,cm2/stk,27/09/2005,2005,268,avg,1
SC0008,42,72.62222222,la_stk,NCo376,cm2/stk,10/12/2004,2004,343,avg,1
SC0008,109,2078.838889,la_stk,NCo376,cm2/stk,15/02/2005,2005,44,avg,1
SC0008,129,2205.453889,la_stk,NCo376,cm2/stk,7/3/2005,2005,64,avg,1
SC0008,214,2554.618667,la_stk,NCo376,cm2/stk,31/05/2005,2005,149,avg,1
SC0008,271,2712.792875,la_stk,NCo376,cm2/stk,27/07/2005,2005,206,avg,1
SC0008,279,3199.906394,la_stk,NCo376,cm2/stk,4/8/2005,2005,214,avg,1
SC0008,333,2968.306066,la_stk,NCo376,cm2/stk,27/09/2005,2005,268,avg,1
SC0007,42,69.32666667,la_stk,NCo376,cm2/stk,10/12/2004,2004,343,avg,1
SC0007,109,2730.846667,la_stk,NCo376,cm2/stk,15/02/2005,2005,44,avg,1
SC0007,164,2730.846667,la_stk,NCo376,cm2/stk,11/4/2005,2005,99,avg,1
SC0007,214,2628.163,la_stk,NCo376,cm2/stk,31/05/2005,2005,149,avg,1
SC0007,279,2668.30306,la_stk,NCo376,cm2/stk,4/8/2005,2005,214,avg,1
SC0007,333,2925.818158,la_stk,NCo376,cm2/stk,27/09/2005,2005,268,avg,1
SC0006,42,95.77888889,la_stk,SP83-2847,cm2/stk,10/12/2004,2004,343,avg,1
SC0006,109,2793.57,la_stk,SP83-2847,cm2/stk,15/02/2005,2005,44,avg,1
SC0006,129,3647.752778,la_stk,SP83-2847,cm2/stk,7/3/2005,2005,64,avg,1
SC0006,214,4495.248,la_stk,SP83-2847,cm2/stk,31/05/2005,2005,149,avg,1
SC0006,271,4888.475,la_stk,SP83-2847,cm2/stk,27/07/2005,2005,206,avg,1
SC0006,279,5024.016413,la_stk,SP83-2847,cm2/stk,4/8/2005,2005,214,avg,1
SC0006,333,5517.032911,la_stk,SP83-2847,cm2/stk,27/09/2005,2005,268,avg,1
SC0005,42,100.9033333,la_stk,SP83-2847,cm2/stk,10/12/2004,2004,343,avg,1
SC0005,109,2353.615,la_stk,SP83-2847,cm2/stk,15/02/2005,2005,44,avg,1
SC0005,129,3545.961667,la_stk,SP83-2847,cm2/stk,7/3/2005,2005,64,avg,1
SC0005,214,4776.06,la_stk,SP83-2847,cm2/stk,31/05/2005,2005,149,avg,1
SC0005,271,4993.3,la_stk,SP83-2847,cm2/stk,27/07/2005,2005,206,avg,1
SC0005,279,4871.508662,la_stk,SP83-2847,cm2/stk,4/8/2005,2005,214,avg,1
SC0005,333,5241.777454,la_stk,SP83-2847,cm2/stk,27/09/2005,2005,268,avg,1
SC0002,42,44.05277778,la_avg,R570,cm2/leaf,10/12/2004,2004,343,avg,1
SC0002,109,393.0270769,la_avg,R570,cm2/leaf,15/02/2005,2005,44,avg,1
SC0002,129,459.8993372,la_avg,R570,cm2/leaf,7/3/2005,2005,64,avg,1
SC0002,164,492.7889171,la_avg,R570,cm2/leaf,11/4/2005,2005,99,avg,1
SC0002,214,803.2195821,la_avg,R570,cm2/leaf,31/05/2005,2005,149,avg,1
SC0002,271,775.0282839,la_avg,R570,cm2/leaf,27/07/2005,2005,206,avg,1
SC0002,333,669.1059451,la_avg,R570,cm2/leaf,27/09/2005,2005,268,avg,1
SC0001,109,425.9222222,la_avg,R570,cm2/leaf,15/02/2005,2005,44,avg,1
SC0001,129,549.0120988,la_avg,R570,cm2/leaf,7/3/2005,2005,64,avg,1
SC0001,214,1175.576471,la_avg,R570,cm2/leaf,31/05/2005,2005,149,avg,1
SC0001,333,554.6385705,la_avg,R570,cm2/leaf,27/09/2005,2005,268,avg,1
SC0004,109,492.5548718,la_avg,RB72454,cm2/leaf,15/02/2005,2005,44,avg,1
SC0004,129,555.2627048,la_avg,RB72454,cm2/leaf,7/3/2005,2005,64,avg,1
SC0004,214,680.283,la_avg,RB72454,cm2/leaf,31/05/2005,2005,149,avg,1
SC0004,333,597.0290371,la_avg,RB72454,cm2/leaf,27/09/2005,2005,268,avg,1
SC0003,109,501.3611348,la_avg,RB72454,cm2/leaf,15/02/2005,2005,44,avg,1
SC0003,129,543.2221858,la_avg,RB72454,cm2/leaf,7/3/2005,2005,64,avg,1
SC0003,214,738.1091368,la_avg,RB72454,cm2/leaf,31/05/2005,2005,149,avg,1
SC0003,271,592.5283103,la_avg,RB72454,cm2/leaf,27/07/2005,2005,206,avg,1
SC0003,333,528.2041728,la_avg,RB72454,cm2/leaf,27/09/2005,2005,268,avg,1
SC0008,109,332.6142222,la_avg,NCo376,cm2/leaf,15/02/2005,2005,44,avg,1
SC0008,214,400.7244967,la_avg,NCo376,cm2/leaf,31/05/2005,2005,149,avg,1
SC0008,333,357.9866612,la_avg,NCo376,cm2/leaf,27/09/2005,2005,268,avg,1
SC0007,109,424.2091909,la_avg,NCo376,cm2/leaf,15/02/2005,2005,44,avg,1
SC0007,214,512.8122927,la_avg,NCo376,cm2/leaf,31/05/2005,2005,149,avg,1
SC0007,333,468.1309052,la_avg,NCo376,cm2/leaf,27/09/2005,2005,268,avg,1
SC0006,109,459.2169863,la_avg,SP83-2847,cm2/leaf,15/02/2005,2005,44,avg,1
SC0006,129,463.2067019,la_avg,SP83-2847,cm2/leaf,7/3/2005,2005,64,avg,1
SC0006,214,733.9180408,la_avg,SP83-2847,cm2/leaf,31/05/2005,2005,149,avg,1
SC0006,271,733.27125,la_avg,SP83-2847,cm2/leaf,27/07/2005,2005,206,avg,1
SC0006,333,662.0439493,la_avg,SP83-2847,cm2/leaf,27/09/2005,2005,268,avg,1
SC0005,109,376.5784,la_avg,SP83-2847,cm2/leaf,15/02/2005,2005,44,avg,1
SC0005,129,450.2808466,la_avg,SP83-2847,cm2/leaf,7/3/2005,2005,64,avg,1
SC0005,214,796.01,la_avg,SP83-2847,cm2/leaf,31/05/2005,2005,149,avg,1
SC0005,271,688.7310345,la_avg,SP83-2847,cm2/leaf,27/07/2005,2005,206,avg,1
SC0005,333,660.3814115,la_avg,SP83-2847,cm2/leaf,27/09/2005,2005,268,avg,1
SC0002,42,2.182539683,till,R570,#/m2,10/12/2004,2004,343,avg,1
SC0002,68,5.03968254,till,R570,#/m2,5/1/2005,2005,3,avg,1
SC0002,87,5.436507937,till,R570,#/m2,24/01/2005,2005,22,avg,1
SC0002,109,6.468253968,till,R570,#/m2,15/02/2005,2005,44,avg,1
SC0002,129,7.579365079,till,R570,#/m2,7/3/2005,2005,64,avg,1
SC0002,164,7.738095238,till,R570,#/m2,11/4/2005,2005,99,avg,1
SC0002,214,6.26984127,till,R570,#/m2,31/05/2005,2005,149,avg,1
SC0002,271,6.23015873,till,R570,#/m2,27/07/2005,2005,206,avg,1
SC0002,333,6.349206349,till,R570,#/m2,27/09/2005,2005,268,avg,1
SC0001,42,2.142857143,till,R570,#/m2,10/12/2004,2004,343,avg,1
SC0001,68,5.119047619,till,R570,#/m2,5/1/2005,2005,3,avg,1
SC0001,87,6.547619048,till,R570,#/m2,24/01/2005,2005,22,avg,1
SC0001,109,6.666666667,till,R570,#/m2,15/02/2005,2005,44,avg,1
SC0001,129,6.785714286,till,R570,#/m2,7/3/2005,2005,64,avg,1
SC0001,164,6.666666667,till,R570,#/m2,11/4/2005,2005,99,avg,1
SC0001,214,6.428571429,till,R570,#/m2,31/05/2005,2005,149,avg,1
SC0001,271,6.30952381,till,R570,#/m2,27/07/2005,2005,206,avg,1
SC0001,333,6.547619048,till,R570,#/m2,27/09/2005,2005,268,avg,1
SC0004,42,3.73015873,till,RB72454,#/m2,10/12/2004,2004,343,avg,1
SC0004,68,6.19047619,till,RB72454,#/m2,5/1/2005,2005,3,avg,1
SC0004,87,8.095238095,till,RB72454,#/m2,24/01/2005,2005,22,avg,1
SC0004,109,8.333333333,till,RB72454,#/m2,15/02/2005,2005,44,avg,1
SC0004,129,7.738095238,till,RB72454,#/m2,7/3/2005,2005,64,avg,1
SC0004,164,7.857142857,till,RB72454,#/m2,11/4/2005,2005,99,avg,1
SC0004,214,6.904761905,till,RB72454,#/m2,31/05/2005,2005,149,avg,1
SC0004,271,6.825396825,till,RB72454,#/m2,27/07/2005,2005,206,avg,1
SC0004,333,7.182539683,till,RB72454,#/m2,27/09/2005,2005,268,avg,1
SC0003,42,3.035714286,till,RB72454,#/m2,10/12/2004,2004,343,avg,1
SC0003,68,5.595238095,till,RB72454,#/m2,5/1/2005,2005,3,avg,1
SC0003,87,7.142857143,till,RB72454,#/m2,24/01/2005,2005,22,avg,1
SC0003,109,7.142857143,till,RB72454,#/m2,15/02/2005,2005,44,avg,1
SC0003,129,7.261904762,till,RB72454,#/m2,7/3/2005,2005,64,avg,1
SC0003,164,7.142857143,till,RB72454,#/m2,11/4/2005,2005,99,avg,1
SC0003,214,6.428571429,till,RB72454,#/m2,31/05/2005,2005,149,avg,1
SC0003,271,6.25,till,RB72454,#/m2,27/07/2005,2005,206,avg,1
SC0003,333,6.369047619,till,RB72454,#/m2,27/09/2005,2005,268,avg,1
SC0008,42,3.611111111,till,NCo376,#/m2,10/12/2004,2004,343,avg,1
SC0008,68,8.134920635,till,NCo376,#/m2,5/1/2005,2005,3,avg,1
SC0008,87,11.82539683,till,NCo376,#/m2,24/01/2005,2005,22,avg,1
SC0008,109,12.1031746,till,NCo376,#/m2,15/02/2005,2005,44,avg,1
SC0008,129,12.14285714,till,NCo376,#/m2,7/3/2005,2005,64,avg,1
SC0008,164,12.6984127,till,NCo376,#/m2,11/4/2005,2005,99,avg,1
SC0008,214,12.34126984,till,NCo376,#/m2,31/05/2005,2005,149,avg,1
SC0008,271,12.3015873,till,NCo376,#/m2,27/07/2005,2005,206,avg,1
SC0008,333,12.3015873,till,NCo376,#/m2,27/09/2005,2005,268,avg,1
SC0007,42,3.333333333,till,NCo376,#/m2,10/12/2004,2004,343,avg,1
SC0007,68,7.023809524,till,NCo376,#/m2,5/1/2005,2005,3,avg,1
SC0007,87,9.880952381,till,NCo376,#/m2,24/01/2005,2005,22,avg,1
SC0007,109,10.17857143,till,NCo376,#/m2,15/02/2005,2005,44,avg,1
SC0007,129,10.35714286,till,NCo376,#/m2,7/3/2005,2005,64,avg,1
SC0007,164,10.05952381,till,NCo376,#/m2,11/4/2005,2005,99,avg,1
SC0007,214,10.53571429,till,NCo376,#/m2,31/05/2005,2005,149,avg,1
SC0007,271,10.29761905,till,NCo376,#/m2,27/07/2005,2005,206,avg,1
SC0007,333,10.53571429,till,NCo376,#/m2,27/09/2005,2005,268,avg,1
SC0006,42,2.047619048,till,SP83-2847,#/m2,10/12/2004,2004,343,avg,1
SC0006,68,5.158730159,till,SP83-2847,#/m2,5/1/2005,2005,3,avg,1
SC0006,87,6.706349206,till,SP83-2847,#/m2,24/01/2005,2005,22,avg,1
SC0006,109,7.182539683,till,SP83-2847,#/m2,15/02/2005,2005,44,avg,1
SC0006,129,7.103174603,till,SP83-2847,#/m2,7/3/2005,2005,64,avg,1
SC0006,164,8.492063492,till,SP83-2847,#/m2,11/4/2005,2005,99,avg,1
SC0006,214,7.420634921,till,SP83-2847,#/m2,31/05/2005,2005,149,avg,1
SC0006,271,7.619047619,till,SP83-2847,#/m2,27/07/2005,2005,206,avg,1
SC0006,279,0,till,SP83-2847,#/m2,4/8/2005,2005,214,avg,1
SC0006,333,10.47619048,till,SP83-2847,#/m2,27/09/2005,2005,268,avg,1
SC0005,42,3.035714286,till,SP83-2847,#/m2,10/12/2004,2004,343,avg,1
SC0005,68,4.880952381,till,SP83-2847,#/m2,5/1/2005,2005,3,avg,1
SC0005,87,5.952380952,till,SP83-2847,#/m2,24/01/2005,2005,22,avg,1
SC0005,109,6.25,till,SP83-2847,#/m2,15/02/2005,2005,44,avg,1
SC0005,129,6.904761905,till,SP83-2847,#/m2,7/3/2005,2005,64,avg,1
SC0005,164,7.321428571,till,SP83-2847,#/m2,11/4/2005,2005,99,avg,1
SC0005,214,6.30952381,till,SP83-2847,#/m2,31/05/2005,2005,149,avg,1
SC0005,271,6.19047619,till,SP83-2847,#/m2,27/07/2005,2005,206,avg,1
SC0005,333,7.916666667,till,SP83-2847,#/m2,27/09/2005,2005,268,avg,1
SC0002,42,0.019229387,lai,R570,m2/m2,10/12/2004,2004,343,avg,1
SC0002,129,1.816893114,lai,R570,m2/m2,7/3/2005,2005,64,avg,1
SC0002,214,5.167858464,lai,R570,m2/m2,31/05/2005,2005,149,avg,1
SC0002,333,4.617356647,lai,R570,m2/m2,27/09/2005,2005,268,avg,1
SC0001,42,0.020951429,lai,R570,m2/m2,10/12/2004,2004,343,avg,1
SC0001,129,2.258982865,lai,R570,m2/m2,7/3/2005,2005,64,avg,1
SC0001,214,5.046956194,lai,R570,m2/m2,31/05/2005,2005,149,avg,1
SC0001,333,4.214411218,lai,R570,m2/m2,27/09/2005,2005,268,avg,1
SC0004,42,0.039046058,lai,RB72454,m2/m2,10/12/2004,2004,343,avg,1
SC0004,129,3.114473051,lai,RB72454,m2/m2,7/3/2005,2005,64,avg,1
SC0004,214,4.630270801,lai,RB72454,m2/m2,31/05/2005,2005,149,avg,1
SC0004,333,4.130820469,lai,RB72454,m2/m2,27/09/2005,2005,268,avg,1
SC0003,42,0.02879881,lai,RB72454,m2/m2,10/12/2004,2004,343,avg,1
SC0003,129,2.365614426,lai,RB72454,m2/m2,7/3/2005,2005,64,avg,1
SC0003,214,4.922340697,lai,RB72454,m2/m2,31/05/2005,2005,149,avg,1
SC0003,333,3.559389025,lai,RB72454,m2/m2,27/09/2005,2005,268,avg,1
SC0008,42,0.026224691,lai,NCo376,m2/m2,10/12/2004,2004,343,avg,1
SC0008,129,2.50981568,lai,NCo376,m2/m2,7/3/2005,2005,64,avg,1
SC0008,214,5.31478862,lai,NCo376,m2/m2,31/05/2005,2005,149,avg,1
SC0008,333,4.688440156,lai,NCo376,m2/m2,27/09/2005,2005,268,avg,1
SC0007,42,0.023108889,lai,NCo376,m2/m2,10/12/2004,2004,343,avg,1
SC0007,129,2.683154186,lai,NCo376,m2/m2,7/3/2005,2005,64,avg,1
SC0007,214,5.542302507,lai,NCo376,m2/m2,31/05/2005,2005,149,avg,1
SC0007,333,3.734360779,lai,NCo376,m2/m2,27/09/2005,2005,268,avg,1
SC0006,42,0.019611868,lai,SP83-2847,m2/m2,10/12/2004,2004,343,avg,1
SC0006,129,2.748733604,lai,SP83-2847,m2/m2,7/3/2005,2005,64,avg,1
SC0006,214,4.782119851,lai,SP83-2847,m2/m2,31/05/2005,2005,149,avg,1
SC0006,333,4.804389478,lai,SP83-2847,m2/m2,27/09/2005,2005,268,avg,1
SC0005,42,0.030631369,lai,SP83-2847,m2/m2,10/12/2004,2004,343,avg,1
SC0005,129,2.275234014,lai,SP83-2847,m2/m2,7/3/2005,2005,64,avg,1
SC0005,214,4.959881021,lai,SP83-2847,m2/m2,31/05/2005,2005,149,avg,1
SC0005,333,4.738178231,lai,SP83-2847,m2/m2,27/09/2005,2005,268,avg,1
SC0002,42,0.031375,stalk_h,R570,m,10/12/2004,2004,343,avg,1
SC0002,68,0.140416667,stalk_h,R570,m,5/1/2005,2005,3,avg,1
SC0002,87,0.222083333,stalk_h,R570,m,24/01/2005,2005,22,avg,1
SC0002,109,0.34375,stalk_h,R570,m,15/02/2005,2005,44,avg,1
SC0002,129,0.599166667,stalk_h,R570,m,7/3/2005,2005,64,avg,1
SC0002,164,1.157916667,stalk_h,R570,m,11/4/2005,2005,99,avg,1
SC0002,214,1.71125,stalk_h,R570,m,31/05/2005,2005,149,avg,1
SC0002,271,2.01,stalk_h,R570,m,27/07/2005,2005,206,avg,1
SC0002,333,2.182083333,stalk_h,R570,m,27/09/2005,2005,268,avg,1
SC0001,42,0.0425,stalk_h,R570,m,10/12/2004,2004,343,avg,1
SC0001,68,0.155,stalk_h,R570,m,5/1/2005,2005,3,avg,1
SC0001,87,0.26875,stalk_h,R570,m,24/01/2005,2005,22,avg,1
SC0001,109,0.41,stalk_h,R570,m,15/02/2005,2005,44,avg,1
SC0001,129,0.62625,stalk_h,R570,m,7/3/2005,2005,64,avg,1
SC0001,164,1.1975,stalk_h,R570,m,11/4/2005,2005,99,avg,1
SC0001,214,1.6875,stalk_h,R570,m,31/05/2005,2005,149,avg,1
SC0001,271,1.96125,stalk_h,R570,m,27/07/2005,2005,206,avg,1
SC0001,333,2.085,stalk_h,R570,m,27/09/2005,2005,268,avg,1
SC0004,42,0.080291667,stalk_h,RB72454,m,10/12/2004,2004,343,avg,1
SC0004,68,0.263125,stalk_h,RB72454,m,5/1/2005,2005,3,avg,1
SC0004,87,0.529583333,stalk_h,RB72454,m,24/01/2005,2005,22,avg,1
SC0004,109,0.85375,stalk_h,RB72454,m,15/02/2005,2005,44,avg,1
SC0004,129,1.05625,stalk_h,RB72454,m,7/3/2005,2005,64,avg,1
SC0004,164,1.924583333,stalk_h,RB72454,m,11/4/2005,2005,99,avg,1
SC0004,214,2.425416667,stalk_h,RB72454,m,31/05/2005,2005,149,avg,1
SC0004,271,2.637083333,stalk_h,RB72454,m,27/07/2005,2005,206,avg,1
SC0004,333,2.83625,stalk_h,RB72454,m,27/09/2005,2005,268,avg,1
SC0003,42,0.075625,stalk_h,RB72454,m,10/12/2004,2004,343,avg,1
SC0003,68,0.246875,stalk_h,RB72454,m,5/1/2005,2005,3,avg,1
SC0003,87,0.474375,stalk_h,RB72454,m,24/01/2005,2005,22,avg,1
SC0003,109,0.77625,stalk_h,RB72454,m,15/02/2005,2005,44,avg,1
SC0003,129,1.094375,stalk_h,RB72454,m,7/3/2005,2005,64,avg,1
SC0003,164,1.800625,stalk_h,RB72454,m,11/4/2005,2005,99,avg,1
SC0003,214,2.364375,stalk_h,RB72454,m,31/05/2005,2005,149,avg,1
SC0003,271,2.614375,stalk_h,RB72454,m,27/07/2005,2005,206,avg,1
SC0003,333,2.755,stalk_h,RB72454,m,27/09/2005,2005,268,avg,1
SC0008,42,0.0425,stalk_h,NCo376,m,10/12/2004,2004,343,avg,1
SC0008,68,0.155,stalk_h,NCo376,m,5/1/2005,2005,3,avg,1
SC0008,87,0.26875,stalk_h,NCo376,m,24/01/2005,2005,22,avg,1
SC0008,109,0.41,stalk_h,NCo376,m,15/02/2005,2005,44,avg,1
SC0008,129,0.9,stalk_h,NCo376,m,7/3/2005,2005,64,avg,1
SC0008,164,1.1975,stalk_h,NCo376,m,11/4/2005,2005,99,avg,1
SC0008,214,1.6875,stalk_h,NCo376,m,31/05/2005,2005,149,avg,1
SC0008,271,1.96125,stalk_h,NCo376,m,27/07/2005,2005,206,avg,1
SC0008,333,2.2,stalk_h,NCo376,m,27/09/2005,2005,268,avg,1
SC0007,42,0.078625,stalk_h,NCo376,m,10/12/2004,2004,343,avg,1
SC0007,68,0.218125,stalk_h,NCo376,m,5/1/2005,2005,3,avg,1
SC0007,87,0.39375,stalk_h,NCo376,m,24/01/2005,2005,22,avg,1
SC0007,109,0.6225,stalk_h,NCo376,m,15/02/2005,2005,44,avg,1
SC0007,129,0.863125,stalk_h,NCo376,m,7/3/2005,2005,64,avg,1
SC0007,164,1.38,stalk_h,NCo376,m,11/4/2005,2005,99,avg,1
SC0007,214,1.7275,stalk_h,NCo376,m,31/05/2005,2005,149,avg,1
SC0007,271,1.949375,stalk_h,NCo376,m,27/07/2005,2005,206,avg,1
SC0007,333,2.0725,stalk_h,NCo376,m,27/09/2005,2005,268,avg,1
SC0006,42,0.073375,stalk_h,SP83-2847,m,10/12/2004,2004,343,avg,1
SC0006,68,0.204583333,stalk_h,SP83-2847,m,5/1/2005,2005,3,avg,1
SC0006,87,0.402916667,stalk_h,SP83-2847,m,24/01/2005,2005,22,avg,1
SC0006,109,0.67,stalk_h,SP83-2847,m,15/02/2005,2005,44,avg,1
SC0006,129,0.998333333,stalk_h,SP83-2847,m,7/3/2005,2005,64,avg,1
SC0006,164,1.621666667,stalk_h,SP83-2847,m,11/4/2005,2005,99,avg,1
SC0006,214,2.125,stalk_h,SP83-2847,m,31/05/2005,2005,149,avg,1
SC0006,271,2.40625,stalk_h,SP83-2847,m,27/07/2005,2005,206,avg,1
SC0006,333,2.82,stalk_h,SP83-2847,m,27/09/2005,2005,268,avg,1
SC0005,42,0.0765625,stalk_h,SP83-2847,m,10/12/2004,2004,343,avg,1
SC0005,68,0.235625,stalk_h,SP83-2847,m,5/1/2005,2005,3,avg,1
SC0005,87,0.43125,stalk_h,SP83-2847,m,24/01/2005,2005,22,avg,1
SC0005,109,0.66,stalk_h,SP83-2847,m,15/02/2005,2005,44,avg,1
SC0005,129,0.935,stalk_h,SP83-2847,m,7/3/2005,2005,64,avg,1
SC0005,164,1.53875,stalk_h,SP83-2847,m,11/4/2005,2005,99,avg,1
SC0005,214,2.049375,stalk_h,SP83-2847,m,31/05/2005,2005,149,avg,1
SC0005,271,2.36,stalk_h,SP83-2847,m,27/07/2005,2005,206,avg,1
SC0005,333,2.7,stalk_h,SP83-2847,m,27/09/2005,2005,268,avg,1
SC0009,74,9.357,till,NA,n_m2,9/13/2006,2006,256,avg,1
SC0009,104,14.214,till,NA,n_m2,10/13/2006,2006,286,avg,1
SC0009,134,22.54,till,NA,n_m2,11/12/2006,2006,316,avg,1
SC0009,183,13.164,till,NA,n_m2,12/31/2006,2006,365,avg,1
SC0009,214,12.164,till,NA,n_m2,1/31/2007,2007,31,avg,1
SC0009,244,9.45,till,NA,n_m2,3/2/2007,2007,61,avg,1
SC0009,274,9.257,till,NA,n_m2,4/1/2007,2007,91,avg,1
SC0010,74,10.8,till,NA,n_m2,9/13/2006,2006,256,avg,1
SC0010,104,9.785,till,NA,n_m2,10/13/2006,2006,286,avg,1
SC0010,134,13.14,till,NA,n_m2,11/12/2006,2006,316,avg,1
SC0010,164,10.87,till,NA,n_m2,12/12/2006,2006,346,avg,1
SC0010,194,10.87,till,NA,n_m2,1/11/2007,2007,11,avg,1
SC0010,224,9.928,till,NA,n_m2,2/10/2007,2007,41,avg,1
SC0010,254,9.3,till,NA,n_m2,3/12/2007,2007,71,avg,1
SC0009,254,2.82,lai,NA,m2_m2,3/12/2007,2007,71,avg,1
SC0009,284,3.62,lai,NA,m2_m2,4/11/2007,2007,101,avg,1
SC0009,314,2.69,lai,NA,m2_m2,5/11/2007,2007,131,avg,1
SC0009,344,2.08,lai,NA,m2_m2,6/10/2007,2007,161,avg,1
SC0009,374,1.97,lai,NA,m2_m2,7/10/2007,2007,191,avg,1
SC0010,254,3.67,lai,NA,m2_m2,3/12/2007,2007,71,avg,1
SC0010,284,5.24,lai,NA,m2_m2,4/11/2007,2007,101,avg,1
SC0010,314,3.76,lai,NA,m2_m2,5/11/2007,2007,131,avg,1
SC0010,344,2.65,lai,NA,m2_m2,6/10/2007,2007,161,avg,1
SC0010,374,2.5,lai,NA,m2_m2,7/10/2007,2007,191,avg,1
SC0009,284,131,stalk_fw,NA,ton_ha,4/11/2007,2007,101,avg,1
SC0009,344,140,stalk_fw,NA,ton_ha,6/10/2007,2007,161,avg,1
SC0009,404,124,stalk_fw,NA,ton_ha,8/9/2007,2007,221,avg,1
SC0010,284,120,stalk_fw,NA,ton_ha,4/11/2007,2007,101,avg,1
SC0010,344,112,stalk_fw,NA,ton_ha,6/10/2007,2007,161,avg,1
SC0010,404,107,stalk_fw,NA,ton_ha,8/9/2007,2007,221,avg,1
SC0009,204,8.65,suc_stk_fresh,NA,%_stalk_fm,1/21/2007,2007,21,avg,1
SC0009,314,12.6,suc_stk_fresh,NA,%_stalk_fm,5/11/2007,2007,131,avg,1
SC0009,344,12.9,suc_stk_fresh,NA,%_stalk_fm,6/10/2007,2007,161,avg,1
SC0009,374,13.5,suc_stk_fresh,NA,%_stalk_fm,7/10/2007,2007,191,avg,1
SC0010,254,8.66,suc_stk_fresh,NA,%_stalk_fm,3/12/2007,2007,71,avg,1
SC0010,314,11.5,suc_stk_fresh,NA,%_stalk_fm,5/11/2007,2007,131,avg,1
SC0010,344,12,suc_stk_fresh,NA,%_stalk_fm,6/10/2007,2007,161,avg,1
SC0010,374,13.9,suc_stk_fresh,NA,%_stalk_fm,7/10/2007,2007,191,avg,1
SC0011,147,18.3,till,NA,n_m2,7/7/2004,2004,189,avg,1
SC0012,227,8.7,till,NA,n_m2,9/25/2004,2004,269,avg,1
SC0014,227,8,till,NA,n_m2,9/25/2004,2004,269,avg,1
SC0011,227,3.4,lai,NA,m2_m2,9/25/2004,2004,269,avg,1
SC0012,227,3.2,lai,NA,m2_m2,9/25/2004,2004,269,avg,1
SC0014,227,3.3,lai,NA,m2_m2,9/25/2004,2004,269,avg,1
SC0011,471,179.4,stalk_fw,NA,ton_ha,5/27/2005,2005,147,avg,1
SC0012,491,145.8,stalk_fw,NA,ton_ha,6/16/2005,2005,167,avg,1
SC0011,301,11.07,suc_stk_fresh,NA,%_stalk_fm,12/8/2004,2004,343,avg,1
SC0011,318,10.49,suc_stk_fresh,NA,%_stalk_fm,12/25/2004,2004,360,avg,1
SC0011,334,10.88,suc_stk_fresh,NA,%_stalk_fm,1/10/2005,2005,10,avg,1
SC0011,350,11.44,suc_stk_fresh,NA,%_stalk_fm,1/26/2005,2005,26,avg,1
SC0011,368,13.54,suc_stk_fresh,NA,%_stalk_fm,2/13/2005,2005,44,avg,1
SC0011,383,14.37,suc_stk_fresh,NA,%_stalk_fm,2/28/2005,2005,59,avg,1
SC0011,397,13.77,suc_stk_fresh,NA,%_stalk_fm,3/14/2005,2005,73,avg,1
SC0011,410,12.96,suc_stk_fresh,NA,%_stalk_fm,3/27/2005,2005,86,avg,1
SC0011,426,15.13,suc_stk_fresh,NA,%_stalk_fm,4/12/2005,2005,102,avg,1
SC0011,441,14,suc_stk_fresh,NA,%_stalk_fm,4/27/2005,2005,117,avg,1
SC0011,456,11.82,suc_stk_fresh,NA,%_stalk_fm,5/12/2005,2005,132,avg,1
SC0011,469,14.66,suc_stk_fresh,NA,%_stalk_fm,5/25/2005,2005,145,avg,1
SC0011,471,14.89,suc_stk_fresh,NA,%_stalk_fm,5/27/2005,2005,147,avg,1
SC0012,301,11.64,suc_stk_fresh,NA,%_stalk_fm,12/8/2004,2004,343,avg,1
SC0012,684,12.68,suc_stk_fresh,NA,%_stalk_fm,12/26/2005,2005,360,avg,1
SC0012,334,13.24,suc_stk_fresh,NA,%_stalk_fm,1/10/2005,2005,10,avg,1
SC0012,350,14.09,suc_stk_fresh,NA,%_stalk_fm,1/26/2005,2005,26,avg,1
SC0012,368,13.98,suc_stk_fresh,NA,%_stalk_fm,2/13/2005,2005,44,avg,1
SC0012,383,15.44,suc_stk_fresh,NA,%_stalk_fm,2/28/2005,2005,59,avg,1
SC0012,397,11.57,suc_stk_fresh,NA,%_stalk_fm,3/14/2005,2005,73,avg,1
SC0012,410,15.44,suc_stk_fresh,NA,%_stalk_fm,3/27/2005,2005,86,avg,1
SC0012,426,13.87,suc_stk_fresh,NA,%_stalk_fm,4/12/2005,2005,102,avg,1
SC0012,441,14.04,suc_stk_fresh,NA,%_stalk_fm,4/27/2005,2005,117,avg,1
SC0012,456,15.86,suc_stk_fresh,NA,%_stalk_fm,5/12/2005,2005,132,avg,1
SC0012,471,15.8,suc_stk_fresh,NA,%_stalk_fm,5/27/2005,2005,147,avg,1
SC0012,491,17.23,suc_stk_fresh,NA,%_stalk_fm,6/16/2005,2005,167,avg,1
SC0013,684,12.17,suc_stk_fresh,NA,%_stalk_fm,12/26/2005,2005,360,avg,1
SC0014,301,11.86,suc_stk_fresh,NA,%_stalk_fm,12/8/2004,2004,343,avg,1
SC0014,334,13.36,suc_stk_fresh,NA,%_stalk_fm,1/10/2005,2005,10,avg,1
SC0014,350,14.18,suc_stk_fresh,NA,%_stalk_fm,1/26/2005,2005,26,avg,1
SC0014,368,14.58,suc_stk_fresh,NA,%_stalk_fm,2/13/2005,2005,44,avg,1
SC0015,227,8,till,NA,n_m2,9/25/2004,2004,269,avg,1
SC0015,227,3.3,lai,NA,m2_m2,9/25/2004,2004,269,avg,1
SC0015,472,152,stalk_fw,NA,ton_ha,5/28/2005,2005,148,avg,1
SC0015,301,11.82,suc_stk_fresh,NA,%_stalk_fm,12/8/2004,2004,343,avg,1
SC0015,318,11.95,suc_stk_fresh,NA,%_stalk_fm,12/25/2004,2004,360,avg,1
SC0015,334,12.63,suc_stk_fresh,NA,%_stalk_fm,1/10/2005,2005,10,avg,1
SC0015,350,11.96,suc_stk_fresh,NA,%_stalk_fm,1/26/2005,2005,26,avg,1
SC0015,368,13.25,suc_stk_fresh,NA,%_stalk_fm,2/13/2005,2005,44,avg,1
SC0015,383,15.12,suc_stk_fresh,NA,%_stalk_fm,2/28/2005,2005,59,avg,1
SC0015,397,13.39,suc_stk_fresh,NA,%_stalk_fm,3/14/2005,2005,73,avg,1
SC0015,410,14.93,suc_stk_fresh,NA,%_stalk_fm,3/27/2005,2005,86,avg,1
SC0015,426,14.85,suc_stk_fresh,NA,%_stalk_fm,4/12/2005,2005,102,avg,1
SC0015,441,14.77,suc_stk_fresh,NA,%_stalk_fm,4/27/2005,2005,117,avg,1
SC0015,456,15.18,suc_stk_fresh,NA,%_stalk_fm,5/12/2005,2005,132,avg,1
SC0015,471,15.17,suc_stk_fresh,NA,%_stalk_fm,5/27/2005,2005,147,avg,1
SC0015,472,16.2,suc_stk_fresh,NA,%_stalk_fm,5/28/2005,2005,148,avg,1
SC0016,120,111.5,till_row,NA,n_row,1/14/2008,2008,14,avg,1
SC0016,150,105.5,till_row,NA,n_row,2/13/2008,2008,44,avg,1
SC0016,180,93.62,till_row,NA,n_row,3/14/2008,2008,74,avg,1
SC0016,210,90.12,till_row,NA,n_row,4/13/2008,2008,104,avg,1
SC0016,240,92.5,till_row,NA,n_row,5/13/2008,2008,134,avg,1
SC0016,270,66,till_row,NA,n_row,6/12/2008,2008,164,avg,1
SC0016,300,69.12,till_row,NA,n_row,7/12/2008,2008,194,avg,1
SC0016,330,73.62,till_row,NA,n_row,8/11/2008,2008,224,avg,1
SC0016,360,71.12,till_row,NA,n_row,9/10/2008,2008,254,avg,1
SC0016,390,66.62,till_row,NA,n_row,10/10/2008,2008,284,avg,1
SC0017,120,122.3,till_row,NA,n_row,1/14/2008,2008,14,avg,1
SC0017,150,111.6,till_row,NA,n_row,2/13/2008,2008,44,avg,1
SC0017,180,88.62,till_row,NA,n_row,3/14/2008,2008,74,avg,1
SC0017,210,96,till_row,NA,n_row,4/13/2008,2008,104,avg,1
SC0017,240,91.62,till_row,NA,n_row,5/13/2008,2008,134,avg,1
SC0017,270,74,till_row,NA,n_row,6/12/2008,2008,164,avg,1
SC0017,300,90.37,till_row,NA,n_row,7/12/2008,2008,194,avg,1
SC0017,330,73.12,till_row,NA,n_row,8/11/2008,2008,224,avg,1
SC0017,360,65.5,till_row,NA,n_row,9/10/2008,2008,254,avg,1
SC0017,390,69.87,till_row,NA,n_row,10/10/2008,2008,284,avg,1
SC0018,120,114.1,till_row,NA,n_row,1/14/2008,2008,14,avg,1
SC0018,150,111.5,till_row,NA,n_row,2/13/2008,2008,44,avg,1
SC0018,180,94.12,till_row,NA,n_row,3/14/2008,2008,74,avg,1
SC0018,210,93.75,till_row,NA,n_row,4/13/2008,2008,104,avg,1
SC0018,240,96.12,till_row,NA,n_row,5/13/2008,2008,134,avg,1
SC0018,270,74.5,till_row,NA,n_row,6/12/2008,2008,164,avg,1
SC0018,300,77.25,till_row,NA,n_row,7/12/2008,2008,194,avg,1
SC0018,330,72.87,till_row,NA,n_row,8/11/2008,2008,224,avg,1
SC0018,360,71.75,till_row,NA,n_row,9/10/2008,2008,254,avg,1
SC0018,390,68.12,till_row,NA,n_row,10/10/2008,2008,284,avg,1
SC0019,120,122.3,till_row,NA,n_row,1/14/2008,2008,14,avg,1
SC0019,150,106.5,till_row,NA,n_row,2/13/2008,2008,44,avg,1
SC0016,120,2.839,lai,NA,m2_m2,1/14/2008,2008,14,avg,1
SC0016,150,2.687,lai,NA,m2_m2,2/13/2008,2008,44,avg,1
SC0016,180,3.38,lai,NA,m2_m2,3/14/2008,2008,74,avg,1
SC0016,210,3.522,lai,NA,m2_m2,4/13/2008,2008,104,avg,1
SC0016,240,3.8,lai,NA,m2_m2,5/13/2008,2008,134,avg,1
SC0016,270,3.39,lai,NA,m2_m2,6/12/2008,2008,164,avg,1
SC0016,300,3.605,lai,NA,m2_m2,7/12/2008,2008,194,avg,1
SC0016,330,3.463,lai,NA,m2_m2,8/11/2008,2008,224,avg,1
SC0016,360,4.073,lai,NA,m2_m2,9/10/2008,2008,254,avg,1
SC0016,390,4.073,lai,NA,m2_m2,10/10/2008,2008,284,avg,1
SC0017,120,3.796,lai,NA,m2_m2,1/14/2008,2008,14,avg,1
SC0017,150,3.257,lai,NA,m2_m2,2/13/2008,2008,44,avg,1
SC0017,180,3.776,lai,NA,m2_m2,3/14/2008,2008,74,avg,1
SC0017,210,4.429,lai,NA,m2_m2,4/13/2008,2008,104,avg,1
SC0017,240,5.027,lai,NA,m2_m2,5/13/2008,2008,134,avg,1
SC0017,270,3.517,lai,NA,m2_m2,6/12/2008,2008,164,avg,1
SC0017,300,4.789,lai,NA,m2_m2,7/12/2008,2008,194,avg,1
SC0017,330,3.088,lai,NA,m2_m2,8/11/2008,2008,224,avg,1
SC0017,360,3.109,lai,NA,m2_m2,9/10/2008,2008,254,avg,1
SC0017,390,4.31,lai,NA,m2_m2,10/10/2008,2008,284,avg,1
SC0018,120,3.433,lai,NA,m2_m2,1/14/2008,2008,14,avg,1
SC0018,150,4.109,lai,NA,m2_m2,2/13/2008,2008,44,avg,1
SC0018,180,4.855,lai,NA,m2_m2,3/14/2008,2008,74,avg,1
SC0018,210,4.937,lai,NA,m2_m2,4/13/2008,2008,104,avg,1
SC0018,240,5.753,lai,NA,m2_m2,5/13/2008,2008,134,avg,1
SC0018,270,3.688,lai,NA,m2_m2,6/12/2008,2008,164,avg,1
SC0018,300,4.27,lai,NA,m2_m2,7/12/2008,2008,194,avg,1
SC0018,330,3.14,lai,NA,m2_m2,8/11/2008,2008,224,avg,1
SC0018,360,4.069,lai,NA,m2_m2,9/10/2008,2008,254,avg,1
SC0018,390,3.935,lai,NA,m2_m2,10/10/2008,2008,284,avg,1
SC0019,120,3.937,lai,NA,m2_m2,1/14/2008,2008,14,avg,1
SC0019,150,3.364,lai,NA,m2_m2,2/13/2008,2008,44,avg,1
SC0016,120,0.64,cab_dw,NA,ton_ha,1/14/2008,2008,14,avg,1
SC0016,150,0.795,cab_dw,NA,ton_ha,2/13/2008,2008,44,avg,1
SC0016,180,0.905,cab_dw,NA,ton_ha,3/14/2008,2008,74,avg,1
SC0016,210,1.445,cab_dw,NA,ton_ha,4/13/2008,2008,104,avg,1
SC0016,240,2.075,cab_dw,NA,ton_ha,5/13/2008,2008,134,avg,1
SC0016,270,2.42,cab_dw,NA,ton_ha,6/12/2008,2008,164,avg,1
SC0016,300,2.81,cab_dw,NA,ton_ha,7/12/2008,2008,194,avg,1
SC0016,330,2.53,cab_dw,NA,ton_ha,8/11/2008,2008,224,avg,1
SC0016,360,3.045,cab_dw,NA,ton_ha,9/10/2008,2008,254,avg,1
SC0016,390,3.124,cab_dw,NA,ton_ha,10/10/2008,2008,284,avg,1
SC0017,120,0.845,cab_dw,NA,ton_ha,1/14/2008,2008,14,avg,1
SC0017,150,1.01,cab_dw,NA,ton_ha,2/13/2008,2008,44,avg,1
SC0017,180,1.315,cab_dw,NA,ton_ha,3/14/2008,2008,74,avg,1
SC0017,210,1.76,cab_dw,NA,ton_ha,4/13/2008,2008,104,avg,1
SC0017,240,2.24,cab_dw,NA,ton_ha,5/13/2008,2008,134,avg,1
SC0017,270,2.51,cab_dw,NA,ton_ha,6/12/2008,2008,164,avg,1
SC0017,300,2.965,cab_dw,NA,ton_ha,7/12/2008,2008,194,avg,1
SC0017,330,2.505,cab_dw,NA,ton_ha,8/11/2008,2008,224,avg,1
SC0017,360,3.055,cab_dw,NA,ton_ha,9/10/2008,2008,254,avg,1
SC0017,390,3.177,cab_dw,NA,ton_ha,10/10/2008,2008,284,avg,1
SC0018,120,0.99,cab_dw,NA,ton_ha,1/14/2008,2008,14,avg,1
SC0018,150,1.205,cab_dw,NA,ton_ha,2/13/2008,2008,44,avg,1
SC0018,180,1.555,cab_dw,NA,ton_ha,3/14/2008,2008,74,avg,1
SC0018,210,2.115,cab_dw,NA,ton_ha,4/13/2008,2008,104,avg,1
SC0018,240,2.63,cab_dw,NA,ton_ha,5/13/2008,2008,134,avg,1
SC0018,270,2.76,cab_dw,NA,ton_ha,6/12/2008,2008,164,avg,1
SC0018,300,3.04,cab_dw,NA,ton_ha,7/12/2008,2008,194,avg,1
SC0018,330,2.86,cab_dw,NA,ton_ha,8/11/2008,2008,224,avg,1
SC0018,360,3.15,cab_dw,NA,ton_ha,9/10/2008,2008,254,avg,1
SC0018,390,3.265,cab_dw,NA,ton_ha,10/10/2008,2008,284,avg,1
SC0019,120,0.915,cab_dw,NA,ton_ha,1/14/2008,2008,14,avg,1
SC0019,150,1.15,cab_dw,NA,ton_ha,2/13/2008,2008,44,avg,1
SC0016,120,0.64,stalk_h,NA,m_stalk,1/14/2008,2008,14,avg,1
SC0016,150,0.795,stalk_h,NA,m_stalk,2/13/2008,2008,44,avg,1
SC0016,180,0.905,stalk_h,NA,m_stalk,3/14/2008,2008,74,avg,1
SC0016,210,1.445,stalk_h,NA,m_stalk,4/13/2008,2008,104,avg,1
SC0016,240,2.075,stalk_h,NA,m_stalk,5/13/2008,2008,134,avg,1
SC0016,270,2.42,stalk_h,NA,m_stalk,6/12/2008,2008,164,avg,1
SC0016,300,2.81,stalk_h,NA,m_stalk,7/12/2008,2008,194,avg,1
SC0016,330,2.98,stalk_h,NA,m_stalk,8/11/2008,2008,224,avg,1
SC0016,360,3.045,stalk_h,NA,m_stalk,9/10/2008,2008,254,avg,1
SC0016,390,3.124,stalk_h,NA,m_stalk,10/10/2008,2008,284,avg,1
SC0017,120,0.845,stalk_h,NA,m_stalk,1/14/2008,2008,14,avg,1
SC0017,150,1.01,stalk_h,NA,m_stalk,2/13/2008,2008,44,avg,1
SC0017,180,1.315,stalk_h,NA,m_stalk,3/14/2008,2008,74,avg,1
SC0017,210,1.76,stalk_h,NA,m_stalk,4/13/2008,2008,104,avg,1
SC0017,240,2.24,stalk_h,NA,m_stalk,5/13/2008,2008,134,avg,1
SC0017,270,2.51,stalk_h,NA,m_stalk,6/12/2008,2008,164,avg,1
SC0017,300,2.965,stalk_h,NA,m_stalk,7/12/2008,2008,194,avg,1
SC0017,330,2.957,stalk_h,NA,m_stalk,8/11/2008,2008,224,avg,1
SC0017,360,3.055,stalk_h,NA,m_stalk,9/10/2008,2008,254,avg,1
SC0017,390,3.177,stalk_h,NA,m_stalk,10/10/2008,2008,284,avg,1
SC0018,120,0.99,stalk_h,NA,m_stalk,1/14/2008,2008,14,avg,1
SC0018,150,1.205,stalk_h,NA,m_stalk,2/13/2008,2008,44,avg,1
SC0018,180,1.555,stalk_h,NA,m_stalk,3/14/2008,2008,74,avg,1
SC0018,210,2.115,stalk_h,NA,m_stalk,4/13/2008,2008,104,avg,1
SC0018,240,2.63,stalk_h,NA,m_stalk,5/13/2008,2008,134,avg,1
SC0018,270,2.76,stalk_h,NA,m_stalk,6/12/2008,2008,164,avg,1
SC0018,300,3.04,stalk_h,NA,m_stalk,7/12/2008,2008,194,avg,1
SC0018,330,3.095,stalk_h,NA,m_stalk,8/11/2008,2008,224,avg,1
SC0018,360,3.15,stalk_h,NA,m_stalk,9/10/2008,2008,254,avg,1
SC0018,390,3.265,stalk_h,NA,m_stalk,10/10/2008,2008,284,avg,1
SC0019,120,0.915,stalk_h,NA,m_stalk,1/14/2008,2008,14,avg,1
SC0019,150,1.15,stalk_h,NA,m_stalk,2/13/2008,2008,44,avg,1
SC0016,424,18.74,suc_stk_substrates,NA,%_juice,11/13/2008,2008,318,avg,1
SC0017,424,19.69,suc_stk_substrates,NA,%_juice,11/13/2008,2008,318,avg,1
SC0018,424,18.59,suc_stk_substrates,NA,%_juice,11/13/2008,2008,318,avg,1
SC0016,424,132.1,stalk_fw,NA,ton_ha,11/13/2008,2008,318,avg,1
SC0017,424,131.8,stalk_fw,NA,ton_ha,11/13/2008,2008,318,avg,1
SC0018,424,139.6,stalk_fw,NA,ton_ha,11/13/2008,2008,318,avg,1
SC0015,472,38,stalk_dw,NA,ton_ha,5/28/2005,2005,148,avg,1
SC0011,471,41.262,stalk_dw,NA,ton_ha,5/27/2005,2005,147,avg,1
SC0009,284,28.45,stalk_dw,NA,ton_ha,4/11/2007,2007,101,avg,1
SC0009,344,33.25,stalk_dw,NA,ton_ha,6/10/2007,2007,161,avg,1
SC0009,404,30.8,stalk_dw,NA,ton_ha,8/9/2007,2007,221,avg,1
SC0020,180,208.0872331,stalk_c_n,SP80-3280,dml,NA,NA,NA,msr,1
SC0020,180,157.3747354,stalk_c_n,SP80-3280,dml,NA,NA,NA,msr,1
SC0020,180,209.9504349,stalk_c_n,SP80-3280,dml,NA,NA,NA,msr,1
SC0020,180,185.8937037,stalk_c_n,SP80-3280,dml,NA,NA,NA,msr,1
SC0020,180,153.3428071,stalk_c_n,SP80-3280,dml,NA,NA,NA,msr,1
SC0020,180,170.6509746,stalk_c_n,SP80-3280,dml,NA,NA,NA,msr,1
SC0020,180,183.1283092,stalk_c_n,SP80-3280,dml,NA,NA,NA,msr,1
