time,y,x,t1p5m_gb,snowfall,snow_grnd_gb,snow_depth_gb,resp_s_gb,precip,smc_tot,snow_can_gb,sw_down,time_value,run_ini,run_end,time_delta,date,year,doy_f,doy,dap_f,dap,das_f,das
1,1,1,293.93478,0.0,0.0,0.0,6.261154e-08,0.0,1004.815,0.0,102.65493,86400.0,2016-03-01 06:00:00,2016-10-30 06:00:00,1 days,2016-03-02 06:00:00,2016,61.25,62,-66.75,-65,1.0,1
2,1,1,296.3765,0.0,0.0,0.0,1.3282018e-07,0.0,1023.8338,0.0,167.38847,172800.0,2016-03-01 06:00:00,2016-10-30 06:00:00,2 days,2016-03-03 06:00:00,2016,62.25,63,-65.75,-64,2.0,2
3,1,1,295.74966,0.0,0.0,0.0,1.3045491e-07,0.0,1032.1475,0.0,103.06506,259200.0,2016-03-01 06:00:00,2016-10-30 06:00:00,3 days,2016-03-04 06:00:00,2016,63.25,64,-64.75,-63,3.0,3
4,1,1,297.202,0.0,0.0,0.0,1.6172731e-07,0.0,1038.2697,0.0,214.64972,345600.0,2016-03-01 06:00:00,2016-10-30 06:00:00,4 days,2016-03-05 06:00:00,2016,64.25,65,-63.75,-62,4.0,4
5,1,1,298.61887,0.0,0.0,0.0,1.7585762e-07,0.0,1043.4136,0.0,233.18694,432000.0,2016-03-01 06:00:00,2016-10-30 06:00:00,5 days,2016-03-06 06:00:00,2016,65.25,66,-62.75,-61,5.0,5
6,1,1,297.62973,0.0,0.0,0.0,1.7809013e-07,0.0,1048.3531,0.0,201.61017,518400.0,2016-03-01 06:00:00,2016-10-30 06:00:00,6 days,2016-03-07 06:00:00,2016,66.25,67,-61.75,-60,6.0,6
7,1,1,298.58517,0.0,0.0,0.0,2.0659489e-07,0.0,1052.3638,0.0,247.5542,604800.0,2016-03-01 06:00:00,2016-10-30 06:00:00,7 days,2016-03-08 06:00:00,2016,67.25,68,-60.75,-59,7.0,7
8,1,1,298.30774,0.0,0.0,0.0,2.0579353e-07,0.0,1056.152,0.0,219.26299,691200.0,2016-03-01 06:00:00,2016-10-30 06:00:00,8 days,2016-03-09 06:00:00,2016,68.25,69,-59.75,-58,8.0,8
9,1,1,300.0651,0.0,0.0,0.0,2.1892987e-07,0.0,1059.5969,0.0,244.12425,777600.0,2016-03-01 06:00:00,2016-10-30 06:00:00,9 days,2016-03-10 06:00:00,2016,69.25,70,-58.75,-57,9.0,9
10,1,1,297.32782,0.0,0.0,0.0,1.8860466e-07,0.0,1063.4825,0.0,182.0,864000.0,2016-03-01 06:00:00,2016-10-30 06:00:00,10 days,2016-03-11 06:00:00,2016,70.25,71,-57.75,-56,10.0,10
11,1,1,298.72446,0.0,0.0,0.0,1.8932724e-07,0.0,1066.8304,0.0,176.83128,950400.0,2016-03-01 06:00:00,2016-10-30 06:00:00,11 days,2016-03-12 06:00:00,2016,71.25,72,-56.75,-55,11.0,11
12,1,1,298.2231,0.0,0.0,0.0,2.1224226e-07,0.0,1069.2467,0.0,304.2014,1036800.0,2016-03-01 06:00:00,2016-10-30 06:00:00,12 days,2016-03-13 06:00:00,2016,72.25,73,-55.75,-54,12.0,12
13,1,1,296.71634,0.0,0.0,0.0,1.7505992e-07,1.47e-05,1073.3309,0.0,207.24646,1123200.0,2016-03-01 06:00:00,2016-10-30 06:00:00,13 days,2016-03-14 06:00:00,2016,73.25,74,-54.75,-53,13.0,13
14,1,1,297.43564,0.0,0.0,0.0,1.9308372e-07,0.0,1076.0021,0.0,206.70091,1209600.0,2016-03-01 06:00:00,2016-10-30 06:00:00,14 days,2016-03-15 06:00:00,2016,74.25,75,-53.75,-52,14.0,14
15,1,1,297.7849,0.0,0.0,0.0,1.9744725e-07,0.0,1078.9325,0.0,211.21165,1296000.0,2016-03-01 06:00:00,2016-10-30 06:00:00,15 days,2016-03-16 06:00:00,2016,75.25,76,-52.75,-51,15.0,15
16,1,1,297.2804,0.0,0.0,0.0,1.8553789e-07,0.0,1082.0115,0.0,178.4508,1382400.0,2016-03-01 06:00:00,2016-10-30 06:00:00,16 days,2016-03-17 06:00:00,2016,76.25,77,-51.75,-50,16.0,16
17,1,1,296.91806,0.0,0.0,0.0,2.0112356e-07,0.0,1084.6514,0.0,220.60362,1468800.0,2016-03-01 06:00:00,2016-10-30 06:00:00,17 days,2016-03-18 06:00:00,2016,77.25,78,-50.75,-49,17.0,17
18,1,1,297.64447,0.0,0.0,0.0,2.212842e-07,0.0,1087.106,0.0,259.97684,1555200.0,2016-03-01 06:00:00,2016-10-30 06:00:00,18 days,2016-03-19 06:00:00,2016,78.25,79,-49.75,-48,18.0,18
19,1,1,299.4956,0.0,0.0,0.0,2.3634807e-07,0.0,1089.1483,0.0,300.19238,1641600.0,2016-03-01 06:00:00,2016-10-30 06:00:00,19 days,2016-03-20 06:00:00,2016,79.25,80,-48.75,-47,19.0,19
20,1,1,298.55905,0.0,0.0,0.0,2.2201321e-07,0.0,1091.3337,0.0,298.44162,1728000.0,2016-03-01 06:00:00,2016-10-30 06:00:00,20 days,2016-03-21 06:00:00,2016,80.25,81,-47.75,-46,20.0,20
21,1,1,300.6165,0.0,0.0,0.0,2.3284049e-07,0.0,1093.7714,0.0,259.92776,1814400.0,2016-03-01 06:00:00,2016-10-30 06:00:00,21 days,2016-03-22 06:00:00,2016,81.25,82,-46.75,-45,21.0,21
22,1,1,301.43686,0.0,0.0,0.0,2.2883064e-07,0.0,1096.0969,0.0,250.28589,1900800.0,2016-03-01 06:00:00,2016-10-30 06:00:00,22 days,2016-03-23 06:00:00,2016,82.25,83,-45.75,-44,22.0,22
23,1,1,297.6418,0.0,0.0,0.0,2.0807396e-07,0.0,1099.1013,0.0,181.07404,1987200.0,2016-03-01 06:00:00,2016-10-30 06:00:00,23 days,2016-03-24 06:00:00,2016,83.25,84,-44.75,-43,23.0,23
24,1,1,297.3315,0.0,0.0,0.0,1.949001e-07,0.0,1101.7635,0.0,152.23863,2073600.0,2016-03-01 06:00:00,2016-10-30 06:00:00,24 days,2016-03-25 06:00:00,2016,84.25,85,-43.75,-42,24.0,24
25,1,1,297.66122,0.0,0.0,0.0,1.990631e-07,0.0,1104.2676,0.0,159.06233,2160000.0,2016-03-01 06:00:00,2016-10-30 06:00:00,25 days,2016-03-26 06:00:00,2016,85.25,86,-42.75,-41,25.0,25
26,1,1,296.75116,0.0,0.0,0.0,1.8389899e-07,1.764625e-05,1107.0034,0.0,148.04237,2246400.0,2016-03-01 06:00:00,2016-10-30 06:00:00,26 days,2016-03-27 06:00:00,2016,86.25,87,-41.75,-40,26.0,26
27,1,1,298.68683,0.0,0.0,0.0,1.8454632e-07,0.00014994001,1114.0206,0.0,160.8788,2332800.0,2016-03-01 06:00:00,2016-10-30 06:00:00,27 days,2016-03-28 06:00:00,2016,87.25,88,-40.75,-39,27.0,27
28,1,1,298.48337,0.0,0.0,0.0,2.0891902e-07,2.9374999e-06,1119.1033,0.0,200.04791,2419200.0,2016-03-01 06:00:00,2016-10-30 06:00:00,28 days,2016-03-29 06:00:00,2016,88.25,89,-39.75,-38,28.0,28
29,1,1,298.50992,0.0,0.0,0.0,2.2677379e-07,0.0,1118.5131,0.0,224.13313,2505600.0,2016-03-01 06:00:00,2016-10-30 06:00:00,29 days,2016-03-30 06:00:00,2016,89.25,90,-38.75,-37,29.0,29
30,1,1,299.3735,0.0,0.0,0.0,2.3075484e-07,0.0,1119.4398,0.0,203.90541,2592000.0,2016-03-01 06:00:00,2016-10-30 06:00:00,30 days,2016-03-31 06:00:00,2016,90.25,91,-37.75,-36,30.0,30
31,1,1,298.3655,0.0,0.0,0.0,2.2999944e-07,0.0,1120.5382,0.0,216.5767,2678400.0,2016-03-01 06:00:00,2016-10-30 06:00:00,31 days,2016-04-01 06:00:00,2016,91.25,92,-36.75,-35,31.0,31
32,1,1,297.85574,0.0,0.0,0.0,2.0658614e-07,2.9374999e-06,1122.2272,0.0,181.18915,2764800.0,2016-03-01 06:00:00,2016-10-30 06:00:00,32 days,2016-04-02 06:00:00,2016,92.25,93,-35.75,-34,32.0,32
33,1,1,298.16498,0.0,0.0,0.0,2.1362526e-07,0.0,1123.4902,0.0,209.13972,2851200.0,2016-03-01 06:00:00,2016-10-30 06:00:00,33 days,2016-04-03 06:00:00,2016,93.25,94,-34.75,-33,33.0,33
34,1,1,299.23068,0.0,0.0,0.0,2.066201e-07,2.057875e-05,1125.9592,0.0,219.6782,2937600.0,2016-03-01 06:00:00,2016-10-30 06:00:00,34 days,2016-04-04 06:00:00,2016,94.25,95,-33.75,-32,34.0,34
35,1,1,298.79843,0.0,0.0,0.0,1.9681664e-07,2.9374999e-06,1126.8634,0.0,198.92134,3024000.0,2016-03-01 06:00:00,2016-10-30 06:00:00,35 days,2016-04-05 06:00:00,2016,95.25,96,-32.75,-31,35.0,35
36,1,1,297.91757,0.0,0.0,0.0,1.9984277e-07,0.0,1127.9647,0.0,211.74495,3110400.0,2016-03-01 06:00:00,2016-10-30 06:00:00,36 days,2016-04-06 06:00:00,2016,96.25,97,-31.75,-30,36.0,36
37,1,1,297.9707,0.0,0.0,0.0,2.0499569e-07,0.0,1129.2306,0.0,224.15991,3196800.0,2016-03-01 06:00:00,2016-10-30 06:00:00,37 days,2016-04-07 06:00:00,2016,97.25,98,-30.75,-29,37.0,37
38,1,1,299.31937,0.0,0.0,0.0,2.0693393e-07,0.0,1130.4528,0.0,233.68681,3283200.0,2016-03-01 06:00:00,2016-10-30 06:00:00,38 days,2016-04-08 06:00:00,2016,98.25,99,-29.75,-28,38.0,38
39,1,1,299.21136,0.0,0.0,0.0,2.0618732e-07,0.0,1131.5907,0.0,222.84639,3369600.0,2016-03-01 06:00:00,2016-10-30 06:00:00,39 days,2016-04-09 06:00:00,2016,99.25,100,-28.75,-27,39.0,39
40,1,1,300.0992,0.0,0.0,0.0,2.1859198e-07,0.0,1132.649,0.0,225.19957,3456000.0,2016-03-01 06:00:00,2016-10-30 06:00:00,40 days,2016-04-10 06:00:00,2016,100.25,101,-27.75,-26,40.0,40
41,1,1,299.09018,0.0,0.0,0.0,2.0723472e-07,0.0,1133.8888,0.0,195.97108,3542400.0,2016-03-01 06:00:00,2016-10-30 06:00:00,41 days,2016-04-11 06:00:00,2016,101.25,102,-26.75,-25,41.0,41
42,1,1,298.31592,0.0,0.0,0.0,1.973665e-07,9.407377e-05,1136.622,0.0,170.88081,3628800.0,2016-03-01 06:00:00,2016-10-30 06:00:00,42 days,2016-04-12 06:00:00,2016,102.25,103,-25.75,-24,42.0,42
43,1,1,298.72864,0.0,0.0,0.0,1.9982126e-07,1.470125e-05,1140.0895,0.0,178.35736,3715200.0,2016-03-01 06:00:00,2016-10-30 06:00:00,43 days,2016-04-13 06:00:00,2016,103.25,104,-24.75,-23,43.0,43
44,1,1,299.3866,0.0,0.0,0.0,2.0573185e-07,0.0,1139.4442,0.0,192.9146,3801600.0,2016-03-01 06:00:00,2016-10-30 06:00:00,44 days,2016-04-14 06:00:00,2016,104.25,105,-23.75,-22,44.0,44
45,1,1,299.90005,0.0,0.0,0.0,1.8281618e-07,0.00013522748,1149.0585,0.0,167.90689,3888000.0,2016-03-01 06:00:00,2016-10-30 06:00:00,45 days,2016-04-15 06:00:00,2016,105.25,106,-22.75,-21,45.0,45
46,1,1,298.62918,0.0,0.0,0.0,1.8530518e-07,7.9382495e-05,1154.2462,0.0,159.14369,3974400.0,2016-03-01 06:00:00,2016-10-30 06:00:00,46 days,2016-04-16 06:00:00,2016,106.25,107,-21.75,-20,46.0,46
47,1,1,299.59616,0.0,0.0,0.0,1.9492256e-07,0.0,1151.1652,0.0,196.27138,4060800.0,2016-03-01 06:00:00,2016-10-30 06:00:00,47 days,2016-04-17 06:00:00,2016,107.25,108,-20.75,-19,47.0,47
48,1,1,299.30396,0.0,0.0,0.0,1.9263943e-07,0.0,1150.1781,0.0,216.3437,4147200.0,2016-03-01 06:00:00,2016-10-30 06:00:00,48 days,2016-04-18 06:00:00,2016,108.25,109,-19.75,-18,48.0,48
49,1,1,299.4768,0.0,0.0,0.0,1.9275036e-07,0.0,1149.842,0.0,209.62018,4233600.0,2016-03-01 06:00:00,2016-10-30 06:00:00,49 days,2016-04-19 06:00:00,2016,109.25,110,-18.75,-17,49.0,49
50,1,1,299.76633,0.0,0.0,0.0,1.8884411e-07,0.0,1149.6371,0.0,208.87206,4320000.0,2016-03-01 06:00:00,2016-10-30 06:00:00,50 days,2016-04-20 06:00:00,2016,110.25,111,-17.75,-16,50.0,50
51,1,1,299.8428,0.0,0.0,0.0,1.9132834e-07,0.0,1149.955,0.0,175.5049,4406400.0,2016-03-01 06:00:00,2016-10-30 06:00:00,51 days,2016-04-21 06:00:00,2016,111.25,112,-16.75,-15,51.0,51
52,1,1,299.56296,0.0,0.0,0.0,1.7565277e-07,0.0,1150.2639,0.0,152.7554,4492800.0,2016-03-01 06:00:00,2016-10-30 06:00:00,52 days,2016-04-22 06:00:00,2016,112.25,113,-15.75,-14,52.0,52
53,1,1,299.4978,0.0,0.0,0.0,1.848952e-07,0.0,1150.5277,0.0,175.8382,4579200.0,2016-03-01 06:00:00,2016-10-30 06:00:00,53 days,2016-04-23 06:00:00,2016,113.25,114,-14.75,-13,53.0,53
54,1,1,299.463,0.0,0.0,0.0,1.834158e-07,2.9374999e-06,1150.6927,0.0,177.40013,4665600.0,2016-03-01 06:00:00,2016-10-30 06:00:00,54 days,2016-04-24 06:00:00,2016,114.25,115,-13.75,-12,54.0,54
55,1,1,299.61282,0.0,0.0,0.0,1.7996109e-07,0.0,1150.8789,0.0,189.07396,4752000.0,2016-03-01 06:00:00,2016-10-30 06:00:00,55 days,2016-04-25 06:00:00,2016,115.25,116,-12.75,-11,55.0,55
56,1,1,300.31635,0.0,0.0,0.0,1.7630357e-07,5.8875e-06,1150.731,0.0,198.06793,4838400.0,2016-03-01 06:00:00,2016-10-30 06:00:00,56 days,2016-04-26 06:00:00,2016,116.25,117,-11.75,-10,56.0,56
57,1,1,298.564,0.0,0.0,0.0,1.6798145e-07,2.9374999e-06,1151.4366,0.0,152.16408,4924800.0,2016-03-01 06:00:00,2016-10-30 06:00:00,57 days,2016-04-27 06:00:00,2016,117.25,118,-10.75,-9,57.0,57
58,1,1,291.33792,0.0,0.0,0.0,1.3049788e-07,2.6456253e-05,1153.514,0.0,108.18298,5011200.0,2016-03-01 06:00:00,2016-10-30 06:00:00,58 days,2016-04-28 06:00:00,2016,118.25,119,-9.75,-8,58.0,58
59,1,1,289.84714,0.0,0.0,0.0,1.2234516e-07,0.0,1153.086,0.0,183.8711,5097600.0,2016-03-01 06:00:00,2016-10-30 06:00:00,59 days,2016-04-29 06:00:00,2016,119.25,120,-8.75,-7,59.0,59
60,1,1,290.97507,0.0,0.0,0.0,1.2337578e-07,0.0,1153.3396,0.0,168.66072,5184000.0,2016-03-01 06:00:00,2016-10-30 06:00:00,60 days,2016-04-30 06:00:00,2016,120.25,121,-7.75,-6,60.0,60
61,1,1,291.12134,0.0,0.0,0.0,1.2552968e-07,0.0,1153.4435,0.0,186.26128,5270400.0,2016-03-01 06:00:00,2016-10-30 06:00:00,61 days,2016-05-01 06:00:00,2016,121.25,122,-6.75,-5,61.0,61
62,1,1,289.10553,0.0,0.0,0.0,1.08878226e-07,7.3496245e-05,1156.1019,0.0,231.9575,5356800.0,2016-03-01 06:00:00,2016-10-30 06:00:00,62 days,2016-05-02 06:00:00,2016,122.25,123,-5.75,-4,62.0,62
63,1,1,291.00998,0.0,0.0,0.0,1.1531326e-07,8.812501e-06,1155.7413,0.0,231.64168,5443200.0,2016-03-01 06:00:00,2016-10-30 06:00:00,63 days,2016-05-03 06:00:00,2016,123.25,124,-4.75,-3,63.0,63
64,1,1,292.8496,0.0,0.0,0.0,1.3452184e-07,0.0,1155.4984,0.0,224.47955,5529600.0,2016-03-01 06:00:00,2016-10-30 06:00:00,64 days,2016-05-04 06:00:00,2016,124.25,125,-3.75,-2,64.0,64
65,1,1,293.63242,0.0,0.0,0.0,1.4530563e-07,0.0,1155.1656,0.0,197.16858,5616000.0,2016-03-01 06:00:00,2016-10-30 06:00:00,65 days,2016-05-05 06:00:00,2016,125.25,126,-2.75,-1,65.0,65
66,1,1,293.3046,0.0,0.0,0.0,1.4348088e-07,3.8217502e-05,1155.6873,0.0,182.41466,5702400.0,2016-03-01 06:00:00,2016-10-30 06:00:00,66 days,2016-05-06 06:00:00,2016,126.25,127,-1.75,0,66.0,66
67,1,1,294.73904,0.0,0.0,0.0,1.4967468e-07,0.000238125,1157.222,0.0,214.09631,5788800.0,2016-03-01 06:00:00,2016-10-30 06:00:00,67 days,2016-05-07 06:00:00,2016,127.25,128,-0.75,1,67.0,67
68,1,1,295.0632,0.0,0.0,0.0,1.4634995e-07,6.467875e-05,1173.8654,0.0,185.37941,5875200.0,2016-03-01 06:00:00,2016-10-30 06:00:00,68 days,2016-05-08 06:00:00,2016,128.25,129,0.25,1,68.0,68
69,1,1,294.69724,0.0,0.0,0.0,1.4049236e-07,0.000729125,1190.1974,0.0,164.71425,5961600.0,2016-03-01 06:00:00,2016-10-30 06:00:00,69 days,2016-05-09 06:00:00,2016,129.25,130,1.25,2,69.0,69
70,1,1,296.42496,0.0,0.0,0.0,1.5848104e-07,0.0,1198.3174,0.0,179.34607,6048000.0,2016-03-01 06:00:00,2016-10-30 06:00:00,70 days,2016-05-10 06:00:00,2016,130.25,131,2.25,3,70.0,70
71,1,1,296.57263,0.0,0.0,0.0,1.4922684e-07,0.0,1193.436,0.0,133.81795,6134400.0,2016-03-01 06:00:00,2016-10-30 06:00:00,71 days,2016-05-11 06:00:00,2016,131.25,132,3.25,4,71.0,71
72,1,1,293.99228,0.0,0.0,0.0,1.4240248e-07,0.00042039502,1194.473,0.0,117.84315,6220800.0,2016-03-01 06:00:00,2016-10-30 06:00:00,72 days,2016-05-12 06:00:00,2016,132.25,133,4.25,5,72.0,72
73,1,1,293.13235,0.0,0.0,0.0,1.1745326e-07,0.00068844995,1241.621,0.0,72.25042,6307200.0,2016-03-01 06:00:00,2016-10-30 06:00:00,73 days,2016-05-13 06:00:00,2016,133.25,134,5.25,6,73.0,73
74,1,1,292.613,0.0,0.0,0.0,1.2659217e-07,3.52775e-05,1245.4083,0.0,157.34264,6393600.0,2016-03-01 06:00:00,2016-10-30 06:00:00,74 days,2016-05-14 06:00:00,2016,134.25,135,6.25,7,74.0,74
75,1,1,292.80148,0.0,0.0,0.0,1.229987e-07,9.4072515e-05,1243.7068,0.0,154.93996,6480000.0,2016-03-01 06:00:00,2016-10-30 06:00:00,75 days,2016-05-15 06:00:00,2016,135.25,136,7.25,8,75.0,75
76,1,1,296.18698,0.0,0.0,0.0,1.38406e-07,0.000182275,1237.5193,0.0,198.81255,6566400.0,2016-03-01 06:00:00,2016-10-30 06:00:00,76 days,2016-05-16 06:00:00,2016,136.25,137,8.25,9,76.0,76
77,1,1,295.91135,0.0,0.0,0.0,1.310306e-07,0.00011171249,1250.41,0.0,117.38599,6652800.0,2016-03-01 06:00:00,2016-10-30 06:00:00,77 days,2016-05-17 06:00:00,2016,137.25,138,9.25,10,77.0,77
78,1,1,293.34354,0.0,0.0,0.0,1.409599e-07,5.8749997e-06,1242.7137,0.0,166.17778,6739200.0,2016-03-01 06:00:00,2016-10-30 06:00:00,78 days,2016-05-18 06:00:00,2016,138.25,139,10.25,11,78.0,78
79,1,1,290.55978,0.0,0.0,0.0,1.2375428e-07,4.998875e-05,1236.8927,0.0,116.65909,6825600.0,2016-03-01 06:00:00,2016-10-30 06:00:00,79 days,2016-05-19 06:00:00,2016,139.25,140,11.25,12,79.0,79
80,1,1,290.0333,0.0,0.0,0.0,1.0712765e-07,0.0,1229.7999,0.0,46.36027,6912000.0,2016-03-01 06:00:00,2016-10-30 06:00:00,80 days,2016-05-20 06:00:00,2016,140.25,141,12.25,13,80.0,80
81,1,1,294.63626,0.0,0.0,0.0,1.3581639e-07,0.0,1221.4974,0.0,162.68637,6998400.0,2016-03-01 06:00:00,2016-10-30 06:00:00,81 days,2016-05-21 06:00:00,2016,141.25,142,13.25,14,81.0,81
82,1,1,294.90652,0.0,0.0,0.0,1.3292886e-07,2.9374999e-06,1214.1691,0.0,96.94654,7084800.0,2016-03-01 06:00:00,2016-10-30 06:00:00,82 days,2016-05-22 06:00:00,2016,142.25,143,14.25,15,82.0,82
83,1,1,294.62485,0.0,0.0,0.0,1.3729722e-07,5.8749997e-06,1208.6012,0.0,118.46305,7171200.0,2016-03-01 06:00:00,2016-10-30 06:00:00,83 days,2016-05-23 06:00:00,2016,143.25,144,15.25,16,83.0,83
84,1,1,288.7357,0.0,0.0,0.0,1.10440716e-07,0.0,1203.339,0.0,126.0566,7257600.0,2016-03-01 06:00:00,2016-10-30 06:00:00,84 days,2016-05-24 06:00:00,2016,144.25,145,16.25,17,84.0,84
85,1,1,288.7333,0.0,0.0,0.0,9.53134e-08,0.0,1199.0873,0.0,130.24353,7344000.0,2016-03-01 06:00:00,2016-10-30 06:00:00,85 days,2016-05-25 06:00:00,2016,145.25,146,17.25,18,85.0,85
86,1,1,291.1781,0.0,0.0,0.0,1.1058551e-07,0.0,1195.1909,0.0,182.40924,7430400.0,2016-03-01 06:00:00,2016-10-30 06:00:00,86 days,2016-05-26 06:00:00,2016,146.25,147,18.25,19,86.0,86
87,1,1,292.56763,0.0,0.0,0.0,1.2162201e-07,0.00022636873,1195.0581,0.0,164.76305,7516800.0,2016-03-01 06:00:00,2016-10-30 06:00:00,87 days,2016-05-27 06:00:00,2016,147.25,148,19.25,20,87.0,87
88,1,1,292.6889,0.0,0.0,0.0,1.1931392e-07,3.2337502e-05,1208.0674,0.0,151.24257,7603200.0,2016-03-01 06:00:00,2016-10-30 06:00:00,88 days,2016-05-28 06:00:00,2016,148.25,149,20.25,21,88.0,88
89,1,1,293.19748,0.0,0.0,0.0,1.2705704e-07,0.0,1202.1722,0.0,151.13368,7689600.0,2016-03-01 06:00:00,2016-10-30 06:00:00,89 days,2016-05-29 06:00:00,2016,149.25,150,21.25,22,89.0,89
90,1,1,292.79443,0.0,0.0,0.0,1.213068e-07,0.0,1196.6576,0.0,107.455475,7776000.0,2016-03-01 06:00:00,2016-10-30 06:00:00,90 days,2016-05-30 06:00:00,2016,150.25,151,22.25,23,90.0,90
91,1,1,293.26505,0.0,0.0,0.0,1.2200873e-07,2.352e-05,1193.4319,0.0,120.685295,7862400.0,2016-03-01 06:00:00,2016-10-30 06:00:00,91 days,2016-05-31 06:00:00,2016,151.25,152,23.25,24,91.0,91
92,1,1,292.75656,0.0,0.0,0.0,1.2312556e-07,3.82175e-05,1190.9177,0.0,97.01257,7948800.0,2016-03-01 06:00:00,2016-10-30 06:00:00,92 days,2016-06-01 06:00:00,2016,152.25,153,24.25,25,92.0,92
93,1,1,292.7678,0.0,0.0,0.0,1.2546688e-07,0.0,1189.1725,0.0,72.54861,8035200.0,2016-03-01 06:00:00,2016-10-30 06:00:00,93 days,2016-06-02 06:00:00,2016,153.25,154,25.25,26,93.0,93
94,1,1,294.07327,0.0,0.0,0.0,1.3380193e-07,0.0,1186.0786,0.0,115.993866,8121600.0,2016-03-01 06:00:00,2016-10-30 06:00:00,94 days,2016-06-03 06:00:00,2016,154.25,155,26.25,27,94.0,94
95,1,1,292.75244,0.0,0.0,0.0,1.2968188e-07,0.0,1183.7272,0.0,121.2973,8208000.0,2016-03-01 06:00:00,2016-10-30 06:00:00,95 days,2016-06-04 06:00:00,2016,155.25,156,27.25,28,95.0,95
96,1,1,293.37387,0.0,0.0,0.0,1.2919354e-07,0.0,1181.8842,0.0,87.36002,8294400.0,2016-03-01 06:00:00,2016-10-30 06:00:00,96 days,2016-06-05 06:00:00,2016,156.25,157,28.25,29,96.0,96
97,1,1,294.5513,0.0,0.0,0.0,1.3012071e-07,0.0,1180.7426,0.0,22.58628,8380800.0,2016-03-01 06:00:00,2016-10-30 06:00:00,97 days,2016-06-06 06:00:00,2016,157.25,158,29.25,30,97.0,97
98,1,1,294.88016,0.0,0.0,0.0,1.4192022e-07,0.0,1178.9464,0.0,93.11463,8467200.0,2016-03-01 06:00:00,2016-10-30 06:00:00,98 days,2016-06-07 06:00:00,2016,158.25,159,30.25,31,98.0,98
99,1,1,291.16626,0.0,0.0,0.0,1.2539074e-07,0.0,1177.1039,0.0,125.40319,8553600.0,2016-03-01 06:00:00,2016-10-30 06:00:00,99 days,2016-06-08 06:00:00,2016,159.25,160,31.25,32,99.0,99
100,1,1,288.10782,0.0,0.0,0.0,1.0479342e-07,0.0,1175.3488,0.0,183.32263,8640000.0,2016-03-01 06:00:00,2016-10-30 06:00:00,100 days,2016-06-09 06:00:00,2016,160.25,161,32.25,33,100.0,100
101,1,1,285.7235,0.0,0.0,0.0,8.477545e-08,0.00013523376,1177.2919,0.0,192.24994,8726400.0,2016-03-01 06:00:00,2016-10-30 06:00:00,101 days,2016-06-10 06:00:00,2016,161.25,162,33.25,34,101.0,101
102,1,1,286.54428,0.0,0.0,0.0,8.2326665e-08,2.352e-05,1182.2689,0.0,182.62904,8812800.0,2016-03-01 06:00:00,2016-10-30 06:00:00,102 days,2016-06-11 06:00:00,2016,162.25,163,34.25,35,102.0,102
103,1,1,285.28177,0.0,0.0,0.0,8.057997e-08,0.0,1178.0948,0.0,188.954,8899200.0,2016-03-01 06:00:00,2016-10-30 06:00:00,103 days,2016-06-12 06:00:00,2016,163.25,164,35.25,36,103.0,103
104,1,1,284.2225,0.0,0.0,0.0,7.550443e-08,0.0,1175.8525,0.0,189.8585,8985600.0,2016-03-01 06:00:00,2016-10-30 06:00:00,104 days,2016-06-13 06:00:00,2016,164.25,165,36.25,37,104.0,104
105,1,1,284.91473,0.0,0.0,0.0,6.801873e-08,6.46775e-05,1177.0065,0.0,190.84706,9072000.0,2016-03-01 06:00:00,2016-10-30 06:00:00,105 days,2016-06-14 06:00:00,2016,165.25,166,37.25,38,105.0,105
106,1,1,287.95114,0.0,0.0,0.0,8.3618225e-08,1.17624995e-05,1174.6613,0.0,184.7145,9158400.0,2016-03-01 06:00:00,2016-10-30 06:00:00,106 days,2016-06-15 06:00:00,2016,166.25,167,38.25,39,106.0,106
107,1,1,290.31223,0.0,0.0,0.0,9.684206e-08,0.0001322875,1184.016,0.0,170.66444,9244800.0,2016-03-01 06:00:00,2016-10-30 06:00:00,107 days,2016-06-16 06:00:00,2016,167.25,168,39.25,40,107.0,107
108,1,1,292.19562,0.0,0.0,0.0,1.1165406e-07,0.0,1180.5238,0.0,178.11945,9331200.0,2016-03-01 06:00:00,2016-10-30 06:00:00,108 days,2016-06-17 06:00:00,2016,168.25,169,40.25,41,108.0,108
109,1,1,292.82635,0.0,0.0,0.0,1.1310663e-07,5.5855e-05,1179.0575,0.0,179.59511,9417600.0,2016-03-01 06:00:00,2016-10-30 06:00:00,109 days,2016-06-18 06:00:00,2016,169.25,170,41.25,42,109.0,109
110,1,1,292.06003,0.0,0.0,0.0,1.147443e-07,0.0,1177.1388,0.0,180.7483,9504000.0,2016-03-01 06:00:00,2016-10-30 06:00:00,110 days,2016-06-19 06:00:00,2016,170.25,171,42.25,43,110.0,110
111,1,1,291.55258,0.0,0.0,0.0,1.1856027e-07,5.292e-05,1175.0143,0.0,167.75246,9590400.0,2016-03-01 06:00:00,2016-10-30 06:00:00,111 days,2016-06-20 06:00:00,2016,171.25,172,43.25,44,111.0,111
112,1,1,289.91104,0.0,0.0,0.0,1.0159593e-07,4.4101253e-05,1177.1718,0.0,140.28777,9676800.0,2016-03-01 06:00:00,2016-10-30 06:00:00,112 days,2016-06-21 06:00:00,2016,172.25,173,44.25,45,112.0,112
113,1,1,288.58707,0.0,0.0,0.0,8.926787e-08,0.000729125,1192.0477,0.0,111.648964,9763200.0,2016-03-01 06:00:00,2016-10-30 06:00:00,113 days,2016-06-22 06:00:00,2016,173.25,174,45.25,46,113.0,113
114,1,1,291.00702,0.0,0.0,0.0,1.03796e-07,0.0,1200.5183,0.0,114.27264,9849600.0,2016-03-01 06:00:00,2016-10-30 06:00:00,114 days,2016-06-23 06:00:00,2016,174.25,175,46.25,47,114.0,114
115,1,1,290.59506,0.0,0.0,0.0,1.0782281e-07,0.0,1195.9849,0.0,130.21638,9936000.0,2016-03-01 06:00:00,2016-10-30 06:00:00,115 days,2016-06-24 06:00:00,2016,175.25,176,47.25,48,115.0,115
116,1,1,289.99133,0.0,0.0,0.0,1.0559598e-07,0.0,1190.8964,0.0,161.80095,10022400.0,2016-03-01 06:00:00,2016-10-30 06:00:00,116 days,2016-06-25 06:00:00,2016,176.25,177,48.25,49,116.0,116
117,1,1,291.37112,0.0,0.0,0.0,1.1061795e-07,0.0,1186.6302,0.0,164.1902,10108800.0,2016-03-01 06:00:00,2016-10-30 06:00:00,117 days,2016-06-26 06:00:00,2016,177.25,178,49.25,50,117.0,117
118,1,1,291.1342,0.0,0.0,0.0,9.846179e-08,0.0003322,1204.4338,0.0,172.36006,10195200.0,2016-03-01 06:00:00,2016-10-30 06:00:00,118 days,2016-06-27 06:00:00,2016,178.25,179,50.25,51,118.0,118
119,1,1,290.08826,0.0,0.0,0.0,9.652181e-08,5.291625e-05,1208.8286,0.0,171.25159,10281600.0,2016-03-01 06:00:00,2016-10-30 06:00:00,119 days,2016-06-28 06:00:00,2016,179.25,180,51.25,52,119.0,119
120,1,1,290.99036,0.0,0.0,0.0,9.468019e-08,0.000729125,1221.2638,0.0,177.963,10368000.0,2016-03-01 06:00:00,2016-10-30 06:00:00,120 days,2016-06-29 06:00:00,2016,180.25,181,52.25,53,120.0,120
121,1,1,292.9028,0.0,0.0,0.0,1.0273996e-07,2.645625e-05,1227.7948,0.0,130.3665,10454400.0,2016-03-01 06:00:00,2016-10-30 06:00:00,121 days,2016-06-30 06:00:00,2016,181.25,182,53.25,54,121.0,121
122,1,1,293.4261,0.0,0.0,0.0,1.0963921e-07,3.5275003e-05,1223.7557,0.0,121.5808,10540800.0,2016-03-01 06:00:00,2016-10-30 06:00:00,122 days,2016-07-01 06:00:00,2016,182.25,183,54.25,55,122.0,122
123,1,1,292.7764,0.0,0.0,0.0,1.10855275e-07,0.0,1218.1368,0.0,142.40715,10627200.0,2016-03-01 06:00:00,2016-10-30 06:00:00,123 days,2016-07-02 06:00:00,2016,183.25,184,55.25,56,123.0,123
124,1,1,293.64203,0.0,0.0,0.0,1.1253962e-07,0.0,1211.2324,0.0,151.65651,10713600.0,2016-03-01 06:00:00,2016-10-30 06:00:00,124 days,2016-07-03 06:00:00,2016,184.25,185,56.25,57,124.0,124
125,1,1,294.12622,0.0,0.0,0.0,1.1554647e-07,0.0,1204.7826,0.0,154.87608,10800000.0,2016-03-01 06:00:00,2016-10-30 06:00:00,125 days,2016-07-04 06:00:00,2016,185.25,186,57.25,58,125.0,125
126,1,1,293.45093,0.0,0.0,0.0,1.0546251e-07,0.000729125,1217.1484,0.0,156.65733,10886400.0,2016-03-01 06:00:00,2016-10-30 06:00:00,126 days,2016-07-05 06:00:00,2016,186.25,187,58.25,59,126.0,126
127,1,1,294.01263,0.0,0.0,0.0,1.0252014e-07,3.5279998e-05,1224.411,0.0,133.83467,10972800.0,2016-03-01 06:00:00,2016-10-30 06:00:00,127 days,2016-07-06 06:00:00,2016,187.25,188,59.25,60,127.0,127
128,1,1,295.01978,0.0,0.0,0.0,1.1340787e-07,0.0,1219.033,0.0,113.19107,11059200.0,2016-03-01 06:00:00,2016-10-30 06:00:00,128 days,2016-07-07 06:00:00,2016,188.25,189,60.25,61,128.0,128
129,1,1,288.81857,0.0,0.0,0.0,9.42678e-08,0.0,1211.7152,0.0,172.16791,11145600.0,2016-03-01 06:00:00,2016-10-30 06:00:00,129 days,2016-07-08 06:00:00,2016,189.25,190,61.25,62,129.0,129
130,1,1,288.12766,0.0,0.0,0.0,8.3954006e-08,0.0,1205.0497,0.0,169.6856,11232000.0,2016-03-01 06:00:00,2016-10-30 06:00:00,130 days,2016-07-09 06:00:00,2016,190.25,191,62.25,63,130.0,130
131,1,1,290.04144,0.0,0.0,0.0,8.8654936e-08,0.0,1199.7903,0.0,168.31067,11318400.0,2016-03-01 06:00:00,2016-10-30 06:00:00,131 days,2016-07-10 06:00:00,2016,191.25,192,63.25,64,131.0,131
132,1,1,294.01492,0.0,0.0,0.0,9.807919e-08,0.0,1195.2511,0.0,163.32141,11404800.0,2016-03-01 06:00:00,2016-10-30 06:00:00,132 days,2016-07-11 06:00:00,2016,192.25,193,64.25,65,132.0,132
133,1,1,295.7236,0.0,0.0,0.0,1.0892115e-07,0.00027927497,1192.8536,0.0,164.33421,11491200.0,2016-03-01 06:00:00,2016-10-30 06:00:00,133 days,2016-07-12 06:00:00,2016,193.25,194,65.25,66,133.0,133
134,1,1,295.91513,0.0,0.0,0.0,1.05654465e-07,0.0,1208.3502,0.0,162.69957,11577600.0,2016-03-01 06:00:00,2016-10-30 06:00:00,134 days,2016-07-13 06:00:00,2016,194.25,195,66.25,67,134.0,134
135,1,1,295.00516,0.0,0.0,0.0,1.0756082e-07,0.00021164998,1210.3383,0.0,163.46468,11664000.0,2016-03-01 06:00:00,2016-10-30 06:00:00,135 days,2016-07-14 06:00:00,2016,195.25,196,67.25,68,135.0,135
136,1,1,295.60556,0.0,0.0,0.0,1.0805832e-07,0.0,1213.9194,0.0,166.32866,11750400.0,2016-03-01 06:00:00,2016-10-30 06:00:00,136 days,2016-07-15 06:00:00,2016,196.25,197,68.25,69,136.0,136
137,1,1,296.43582,0.0,0.0,0.0,1.107654e-07,0.0,1206.9725,0.0,166.6019,11836800.0,2016-03-01 06:00:00,2016-10-30 06:00:00,137 days,2016-07-16 06:00:00,2016,197.25,198,69.25,70,137.0,137
138,1,1,292.9211,0.0,0.0,0.0,1.06415825e-07,0.00013522623,1204.8143,0.0,81.14083,11923200.0,2016-03-01 06:00:00,2016-10-30 06:00:00,138 days,2016-07-17 06:00:00,2016,198.25,199,70.25,71,138.0,138
139,1,1,286.68802,0.0,0.0,0.0,8.033559e-08,0.000520875,1221.5063,0.0,171.5379,12009600.0,2016-03-01 06:00:00,2016-10-30 06:00:00,139 days,2016-07-18 06:00:00,2016,199.25,200,71.25,72,139.0,139
140,1,1,286.393,0.0,0.0,0.0,7.4516215e-08,0.0,1227.4547,0.0,176.75139,12096000.0,2016-03-01 06:00:00,2016-10-30 06:00:00,140 days,2016-07-19 06:00:00,2016,200.25,201,72.25,73,140.0,140
141,1,1,287.16595,0.0,0.0,0.0,7.843622e-08,0.0,1220.9834,0.0,96.47589,12182400.0,2016-03-01 06:00:00,2016-10-30 06:00:00,141 days,2016-07-20 06:00:00,2016,201.25,202,73.25,74,141.0,141
142,1,1,288.06604,0.0,0.0,0.0,8.4711196e-08,0.0,1214.3387,0.0,151.94118,12268800.0,2016-03-01 06:00:00,2016-10-30 06:00:00,142 days,2016-07-21 06:00:00,2016,202.25,203,74.25,75,142.0,142
143,1,1,288.6694,0.0,0.0,0.0,8.546201e-08,0.00027928627,1218.0852,0.0,146.3972,12355200.0,2016-03-01 06:00:00,2016-10-30 06:00:00,143 days,2016-07-22 06:00:00,2016,203.25,204,75.25,76,143.0,143
144,1,1,287.9587,0.0,0.0,0.0,8.490567e-08,0.0,1224.2719,0.0,158.27705,12441600.0,2016-03-01 06:00:00,2016-10-30 06:00:00,144 days,2016-07-23 06:00:00,2016,204.25,205,76.25,77,144.0,144
145,1,1,290.86832,0.0,0.0,0.0,9.1282395e-08,0.0,1217.3517,0.0,172.01607,12528000.0,2016-03-01 06:00:00,2016-10-30 06:00:00,145 days,2016-07-24 06:00:00,2016,205.25,206,77.25,78,145.0,145
146,1,1,293.47482,0.0,0.0,0.0,9.937347e-08,0.0,1210.4355,0.0,175.19562,12614400.0,2016-03-01 06:00:00,2016-10-30 06:00:00,146 days,2016-07-25 06:00:00,2016,206.25,207,78.25,79,146.0,146
147,1,1,293.87167,0.0,0.0,0.0,1.03914935e-07,0.0003410375,1209.8656,0.0,174.7356,12700800.0,2016-03-01 06:00:00,2016-10-30 06:00:00,147 days,2016-07-26 06:00:00,2016,207.25,208,79.25,80,147.0,147
148,1,1,295.13284,0.0,0.0,0.0,1.0174813e-07,0.0,1224.7777,0.0,178.1554,12787200.0,2016-03-01 06:00:00,2016-10-30 06:00:00,148 days,2016-07-27 06:00:00,2016,208.25,209,80.25,81,148.0,148
149,1,1,294.47037,0.0,0.0,0.0,1.0981059e-07,0.0,1217.2125,0.0,161.87599,12873600.0,2016-03-01 06:00:00,2016-10-30 06:00:00,149 days,2016-07-28 06:00:00,2016,209.25,210,81.25,82,149.0,149
150,1,1,290.36166,0.0,0.0,0.0,1.0227185e-07,0.0,1209.8767,0.0,176.97205,12960000.0,2016-03-01 06:00:00,2016-10-30 06:00:00,150 days,2016-07-29 06:00:00,2016,210.25,211,82.25,83,150.0,150
151,1,1,290.47284,0.0,0.0,0.0,9.809122e-08,0.0003469,1211.9158,0.0,166.09668,13046400.0,2016-03-01 06:00:00,2016-10-30 06:00:00,151 days,2016-07-30 06:00:00,2016,211.25,212,83.25,84,151.0,151
152,1,1,292.61478,0.0,0.0,0.0,1.023921e-07,0.0,1225.3628,0.0,167.19844,13132800.0,2016-03-01 06:00:00,2016-10-30 06:00:00,152 days,2016-07-31 06:00:00,2016,212.25,213,84.25,85,152.0,152
153,1,1,292.7814,0.0,0.0,0.0,1.0552443e-07,0.0,1218.2053,0.0,175.53203,13219200.0,2016-03-01 06:00:00,2016-10-30 06:00:00,153 days,2016-08-01 06:00:00,2016,213.25,214,85.25,86,153.0,153
154,1,1,293.0367,0.0,0.0,0.0,1.01584e-07,0.0,1211.6819,0.0,97.53589,13305600.0,2016-03-01 06:00:00,2016-10-30 06:00:00,154 days,2016-08-02 06:00:00,2016,214.25,215,86.25,87,154.0,154
155,1,1,291.7831,0.0,0.0,0.0,1.0504002e-07,0.0,1205.0687,0.0,184.00697,13392000.0,2016-03-01 06:00:00,2016-10-30 06:00:00,155 days,2016-08-03 06:00:00,2016,215.25,216,87.25,88,155.0,155
156,1,1,291.60858,0.0,0.0,0.0,1.0240834e-07,0.00035866245,1211.4032,0.0,180.848,13478400.0,2016-03-01 06:00:00,2016-10-30 06:00:00,156 days,2016-08-04 06:00:00,2016,216.25,217,88.25,89,156.0,156
157,1,1,293.16083,0.0,0.0,0.0,1.0681145e-07,0.0,1221.3483,0.0,178.0613,13564800.0,2016-03-01 06:00:00,2016-10-30 06:00:00,157 days,2016-08-05 06:00:00,2016,217.25,218,89.25,90,157.0,157
158,1,1,294.93686,0.0,0.0,0.0,1.1374277e-07,0.0,1214.0962,0.0,188.21391,13651200.0,2016-03-01 06:00:00,2016-10-30 06:00:00,158 days,2016-08-06 06:00:00,2016,218.25,219,90.25,91,158.0,158
159,1,1,296.02994,0.0,0.0,0.0,1.1691964e-07,0.0,1206.1222,0.0,212.08221,13737600.0,2016-03-01 06:00:00,2016-10-30 06:00:00,159 days,2016-08-07 06:00:00,2016,219.25,220,91.25,92,159.0,159
160,1,1,296.08307,0.0,0.0,0.0,1.1430466e-07,0.00038511874,1206.902,0.0,198.71039,13824000.0,2016-03-01 06:00:00,2016-10-30 06:00:00,160 days,2016-08-08 06:00:00,2016,220.25,221,92.25,93,160.0,160
161,1,1,293.3473,0.0,0.0,0.0,1.06756914e-07,0.00075264374,1238.0135,0.0,164.75362,13910400.0,2016-03-01 06:00:00,2016-10-30 06:00:00,161 days,2016-08-09 06:00:00,2016,221.25,222,93.25,94,161.0,161
162,1,1,292.27307,0.0,0.0,0.0,1.11494536e-07,0.0,1240.698,0.0,148.43697,13996800.0,2016-03-01 06:00:00,2016-10-30 06:00:00,162 days,2016-08-10 06:00:00,2016,222.25,223,94.25,95,162.0,162
163,1,1,289.49545,0.0,0.0,0.0,1.0652187e-07,0.0,1232.534,0.0,161.28738,14083200.0,2016-03-01 06:00:00,2016-10-30 06:00:00,163 days,2016-08-11 06:00:00,2016,223.25,224,95.25,96,163.0,163
164,1,1,287.22922,0.0,0.0,0.0,9.1791264e-08,0.000352775,1226.4556,0.0,217.7548,14169600.0,2016-03-01 06:00:00,2016-10-30 06:00:00,164 days,2016-08-12 06:00:00,2016,224.25,225,96.25,97,164.0,164
165,1,1,288.62106,0.0,0.0,0.0,8.662567e-08,4.7037498e-05,1245.4197,0.0,219.62758,14256000.0,2016-03-01 06:00:00,2016-10-30 06:00:00,165 days,2016-08-13 06:00:00,2016,225.25,226,97.25,98,165.0,165
166,1,1,290.64713,0.0,0.0,0.0,9.1167415e-08,0.0,1238.3849,0.0,226.96391,14342400.0,2016-03-01 06:00:00,2016-10-30 06:00:00,166 days,2016-08-14 06:00:00,2016,226.25,227,98.25,99,166.0,166
167,1,1,294.3278,0.0,0.0,0.0,9.761174e-08,0.0,1228.6741,0.0,220.47253,14428800.0,2016-03-01 06:00:00,2016-10-30 06:00:00,167 days,2016-08-15 06:00:00,2016,227.25,228,99.25,100,167.0,167
168,1,1,294.98355,0.0,0.0,0.0,1.0928067e-07,0.0,1219.3475,0.0,168.01262,14515200.0,2016-03-01 06:00:00,2016-10-30 06:00:00,168 days,2016-08-16 06:00:00,2016,228.25,229,100.25,101,168.0,168
169,1,1,293.734,0.0,0.0,0.0,1.0172306e-07,0.00036158995,1240.8269,0.0,66.628006,14601600.0,2016-03-01 06:00:00,2016-10-30 06:00:00,169 days,2016-08-17 06:00:00,2016,229.25,230,101.25,102,169.0,169
170,1,1,296.37033,0.0,0.0,0.0,1.13633256e-07,0.0,1233.7251,0.0,230.691,14688000.0,2016-03-01 06:00:00,2016-10-30 06:00:00,170 days,2016-08-18 06:00:00,2016,230.25,231,102.25,103,170.0,170
171,1,1,293.31992,0.0,0.0,0.0,1.2011463e-07,0.0,1224.495,0.0,178.3928,14774400.0,2016-03-01 06:00:00,2016-10-30 06:00:00,171 days,2016-08-19 06:00:00,2016,231.25,232,103.25,104,171.0,171
172,1,1,295.71335,0.0,0.0,0.0,1.2373413e-07,0.0,1215.6064,0.0,220.00026,14860800.0,2016-03-01 06:00:00,2016-10-30 06:00:00,172 days,2016-08-20 06:00:00,2016,232.25,233,104.25,105,172.0,172
173,1,1,296.86496,0.0,0.0,0.0,1.263265e-07,0.0003616,1209.9965,0.0,162.21484,14947200.0,2016-03-01 06:00:00,2016-10-30 06:00:00,173 days,2016-08-21 06:00:00,2016,233.25,234,105.25,106,173.0,173
174,1,1,289.06747,0.0,0.0,0.0,1.0974645e-07,0.0,1230.4193,0.0,42.502377,15033600.0,2016-03-01 06:00:00,2016-10-30 06:00:00,174 days,2016-08-22 06:00:00,2016,234.25,235,106.25,107,174.0,174
175,1,1,285.55795,0.0,0.0,0.0,8.905991e-08,0.0,1224.0631,0.0,180.78127,15120000.0,2016-03-01 06:00:00,2016-10-30 06:00:00,175 days,2016-08-23 06:00:00,2016,235.25,236,107.25,108,175.0,175
176,1,1,288.78226,0.0,0.0,0.0,9.3038466e-08,0.0,1216.5864,0.0,231.4035,15206400.0,2016-03-01 06:00:00,2016-10-30 06:00:00,176 days,2016-08-24 06:00:00,2016,236.25,237,108.25,109,176.0,176
177,1,1,291.50894,0.0,0.0,0.0,1.0247922e-07,0.0,1208.6885,0.0,235.6253,15292800.0,2016-03-01 06:00:00,2016-10-30 06:00:00,177 days,2016-08-25 06:00:00,2016,237.25,238,109.25,110,177.0,177
178,1,1,293.29263,0.0,0.0,0.0,1.0428329e-07,0.000729125,1218.6871,0.0,243.48878,15379200.0,2016-03-01 06:00:00,2016-10-30 06:00:00,178 days,2016-08-26 06:00:00,2016,238.25,239,110.25,111,178.0,178
179,1,1,293.2017,0.0,0.0,0.0,1.0215033e-07,0.00023813131,1232.205,0.0,249.03215,15465600.0,2016-03-01 06:00:00,2016-10-30 06:00:00,179 days,2016-08-27 06:00:00,2016,239.25,240,111.25,112,179.0,179
180,1,1,294.13647,0.0,0.0,0.0,9.749535e-08,0.000332195,1245.4532,0.0,252.25587,15552000.0,2016-03-01 06:00:00,2016-10-30 06:00:00,180 days,2016-08-28 06:00:00,2016,240.25,241,112.25,113,180.0,180
181,1,1,296.2957,0.0,0.0,0.0,1.04192765e-07,0.0,1250.5505,0.0,251.79399,15638400.0,2016-03-01 06:00:00,2016-10-30 06:00:00,181 days,2016-08-29 06:00:00,2016,241.25,242,113.25,114,181.0,181
182,1,1,298.06998,0.0,0.0,0.0,1.1671751e-07,0.0,1239.0499,0.0,246.92133,15724800.0,2016-03-01 06:00:00,2016-10-30 06:00:00,182 days,2016-08-30 06:00:00,2016,242.25,243,114.25,115,182.0,182
183,1,1,295.11194,0.0,0.0,0.0,1.2655259e-07,0.0,1229.1288,0.0,140.9535,15811200.0,2016-03-01 06:00:00,2016-10-30 06:00:00,183 days,2016-08-31 06:00:00,2016,243.25,244,115.25,116,183.0,183
184,1,1,291.47665,0.0,0.0,0.0,1.15306854e-07,0.0,1221.4982,0.0,71.90287,15897600.0,2016-03-01 06:00:00,2016-10-30 06:00:00,184 days,2016-09-01 06:00:00,2016,244.25,245,116.25,117,184.0,184
185,1,1,292.8147,0.0,0.0,0.0,1.1167668e-07,0.0,1213.4474,0.0,233.4738,15984000.0,2016-03-01 06:00:00,2016-10-30 06:00:00,185 days,2016-09-02 06:00:00,2016,245.25,246,117.25,118,185.0,185
186,1,1,295.03775,0.0,0.0,0.0,1.2544909e-07,0.0,1205.7052,0.0,190.11028,16070400.0,2016-03-01 06:00:00,2016-10-30 06:00:00,186 days,2016-09-03 06:00:00,2016,246.25,247,118.25,119,186.0,186
187,1,1,294.3805,0.0,0.0,0.0,1.2769402e-07,0.0,1200.3607,0.0,116.30582,16156800.0,2016-03-01 06:00:00,2016-10-30 06:00:00,187 days,2016-09-04 06:00:00,2016,247.25,248,119.25,120,187.0,187
188,1,1,292.3638,0.0,0.0,0.0,1.2265242e-07,0.0,1196.5571,0.0,78.3815,16243200.0,2016-03-01 06:00:00,2016-10-30 06:00:00,188 days,2016-09-05 06:00:00,2016,248.25,249,120.25,121,188.0,188
189,1,1,294.9255,0.0,0.0,0.0,1.2660185e-07,0.0,1192.2843,0.0,174.23816,16329600.0,2016-03-01 06:00:00,2016-10-30 06:00:00,189 days,2016-09-06 06:00:00,2016,249.25,250,121.25,122,189.0,189
190,1,1,293.4488,0.0,0.0,0.0,1.2564703e-07,0.0,1188.7946,0.0,127.79125,16416000.0,2016-03-01 06:00:00,2016-10-30 06:00:00,190 days,2016-09-07 06:00:00,2016,250.25,251,122.25,123,190.0,190
191,1,1,290.5007,0.0,0.0,0.0,1.145469e-07,0.00036453747,1187.8684,0.0,200.06715,16502400.0,2016-03-01 06:00:00,2016-10-30 06:00:00,191 days,2016-09-08 06:00:00,2016,251.25,252,123.25,124,191.0,191
192,1,1,290.91385,0.0,0.0,0.0,9.7155635e-08,5.8749997e-06,1210.319,0.0,247.25484,16588800.0,2016-03-01 06:00:00,2016-10-30 06:00:00,192 days,2016-09-09 06:00:00,2016,252.25,253,124.25,125,192.0,192
193,1,1,292.1114,0.0,0.0,0.0,1.0572811e-07,0.0,1203.9799,0.0,241.15858,16675200.0,2016-03-01 06:00:00,2016-10-30 06:00:00,193 days,2016-09-10 06:00:00,2016,253.25,254,125.25,126,193.0,193
194,1,1,294.933,0.0,0.0,0.0,1.2080264e-07,0.0,1197.1957,0.0,226.5019,16761600.0,2016-03-01 06:00:00,2016-10-30 06:00:00,194 days,2016-09-11 06:00:00,2016,254.25,255,126.25,127,194.0,194
195,1,1,296.3679,0.0,0.0,0.0,1.2917566e-07,0.000282225,1196.7015,0.0,227.91069,16848000.0,2016-03-01 06:00:00,2016-10-30 06:00:00,195 days,2016-09-12 06:00:00,2016,255.25,256,127.25,128,195.0,195
196,1,1,298.10788,0.0,0.0,0.0,1.3099014e-07,0.0,1206.4152,0.0,229.82082,16934400.0,2016-03-01 06:00:00,2016-10-30 06:00:00,196 days,2016-09-13 06:00:00,2016,256.25,257,128.25,129,196.0,196
197,1,1,301.18207,0.0,0.0,0.0,1.4734772e-07,0.0,1198.1556,0.0,213.10661,17020800.0,2016-03-01 06:00:00,2016-10-30 06:00:00,197 days,2016-09-14 06:00:00,2016,257.25,258,129.25,130,197.0,197
198,1,1,297.6532,0.0,0.0,0.0,1.5311561e-07,0.0,1190.704,0.0,162.25313,17107200.0,2016-03-01 06:00:00,2016-10-30 06:00:00,198 days,2016-09-15 06:00:00,2016,258.25,259,130.25,131,198.0,198
199,1,1,293.75656,0.0,0.0,0.0,1.2158073e-07,0.000729125,1202.4506,0.0,265.14542,17193600.0,2016-03-01 06:00:00,2016-10-30 06:00:00,199 days,2016-09-16 06:00:00,2016,259.25,260,131.25,132,199.0,199
200,1,1,293.64554,0.0,0.0,0.0,1.2102237e-07,0.00014993125,1209.8811,0.0,211.22247,17280000.0,2016-03-01 06:00:00,2016-10-30 06:00:00,200 days,2016-09-17 06:00:00,2016,260.25,261,132.25,133,200.0,200
201,1,1,295.69614,0.0,0.0,0.0,1.2416083e-07,0.00013523125,1220.4227,0.0,222.46326,17366400.0,2016-03-01 06:00:00,2016-10-30 06:00:00,201 days,2016-09-18 06:00:00,2016,261.25,262,133.25,134,201.0,201
202,1,1,298.1379,0.0,0.0,0.0,1.2842771e-07,0.00032632498,1227.1163,0.0,231.52972,17452800.0,2016-03-01 06:00:00,2016-10-30 06:00:00,202 days,2016-09-19 06:00:00,2016,262.25,263,134.25,135,202.0,202
203,1,1,296.7535,0.0,0.0,0.0,1.3391343e-07,2.94e-05,1237.7119,0.0,215.89491,17539200.0,2016-03-01 06:00:00,2016-10-30 06:00:00,203 days,2016-09-20 06:00:00,2016,263.25,264,135.25,136,203.0,203
204,1,1,292.33926,0.0,0.0,0.0,1.2872349e-07,0.0,1229.4745,0.0,196.20612,17625600.0,2016-03-01 06:00:00,2016-10-30 06:00:00,204 days,2016-09-21 06:00:00,2016,264.25,265,136.25,137,204.0,204
205,1,1,290.79663,0.0,0.0,0.0,1.0645647e-07,0.000520875,1237.4435,0.0,255.14284,17712000.0,2016-03-01 06:00:00,2016-10-30 06:00:00,205 days,2016-09-22 06:00:00,2016,265.25,266,137.25,138,205.0,205
206,1,1,293.26166,0.0,0.0,0.0,1.1479577e-07,0.0,1239.7164,0.0,263.14426,17798400.0,2016-03-01 06:00:00,2016-10-30 06:00:00,206 days,2016-09-23 06:00:00,2016,266.25,267,138.25,139,206.0,206
207,1,1,295.7917,0.0,0.0,0.0,1.29252e-07,0.0,1229.0038,0.0,266.94937,17884800.0,2016-03-01 06:00:00,2016-10-30 06:00:00,207 days,2016-09-24 06:00:00,2016,267.25,268,139.25,140,207.0,207
208,1,1,294.48074,0.0,0.0,0.0,1.3229534e-07,0.0,1219.0284,0.0,243.60956,17971200.0,2016-03-01 06:00:00,2016-10-30 06:00:00,208 days,2016-09-25 06:00:00,2016,268.25,269,140.25,141,208.0,208
209,1,1,290.89435,0.0,0.0,0.0,1.2019557e-07,2.3513749e-05,1211.235,0.0,146.7072,18057600.0,2016-03-01 06:00:00,2016-10-30 06:00:00,209 days,2016-09-26 06:00:00,2016,269.25,270,141.25,142,209.0,209
210,1,1,292.0932,0.0,0.0,0.0,1.0901726e-07,0.0007350125,1222.147,0.0,269.46646,18144000.0,2016-03-01 06:00:00,2016-10-30 06:00:00,210 days,2016-09-27 06:00:00,2016,270.25,271,142.25,143,210.0,210
211,1,1,292.20312,0.0,0.0,0.0,1.13331225e-07,0.0,1225.8602,0.0,280.39844,18230400.0,2016-03-01 06:00:00,2016-10-30 06:00:00,211 days,2016-09-28 06:00:00,2016,271.25,272,143.25,144,211.0,211
212,1,1,294.9444,0.0,0.0,0.0,1.2208659e-07,0.00019108749,1219.6134,0.0,273.66586,18316800.0,2016-03-01 06:00:00,2016-10-30 06:00:00,212 days,2016-09-29 06:00:00,2016,272.25,273,144.25,145,212.0,212
213,1,1,294.66153,0.0,0.0,0.0,1.2451096e-07,0.0,1222.766,0.0,284.6946,18403200.0,2016-03-01 06:00:00,2016-10-30 06:00:00,213 days,2016-09-30 06:00:00,2016,273.25,274,145.25,146,213.0,213
214,1,1,292.41653,0.0,0.0,0.0,1.2163132e-07,0.0,1213.5856,0.0,265.44626,18489600.0,2016-03-01 06:00:00,2016-10-30 06:00:00,214 days,2016-10-01 06:00:00,2016,274.25,275,146.25,147,214.0,214
215,1,1,292.06827,0.0,0.0,0.0,1.1922127e-07,0.0,1205.297,0.0,244.5988,18576000.0,2016-03-01 06:00:00,2016-10-30 06:00:00,215 days,2016-10-02 06:00:00,2016,275.25,276,147.25,148,215.0,215
216,1,1,293.90164,0.0,0.0,0.0,1.2633909e-07,0.0,1197.5819,0.0,255.87254,18662400.0,2016-03-01 06:00:00,2016-10-30 06:00:00,216 days,2016-10-03 06:00:00,2016,276.25,277,148.25,149,216.0,216
217,1,1,290.6979,0.0,0.0,0.0,1.17780225e-07,0.0,1193.3287,0.0,123.59625,18748800.0,2016-03-01 06:00:00,2016-10-30 06:00:00,217 days,2016-10-04 06:00:00,2016,277.25,278,149.25,150,217.0,217
218,1,1,292.48914,0.0,0.0,0.0,1.212745e-07,0.0,1189.4929,0.0,198.38249,18835200.0,2016-03-01 06:00:00,2016-10-30 06:00:00,218 days,2016-10-05 06:00:00,2016,278.25,279,150.25,151,218.0,218
219,1,1,292.76987,0.0,0.0,0.0,1.235933e-07,0.0,1185.0713,0.0,259.44186,18921600.0,2016-03-01 06:00:00,2016-10-30 06:00:00,219 days,2016-10-06 06:00:00,2016,279.25,280,151.25,152,219.0,219
220,1,1,291.80722,0.0,0.0,0.0,1.1936837e-07,0.0,1181.7803,0.0,180.45467,19008000.0,2016-03-01 06:00:00,2016-10-30 06:00:00,220 days,2016-10-07 06:00:00,2016,280.25,281,152.25,153,220.0,220
221,1,1,291.2703,0.0,0.0,0.0,1.0704256e-07,0.00072874996,1196.1865,0.0,235.69856,19094400.0,2016-03-01 06:00:00,2016-10-30 06:00:00,221 days,2016-10-08 06:00:00,2016,281.25,282,153.25,154,221.0,221
222,1,1,293.80643,0.0,0.0,0.0,1.17507135e-07,0.0,1202.0142,0.0,298.30157,19180800.0,2016-03-01 06:00:00,2016-10-30 06:00:00,222 days,2016-10-09 06:00:00,2016,282.25,283,154.25,155,222.0,222
223,1,1,294.49423,0.0,0.0,0.0,1.2521217e-07,0.0,1194.3322,0.0,261.08212,19267200.0,2016-03-01 06:00:00,2016-10-30 06:00:00,223 days,2016-10-10 06:00:00,2016,283.25,284,155.25,156,223.0,223
224,1,1,293.69012,0.0,0.0,0.0,1.1939147e-07,0.000729125,1204.6562,0.0,287.51328,19353600.0,2016-03-01 06:00:00,2016-10-30 06:00:00,224 days,2016-10-11 06:00:00,2016,284.25,285,156.25,157,224.0,224
225,1,1,295.0217,0.0,0.0,0.0,1.3220277e-07,0.0,1209.9998,0.0,230.94301,19440000.0,2016-03-01 06:00:00,2016-10-30 06:00:00,225 days,2016-10-12 06:00:00,2016,285.25,286,157.25,158,225.0,225
226,1,1,297.55756,0.0,0.0,0.0,1.3853382e-07,0.0,1203.1692,0.0,181.35762,19526400.0,2016-03-01 06:00:00,2016-10-30 06:00:00,226 days,2016-10-13 06:00:00,2016,286.25,287,158.25,159,226.0,226
227,1,1,296.89212,0.0,0.0,0.0,1.4905564e-07,0.0,1195.6919,0.0,212.458,19612800.0,2016-03-01 06:00:00,2016-10-30 06:00:00,227 days,2016-10-14 06:00:00,2016,287.25,288,159.25,160,227.0,227
228,1,1,294.89526,0.0,0.0,0.0,1.430847e-07,0.0,1190.6615,0.0,173.46416,19699200.0,2016-03-01 06:00:00,2016-10-30 06:00:00,228 days,2016-10-15 06:00:00,2016,288.25,289,160.25,161,228.0,228
229,1,1,296.96432,0.0,0.0,0.0,1.5328446e-07,0.0,1186.0723,0.0,227.46059,19785600.0,2016-03-01 06:00:00,2016-10-30 06:00:00,229 days,2016-10-16 06:00:00,2016,289.25,290,161.25,162,229.0,229
230,1,1,300.43286,0.0,0.0,0.0,1.6918004e-07,0.0,1180.7378,0.0,297.88858,19872000.0,2016-03-01 06:00:00,2016-10-30 06:00:00,230 days,2016-10-17 06:00:00,2016,290.25,291,162.25,163,230.0,230
231,1,1,301.96152,0.0,0.0,0.0,1.8738744e-07,0.0,1175.9435,0.0,285.50888,19958400.0,2016-03-01 06:00:00,2016-10-30 06:00:00,231 days,2016-10-18 06:00:00,2016,291.25,292,163.25,164,231.0,231
232,1,1,300.8589,0.0,0.0,0.0,2.3544465e-07,0.0001322875,1173.2264,0.0,280.4903,20044800.0,2016-03-01 06:00:00,2016-10-30 06:00:00,232 days,2016-10-19 06:00:00,2016,292.25,293,164.25,165,232.0,232
233,1,1,301.49362,0.0,0.0,0.0,2.3089284e-07,2.9374999e-06,1176.8446,0.0,269.3143,20131200.0,2016-03-01 06:00:00,2016-10-30 06:00:00,233 days,2016-10-20 06:00:00,2016,293.25,294,165.25,166,233.0,233
234,1,1,300.8945,0.0,0.0,0.0,2.411783e-07,0.0,1172.9639,0.0,244.24489,20217600.0,2016-03-01 06:00:00,2016-10-30 06:00:00,234 days,2016-10-21 06:00:00,2016,294.25,295,166.25,167,234.0,234
235,1,1,296.7059,0.0,0.0,0.0,1.8199312e-07,0.00026462,1186.422,0.0,188.88292,20304000.0,2016-03-01 06:00:00,2016-10-30 06:00:00,235 days,2016-10-22 06:00:00,2016,295.25,296,167.25,168,235.0,235
236,1,1,294.11197,0.0,0.0,0.0,1.6637263e-07,0.0,1187.019,0.0,197.1985,20390400.0,2016-03-01 06:00:00,2016-10-30 06:00:00,236 days,2016-10-23 06:00:00,2016,296.25,297,168.25,169,236.0,236
237,1,1,295.36636,0.0,0.0,0.0,1.7780303e-07,0.0,1181.653,0.0,175.14583,20476800.0,2016-03-01 06:00:00,2016-10-30 06:00:00,237 days,2016-10-24 06:00:00,2016,297.25,298,169.25,170,237.0,237
238,1,1,296.49667,0.0,0.0,0.0,2.0427433e-07,2.646e-05,1180.0428,0.0,229.5133,20563200.0,2016-03-01 06:00:00,2016-10-30 06:00:00,238 days,2016-10-25 06:00:00,2016,298.25,299,170.25,171,238.0,238
239,1,1,296.65726,0.0,0.0,0.0,1.9867076e-07,0.0,1177.0416,0.0,186.62538,20649600.0,2016-03-01 06:00:00,2016-10-30 06:00:00,239 days,2016-10-26 06:00:00,2016,299.25,300,171.25,172,239.0,239
240,1,1,297.36826,0.0,0.0,0.0,2.1094873e-07,0.0,1174.6268,0.0,225.48694,20736000.0,2016-03-01 06:00:00,2016-10-30 06:00:00,240 days,2016-10-27 06:00:00,2016,300.25,301,172.25,173,240.0,240
241,1,1,295.4334,0.0,0.0,0.0,1.7676206e-07,0.0,1172.8004,0.0,213.91713,20822400.0,2016-03-01 06:00:00,2016-10-30 06:00:00,241 days,2016-10-28 06:00:00,2016,301.25,302,173.25,174,241.0,241
242,1,1,292.16788,0.0,0.0,0.0,1.7165802e-07,0.0,1170.2921,0.0,349.59558,20908800.0,2016-03-01 06:00:00,2016-10-30 06:00:00,242 days,2016-10-29 06:00:00,2016,302.25,303,174.25,175,242.0,242
243,1,1,291.77145,0.0,0.0,0.0,1.5263039e-07,0.0,1168.4535,0.0,341.32608,20995200.0,2016-03-01 06:00:00,2016-10-30 06:00:00,243 days,2016-10-30 06:00:00,2016,303.25,304,175.25,176,243.0,243
