time,nt,time_bounds,time_value,run_ini,run_end,time_delta,date,year,doy_f,doy,dap_f,dap,das_f,das
1,1,0.0,86400.0,2016-03-01 06:00:00,2016-10-30 06:00:00,1 days,2016-03-02 06:00:00,2016,61.25,62,-99.75,-98,1.0,1
1,2,86400.0,86400.0,2016-03-01 06:00:00,2016-10-30 06:00:00,1 days,2016-03-02 06:00:00,2016,61.25,62,-99.75,-98,1.0,1
2,1,86400.0,172800.0,2016-03-01 06:00:00,2016-10-30 06:00:00,2 days,2016-03-03 06:00:00,2016,62.25,63,-98.75,-97,2.0,2
2,2,172800.0,172800.0,2016-03-01 06:00:00,2016-10-30 06:00:00,2 days,2016-03-03 06:00:00,2016,62.25,63,-98.75,-97,2.0,2
3,1,172800.0,259200.0,2016-03-01 06:00:00,2016-10-30 06:00:00,3 days,2016-03-04 06:00:00,2016,63.25,64,-97.75,-96,3.0,3
3,2,259200.0,259200.0,2016-03-01 06:00:00,2016-10-30 06:00:00,3 days,2016-03-04 06:00:00,2016,63.25,64,-97.75,-96,3.0,3
4,1,259200.0,345600.0,2016-03-01 06:00:00,2016-10-30 06:00:00,4 days,2016-03-05 06:00:00,2016,64.25,65,-96.75,-95,4.0,4
4,2,345600.0,345600.0,2016-03-01 06:00:00,2016-10-30 06:00:00,4 days,2016-03-05 06:00:00,2016,64.25,65,-96.75,-95,4.0,4
5,1,345600.0,432000.0,2016-03-01 06:00:00,2016-10-30 06:00:00,5 days,2016-03-06 06:00:00,2016,65.25,66,-95.75,-94,5.0,5
5,2,432000.0,432000.0,2016-03-01 06:00:00,2016-10-30 06:00:00,5 days,2016-03-06 06:00:00,2016,65.25,66,-95.75,-94,5.0,5
6,1,432000.0,518400.0,2016-03-01 06:00:00,2016-10-30 06:00:00,6 days,2016-03-07 06:00:00,2016,66.25,67,-94.75,-93,6.0,6
6,2,518400.0,518400.0,2016-03-01 06:00:00,2016-10-30 06:00:00,6 days,2016-03-07 06:00:00,2016,66.25,67,-94.75,-93,6.0,6
7,1,518400.0,604800.0,2016-03-01 06:00:00,2016-10-30 06:00:00,7 days,2016-03-08 06:00:00,2016,67.25,68,-93.75,-92,7.0,7
7,2,604800.0,604800.0,2016-03-01 06:00:00,2016-10-30 06:00:00,7 days,2016-03-08 06:00:00,2016,67.25,68,-93.75,-92,7.0,7
8,1,604800.0,691200.0,2016-03-01 06:00:00,2016-10-30 06:00:00,8 days,2016-03-09 06:00:00,2016,68.25,69,-92.75,-91,8.0,8
8,2,691200.0,691200.0,2016-03-01 06:00:00,2016-10-30 06:00:00,8 days,2016-03-09 06:00:00,2016,68.25,69,-92.75,-91,8.0,8
9,1,691200.0,777600.0,2016-03-01 06:00:00,2016-10-30 06:00:00,9 days,2016-03-10 06:00:00,2016,69.25,70,-91.75,-90,9.0,9
9,2,777600.0,777600.0,2016-03-01 06:00:00,2016-10-30 06:00:00,9 days,2016-03-10 06:00:00,2016,69.25,70,-91.75,-90,9.0,9
10,1,777600.0,864000.0,2016-03-01 06:00:00,2016-10-30 06:00:00,10 days,2016-03-11 06:00:00,2016,70.25,71,-90.75,-89,10.0,10
10,2,864000.0,864000.0,2016-03-01 06:00:00,2016-10-30 06:00:00,10 days,2016-03-11 06:00:00,2016,70.25,71,-90.75,-89,10.0,10
11,1,864000.0,950400.0,2016-03-01 06:00:00,2016-10-30 06:00:00,11 days,2016-03-12 06:00:00,2016,71.25,72,-89.75,-88,11.0,11
11,2,950400.0,950400.0,2016-03-01 06:00:00,2016-10-30 06:00:00,11 days,2016-03-12 06:00:00,2016,71.25,72,-89.75,-88,11.0,11
12,1,950400.0,1036800.0,2016-03-01 06:00:00,2016-10-30 06:00:00,12 days,2016-03-13 06:00:00,2016,72.25,73,-88.75,-87,12.0,12
12,2,1036800.0,1036800.0,2016-03-01 06:00:00,2016-10-30 06:00:00,12 days,2016-03-13 06:00:00,2016,72.25,73,-88.75,-87,12.0,12
13,1,1036800.0,1123200.0,2016-03-01 06:00:00,2016-10-30 06:00:00,13 days,2016-03-14 06:00:00,2016,73.25,74,-87.75,-86,13.0,13
13,2,1123200.0,1123200.0,2016-03-01 06:00:00,2016-10-30 06:00:00,13 days,2016-03-14 06:00:00,2016,73.25,74,-87.75,-86,13.0,13
14,1,1123200.0,1209600.0,2016-03-01 06:00:00,2016-10-30 06:00:00,14 days,2016-03-15 06:00:00,2016,74.25,75,-86.75,-85,14.0,14
14,2,1209600.0,1209600.0,2016-03-01 06:00:00,2016-10-30 06:00:00,14 days,2016-03-15 06:00:00,2016,74.25,75,-86.75,-85,14.0,14
15,1,1209600.0,1296000.0,2016-03-01 06:00:00,2016-10-30 06:00:00,15 days,2016-03-16 06:00:00,2016,75.25,76,-85.75,-84,15.0,15
15,2,1296000.0,1296000.0,2016-03-01 06:00:00,2016-10-30 06:00:00,15 days,2016-03-16 06:00:00,2016,75.25,76,-85.75,-84,15.0,15
16,1,1296000.0,1382400.0,2016-03-01 06:00:00,2016-10-30 06:00:00,16 days,2016-03-17 06:00:00,2016,76.25,77,-84.75,-83,16.0,16
16,2,1382400.0,1382400.0,2016-03-01 06:00:00,2016-10-30 06:00:00,16 days,2016-03-17 06:00:00,2016,76.25,77,-84.75,-83,16.0,16
17,1,1382400.0,1468800.0,2016-03-01 06:00:00,2016-10-30 06:00:00,17 days,2016-03-18 06:00:00,2016,77.25,78,-83.75,-82,17.0,17
17,2,1468800.0,1468800.0,2016-03-01 06:00:00,2016-10-30 06:00:00,17 days,2016-03-18 06:00:00,2016,77.25,78,-83.75,-82,17.0,17
18,1,1468800.0,1555200.0,2016-03-01 06:00:00,2016-10-30 06:00:00,18 days,2016-03-19 06:00:00,2016,78.25,79,-82.75,-81,18.0,18
18,2,1555200.0,1555200.0,2016-03-01 06:00:00,2016-10-30 06:00:00,18 days,2016-03-19 06:00:00,2016,78.25,79,-82.75,-81,18.0,18
19,1,1555200.0,1641600.0,2016-03-01 06:00:00,2016-10-30 06:00:00,19 days,2016-03-20 06:00:00,2016,79.25,80,-81.75,-80,19.0,19
19,2,1641600.0,1641600.0,2016-03-01 06:00:00,2016-10-30 06:00:00,19 days,2016-03-20 06:00:00,2016,79.25,80,-81.75,-80,19.0,19
20,1,1641600.0,1728000.0,2016-03-01 06:00:00,2016-10-30 06:00:00,20 days,2016-03-21 06:00:00,2016,80.25,81,-80.75,-79,20.0,20
20,2,1728000.0,1728000.0,2016-03-01 06:00:00,2016-10-30 06:00:00,20 days,2016-03-21 06:00:00,2016,80.25,81,-80.75,-79,20.0,20
21,1,1728000.0,1814400.0,2016-03-01 06:00:00,2016-10-30 06:00:00,21 days,2016-03-22 06:00:00,2016,81.25,82,-79.75,-78,21.0,21
21,2,1814400.0,1814400.0,2016-03-01 06:00:00,2016-10-30 06:00:00,21 days,2016-03-22 06:00:00,2016,81.25,82,-79.75,-78,21.0,21
22,1,1814400.0,1900800.0,2016-03-01 06:00:00,2016-10-30 06:00:00,22 days,2016-03-23 06:00:00,2016,82.25,83,-78.75,-77,22.0,22
22,2,1900800.0,1900800.0,2016-03-01 06:00:00,2016-10-30 06:00:00,22 days,2016-03-23 06:00:00,2016,82.25,83,-78.75,-77,22.0,22
23,1,1900800.0,1987200.0,2016-03-01 06:00:00,2016-10-30 06:00:00,23 days,2016-03-24 06:00:00,2016,83.25,84,-77.75,-76,23.0,23
23,2,1987200.0,1987200.0,2016-03-01 06:00:00,2016-10-30 06:00:00,23 days,2016-03-24 06:00:00,2016,83.25,84,-77.75,-76,23.0,23
24,1,1987200.0,2073600.0,2016-03-01 06:00:00,2016-10-30 06:00:00,24 days,2016-03-25 06:00:00,2016,84.25,85,-76.75,-75,24.0,24
24,2,2073600.0,2073600.0,2016-03-01 06:00:00,2016-10-30 06:00:00,24 days,2016-03-25 06:00:00,2016,84.25,85,-76.75,-75,24.0,24
25,1,2073600.0,2160000.0,2016-03-01 06:00:00,2016-10-30 06:00:00,25 days,2016-03-26 06:00:00,2016,85.25,86,-75.75,-74,25.0,25
25,2,2160000.0,2160000.0,2016-03-01 06:00:00,2016-10-30 06:00:00,25 days,2016-03-26 06:00:00,2016,85.25,86,-75.75,-74,25.0,25
26,1,2160000.0,2246400.0,2016-03-01 06:00:00,2016-10-30 06:00:00,26 days,2016-03-27 06:00:00,2016,86.25,87,-74.75,-73,26.0,26
26,2,2246400.0,2246400.0,2016-03-01 06:00:00,2016-10-30 06:00:00,26 days,2016-03-27 06:00:00,2016,86.25,87,-74.75,-73,26.0,26
27,1,2246400.0,2332800.0,2016-03-01 06:00:00,2016-10-30 06:00:00,27 days,2016-03-28 06:00:00,2016,87.25,88,-73.75,-72,27.0,27
27,2,2332800.0,2332800.0,2016-03-01 06:00:00,2016-10-30 06:00:00,27 days,2016-03-28 06:00:00,2016,87.25,88,-73.75,-72,27.0,27
28,1,2332800.0,2419200.0,2016-03-01 06:00:00,2016-10-30 06:00:00,28 days,2016-03-29 06:00:00,2016,88.25,89,-72.75,-71,28.0,28
28,2,2419200.0,2419200.0,2016-03-01 06:00:00,2016-10-30 06:00:00,28 days,2016-03-29 06:00:00,2016,88.25,89,-72.75,-71,28.0,28
29,1,2419200.0,2505600.0,2016-03-01 06:00:00,2016-10-30 06:00:00,29 days,2016-03-30 06:00:00,2016,89.25,90,-71.75,-70,29.0,29
29,2,2505600.0,2505600.0,2016-03-01 06:00:00,2016-10-30 06:00:00,29 days,2016-03-30 06:00:00,2016,89.25,90,-71.75,-70,29.0,29
30,1,2505600.0,2592000.0,2016-03-01 06:00:00,2016-10-30 06:00:00,30 days,2016-03-31 06:00:00,2016,90.25,91,-70.75,-69,30.0,30
30,2,2592000.0,2592000.0,2016-03-01 06:00:00,2016-10-30 06:00:00,30 days,2016-03-31 06:00:00,2016,90.25,91,-70.75,-69,30.0,30
31,1,2592000.0,2678400.0,2016-03-01 06:00:00,2016-10-30 06:00:00,31 days,2016-04-01 06:00:00,2016,91.25,92,-69.75,-68,31.0,31
31,2,2678400.0,2678400.0,2016-03-01 06:00:00,2016-10-30 06:00:00,31 days,2016-04-01 06:00:00,2016,91.25,92,-69.75,-68,31.0,31
32,1,2678400.0,2764800.0,2016-03-01 06:00:00,2016-10-30 06:00:00,32 days,2016-04-02 06:00:00,2016,92.25,93,-68.75,-67,32.0,32
32,2,2764800.0,2764800.0,2016-03-01 06:00:00,2016-10-30 06:00:00,32 days,2016-04-02 06:00:00,2016,92.25,93,-68.75,-67,32.0,32
33,1,2764800.0,2851200.0,2016-03-01 06:00:00,2016-10-30 06:00:00,33 days,2016-04-03 06:00:00,2016,93.25,94,-67.75,-66,33.0,33
33,2,2851200.0,2851200.0,2016-03-01 06:00:00,2016-10-30 06:00:00,33 days,2016-04-03 06:00:00,2016,93.25,94,-67.75,-66,33.0,33
34,1,2851200.0,2937600.0,2016-03-01 06:00:00,2016-10-30 06:00:00,34 days,2016-04-04 06:00:00,2016,94.25,95,-66.75,-65,34.0,34
34,2,2937600.0,2937600.0,2016-03-01 06:00:00,2016-10-30 06:00:00,34 days,2016-04-04 06:00:00,2016,94.25,95,-66.75,-65,34.0,34
35,1,2937600.0,3024000.0,2016-03-01 06:00:00,2016-10-30 06:00:00,35 days,2016-04-05 06:00:00,2016,95.25,96,-65.75,-64,35.0,35
35,2,3024000.0,3024000.0,2016-03-01 06:00:00,2016-10-30 06:00:00,35 days,2016-04-05 06:00:00,2016,95.25,96,-65.75,-64,35.0,35
36,1,3024000.0,3110400.0,2016-03-01 06:00:00,2016-10-30 06:00:00,36 days,2016-04-06 06:00:00,2016,96.25,97,-64.75,-63,36.0,36
36,2,3110400.0,3110400.0,2016-03-01 06:00:00,2016-10-30 06:00:00,36 days,2016-04-06 06:00:00,2016,96.25,97,-64.75,-63,36.0,36
37,1,3110400.0,3196800.0,2016-03-01 06:00:00,2016-10-30 06:00:00,37 days,2016-04-07 06:00:00,2016,97.25,98,-63.75,-62,37.0,37
37,2,3196800.0,3196800.0,2016-03-01 06:00:00,2016-10-30 06:00:00,37 days,2016-04-07 06:00:00,2016,97.25,98,-63.75,-62,37.0,37
38,1,3196800.0,3283200.0,2016-03-01 06:00:00,2016-10-30 06:00:00,38 days,2016-04-08 06:00:00,2016,98.25,99,-62.75,-61,38.0,38
38,2,3283200.0,3283200.0,2016-03-01 06:00:00,2016-10-30 06:00:00,38 days,2016-04-08 06:00:00,2016,98.25,99,-62.75,-61,38.0,38
39,1,3283200.0,3369600.0,2016-03-01 06:00:00,2016-10-30 06:00:00,39 days,2016-04-09 06:00:00,2016,99.25,100,-61.75,-60,39.0,39
39,2,3369600.0,3369600.0,2016-03-01 06:00:00,2016-10-30 06:00:00,39 days,2016-04-09 06:00:00,2016,99.25,100,-61.75,-60,39.0,39
40,1,3369600.0,3456000.0,2016-03-01 06:00:00,2016-10-30 06:00:00,40 days,2016-04-10 06:00:00,2016,100.25,101,-60.75,-59,40.0,40
40,2,3456000.0,3456000.0,2016-03-01 06:00:00,2016-10-30 06:00:00,40 days,2016-04-10 06:00:00,2016,100.25,101,-60.75,-59,40.0,40
41,1,3456000.0,3542400.0,2016-03-01 06:00:00,2016-10-30 06:00:00,41 days,2016-04-11 06:00:00,2016,101.25,102,-59.75,-58,41.0,41
41,2,3542400.0,3542400.0,2016-03-01 06:00:00,2016-10-30 06:00:00,41 days,2016-04-11 06:00:00,2016,101.25,102,-59.75,-58,41.0,41
42,1,3542400.0,3628800.0,2016-03-01 06:00:00,2016-10-30 06:00:00,42 days,2016-04-12 06:00:00,2016,102.25,103,-58.75,-57,42.0,42
42,2,3628800.0,3628800.0,2016-03-01 06:00:00,2016-10-30 06:00:00,42 days,2016-04-12 06:00:00,2016,102.25,103,-58.75,-57,42.0,42
43,1,3628800.0,3715200.0,2016-03-01 06:00:00,2016-10-30 06:00:00,43 days,2016-04-13 06:00:00,2016,103.25,104,-57.75,-56,43.0,43
43,2,3715200.0,3715200.0,2016-03-01 06:00:00,2016-10-30 06:00:00,43 days,2016-04-13 06:00:00,2016,103.25,104,-57.75,-56,43.0,43
44,1,3715200.0,3801600.0,2016-03-01 06:00:00,2016-10-30 06:00:00,44 days,2016-04-14 06:00:00,2016,104.25,105,-56.75,-55,44.0,44
44,2,3801600.0,3801600.0,2016-03-01 06:00:00,2016-10-30 06:00:00,44 days,2016-04-14 06:00:00,2016,104.25,105,-56.75,-55,44.0,44
45,1,3801600.0,3888000.0,2016-03-01 06:00:00,2016-10-30 06:00:00,45 days,2016-04-15 06:00:00,2016,105.25,106,-55.75,-54,45.0,45
45,2,3888000.0,3888000.0,2016-03-01 06:00:00,2016-10-30 06:00:00,45 days,2016-04-15 06:00:00,2016,105.25,106,-55.75,-54,45.0,45
46,1,3888000.0,3974400.0,2016-03-01 06:00:00,2016-10-30 06:00:00,46 days,2016-04-16 06:00:00,2016,106.25,107,-54.75,-53,46.0,46
46,2,3974400.0,3974400.0,2016-03-01 06:00:00,2016-10-30 06:00:00,46 days,2016-04-16 06:00:00,2016,106.25,107,-54.75,-53,46.0,46
47,1,3974400.0,4060800.0,2016-03-01 06:00:00,2016-10-30 06:00:00,47 days,2016-04-17 06:00:00,2016,107.25,108,-53.75,-52,47.0,47
47,2,4060800.0,4060800.0,2016-03-01 06:00:00,2016-10-30 06:00:00,47 days,2016-04-17 06:00:00,2016,107.25,108,-53.75,-52,47.0,47
48,1,4060800.0,4147200.0,2016-03-01 06:00:00,2016-10-30 06:00:00,48 days,2016-04-18 06:00:00,2016,108.25,109,-52.75,-51,48.0,48
48,2,4147200.0,4147200.0,2016-03-01 06:00:00,2016-10-30 06:00:00,48 days,2016-04-18 06:00:00,2016,108.25,109,-52.75,-51,48.0,48
49,1,4147200.0,4233600.0,2016-03-01 06:00:00,2016-10-30 06:00:00,49 days,2016-04-19 06:00:00,2016,109.25,110,-51.75,-50,49.0,49
49,2,4233600.0,4233600.0,2016-03-01 06:00:00,2016-10-30 06:00:00,49 days,2016-04-19 06:00:00,2016,109.25,110,-51.75,-50,49.0,49
50,1,4233600.0,4320000.0,2016-03-01 06:00:00,2016-10-30 06:00:00,50 days,2016-04-20 06:00:00,2016,110.25,111,-50.75,-49,50.0,50
50,2,4320000.0,4320000.0,2016-03-01 06:00:00,2016-10-30 06:00:00,50 days,2016-04-20 06:00:00,2016,110.25,111,-50.75,-49,50.0,50
51,1,4320000.0,4406400.0,2016-03-01 06:00:00,2016-10-30 06:00:00,51 days,2016-04-21 06:00:00,2016,111.25,112,-49.75,-48,51.0,51
51,2,4406400.0,4406400.0,2016-03-01 06:00:00,2016-10-30 06:00:00,51 days,2016-04-21 06:00:00,2016,111.25,112,-49.75,-48,51.0,51
52,1,4406400.0,4492800.0,2016-03-01 06:00:00,2016-10-30 06:00:00,52 days,2016-04-22 06:00:00,2016,112.25,113,-48.75,-47,52.0,52
52,2,4492800.0,4492800.0,2016-03-01 06:00:00,2016-10-30 06:00:00,52 days,2016-04-22 06:00:00,2016,112.25,113,-48.75,-47,52.0,52
53,1,4492800.0,4579200.0,2016-03-01 06:00:00,2016-10-30 06:00:00,53 days,2016-04-23 06:00:00,2016,113.25,114,-47.75,-46,53.0,53
53,2,4579200.0,4579200.0,2016-03-01 06:00:00,2016-10-30 06:00:00,53 days,2016-04-23 06:00:00,2016,113.25,114,-47.75,-46,53.0,53
54,1,4579200.0,4665600.0,2016-03-01 06:00:00,2016-10-30 06:00:00,54 days,2016-04-24 06:00:00,2016,114.25,115,-46.75,-45,54.0,54
54,2,4665600.0,4665600.0,2016-03-01 06:00:00,2016-10-30 06:00:00,54 days,2016-04-24 06:00:00,2016,114.25,115,-46.75,-45,54.0,54
55,1,4665600.0,4752000.0,2016-03-01 06:00:00,2016-10-30 06:00:00,55 days,2016-04-25 06:00:00,2016,115.25,116,-45.75,-44,55.0,55
55,2,4752000.0,4752000.0,2016-03-01 06:00:00,2016-10-30 06:00:00,55 days,2016-04-25 06:00:00,2016,115.25,116,-45.75,-44,55.0,55
56,1,4752000.0,4838400.0,2016-03-01 06:00:00,2016-10-30 06:00:00,56 days,2016-04-26 06:00:00,2016,116.25,117,-44.75,-43,56.0,56
56,2,4838400.0,4838400.0,2016-03-01 06:00:00,2016-10-30 06:00:00,56 days,2016-04-26 06:00:00,2016,116.25,117,-44.75,-43,56.0,56
57,1,4838400.0,4924800.0,2016-03-01 06:00:00,2016-10-30 06:00:00,57 days,2016-04-27 06:00:00,2016,117.25,118,-43.75,-42,57.0,57
57,2,4924800.0,4924800.0,2016-03-01 06:00:00,2016-10-30 06:00:00,57 days,2016-04-27 06:00:00,2016,117.25,118,-43.75,-42,57.0,57
58,1,4924800.0,5011200.0,2016-03-01 06:00:00,2016-10-30 06:00:00,58 days,2016-04-28 06:00:00,2016,118.25,119,-42.75,-41,58.0,58
58,2,5011200.0,5011200.0,2016-03-01 06:00:00,2016-10-30 06:00:00,58 days,2016-04-28 06:00:00,2016,118.25,119,-42.75,-41,58.0,58
59,1,5011200.0,5097600.0,2016-03-01 06:00:00,2016-10-30 06:00:00,59 days,2016-04-29 06:00:00,2016,119.25,120,-41.75,-40,59.0,59
59,2,5097600.0,5097600.0,2016-03-01 06:00:00,2016-10-30 06:00:00,59 days,2016-04-29 06:00:00,2016,119.25,120,-41.75,-40,59.0,59
60,1,5097600.0,5184000.0,2016-03-01 06:00:00,2016-10-30 06:00:00,60 days,2016-04-30 06:00:00,2016,120.25,121,-40.75,-39,60.0,60
60,2,5184000.0,5184000.0,2016-03-01 06:00:00,2016-10-30 06:00:00,60 days,2016-04-30 06:00:00,2016,120.25,121,-40.75,-39,60.0,60
61,1,5184000.0,5270400.0,2016-03-01 06:00:00,2016-10-30 06:00:00,61 days,2016-05-01 06:00:00,2016,121.25,122,-39.75,-38,61.0,61
61,2,5270400.0,5270400.0,2016-03-01 06:00:00,2016-10-30 06:00:00,61 days,2016-05-01 06:00:00,2016,121.25,122,-39.75,-38,61.0,61
62,1,5270400.0,5356800.0,2016-03-01 06:00:00,2016-10-30 06:00:00,62 days,2016-05-02 06:00:00,2016,122.25,123,-38.75,-37,62.0,62
62,2,5356800.0,5356800.0,2016-03-01 06:00:00,2016-10-30 06:00:00,62 days,2016-05-02 06:00:00,2016,122.25,123,-38.75,-37,62.0,62
63,1,5356800.0,5443200.0,2016-03-01 06:00:00,2016-10-30 06:00:00,63 days,2016-05-03 06:00:00,2016,123.25,124,-37.75,-36,63.0,63
63,2,5443200.0,5443200.0,2016-03-01 06:00:00,2016-10-30 06:00:00,63 days,2016-05-03 06:00:00,2016,123.25,124,-37.75,-36,63.0,63
64,1,5443200.0,5529600.0,2016-03-01 06:00:00,2016-10-30 06:00:00,64 days,2016-05-04 06:00:00,2016,124.25,125,-36.75,-35,64.0,64
64,2,5529600.0,5529600.0,2016-03-01 06:00:00,2016-10-30 06:00:00,64 days,2016-05-04 06:00:00,2016,124.25,125,-36.75,-35,64.0,64
65,1,5529600.0,5616000.0,2016-03-01 06:00:00,2016-10-30 06:00:00,65 days,2016-05-05 06:00:00,2016,125.25,126,-35.75,-34,65.0,65
65,2,5616000.0,5616000.0,2016-03-01 06:00:00,2016-10-30 06:00:00,65 days,2016-05-05 06:00:00,2016,125.25,126,-35.75,-34,65.0,65
66,1,5616000.0,5702400.0,2016-03-01 06:00:00,2016-10-30 06:00:00,66 days,2016-05-06 06:00:00,2016,126.25,127,-34.75,-33,66.0,66
66,2,5702400.0,5702400.0,2016-03-01 06:00:00,2016-10-30 06:00:00,66 days,2016-05-06 06:00:00,2016,126.25,127,-34.75,-33,66.0,66
67,1,5702400.0,5788800.0,2016-03-01 06:00:00,2016-10-30 06:00:00,67 days,2016-05-07 06:00:00,2016,127.25,128,-33.75,-32,67.0,67
67,2,5788800.0,5788800.0,2016-03-01 06:00:00,2016-10-30 06:00:00,67 days,2016-05-07 06:00:00,2016,127.25,128,-33.75,-32,67.0,67
68,1,5788800.0,5875200.0,2016-03-01 06:00:00,2016-10-30 06:00:00,68 days,2016-05-08 06:00:00,2016,128.25,129,-32.75,-31,68.0,68
68,2,5875200.0,5875200.0,2016-03-01 06:00:00,2016-10-30 06:00:00,68 days,2016-05-08 06:00:00,2016,128.25,129,-32.75,-31,68.0,68
69,1,5875200.0,5961600.0,2016-03-01 06:00:00,2016-10-30 06:00:00,69 days,2016-05-09 06:00:00,2016,129.25,130,-31.75,-30,69.0,69
69,2,5961600.0,5961600.0,2016-03-01 06:00:00,2016-10-30 06:00:00,69 days,2016-05-09 06:00:00,2016,129.25,130,-31.75,-30,69.0,69
70,1,5961600.0,6048000.0,2016-03-01 06:00:00,2016-10-30 06:00:00,70 days,2016-05-10 06:00:00,2016,130.25,131,-30.75,-29,70.0,70
70,2,6048000.0,6048000.0,2016-03-01 06:00:00,2016-10-30 06:00:00,70 days,2016-05-10 06:00:00,2016,130.25,131,-30.75,-29,70.0,70
71,1,6048000.0,6134400.0,2016-03-01 06:00:00,2016-10-30 06:00:00,71 days,2016-05-11 06:00:00,2016,131.25,132,-29.75,-28,71.0,71
71,2,6134400.0,6134400.0,2016-03-01 06:00:00,2016-10-30 06:00:00,71 days,2016-05-11 06:00:00,2016,131.25,132,-29.75,-28,71.0,71
72,1,6134400.0,6220800.0,2016-03-01 06:00:00,2016-10-30 06:00:00,72 days,2016-05-12 06:00:00,2016,132.25,133,-28.75,-27,72.0,72
72,2,6220800.0,6220800.0,2016-03-01 06:00:00,2016-10-30 06:00:00,72 days,2016-05-12 06:00:00,2016,132.25,133,-28.75,-27,72.0,72
73,1,6220800.0,6307200.0,2016-03-01 06:00:00,2016-10-30 06:00:00,73 days,2016-05-13 06:00:00,2016,133.25,134,-27.75,-26,73.0,73
73,2,6307200.0,6307200.0,2016-03-01 06:00:00,2016-10-30 06:00:00,73 days,2016-05-13 06:00:00,2016,133.25,134,-27.75,-26,73.0,73
74,1,6307200.0,6393600.0,2016-03-01 06:00:00,2016-10-30 06:00:00,74 days,2016-05-14 06:00:00,2016,134.25,135,-26.75,-25,74.0,74
74,2,6393600.0,6393600.0,2016-03-01 06:00:00,2016-10-30 06:00:00,74 days,2016-05-14 06:00:00,2016,134.25,135,-26.75,-25,74.0,74
75,1,6393600.0,6480000.0,2016-03-01 06:00:00,2016-10-30 06:00:00,75 days,2016-05-15 06:00:00,2016,135.25,136,-25.75,-24,75.0,75
75,2,6480000.0,6480000.0,2016-03-01 06:00:00,2016-10-30 06:00:00,75 days,2016-05-15 06:00:00,2016,135.25,136,-25.75,-24,75.0,75
76,1,6480000.0,6566400.0,2016-03-01 06:00:00,2016-10-30 06:00:00,76 days,2016-05-16 06:00:00,2016,136.25,137,-24.75,-23,76.0,76
76,2,6566400.0,6566400.0,2016-03-01 06:00:00,2016-10-30 06:00:00,76 days,2016-05-16 06:00:00,2016,136.25,137,-24.75,-23,76.0,76
77,1,6566400.0,6652800.0,2016-03-01 06:00:00,2016-10-30 06:00:00,77 days,2016-05-17 06:00:00,2016,137.25,138,-23.75,-22,77.0,77
77,2,6652800.0,6652800.0,2016-03-01 06:00:00,2016-10-30 06:00:00,77 days,2016-05-17 06:00:00,2016,137.25,138,-23.75,-22,77.0,77
78,1,6652800.0,6739200.0,2016-03-01 06:00:00,2016-10-30 06:00:00,78 days,2016-05-18 06:00:00,2016,138.25,139,-22.75,-21,78.0,78
78,2,6739200.0,6739200.0,2016-03-01 06:00:00,2016-10-30 06:00:00,78 days,2016-05-18 06:00:00,2016,138.25,139,-22.75,-21,78.0,78
79,1,6739200.0,6825600.0,2016-03-01 06:00:00,2016-10-30 06:00:00,79 days,2016-05-19 06:00:00,2016,139.25,140,-21.75,-20,79.0,79
79,2,6825600.0,6825600.0,2016-03-01 06:00:00,2016-10-30 06:00:00,79 days,2016-05-19 06:00:00,2016,139.25,140,-21.75,-20,79.0,79
80,1,6825600.0,6912000.0,2016-03-01 06:00:00,2016-10-30 06:00:00,80 days,2016-05-20 06:00:00,2016,140.25,141,-20.75,-19,80.0,80
80,2,6912000.0,6912000.0,2016-03-01 06:00:00,2016-10-30 06:00:00,80 days,2016-05-20 06:00:00,2016,140.25,141,-20.75,-19,80.0,80
81,1,6912000.0,6998400.0,2016-03-01 06:00:00,2016-10-30 06:00:00,81 days,2016-05-21 06:00:00,2016,141.25,142,-19.75,-18,81.0,81
81,2,6998400.0,6998400.0,2016-03-01 06:00:00,2016-10-30 06:00:00,81 days,2016-05-21 06:00:00,2016,141.25,142,-19.75,-18,81.0,81
82,1,6998400.0,7084800.0,2016-03-01 06:00:00,2016-10-30 06:00:00,82 days,2016-05-22 06:00:00,2016,142.25,143,-18.75,-17,82.0,82
82,2,7084800.0,7084800.0,2016-03-01 06:00:00,2016-10-30 06:00:00,82 days,2016-05-22 06:00:00,2016,142.25,143,-18.75,-17,82.0,82
83,1,7084800.0,7171200.0,2016-03-01 06:00:00,2016-10-30 06:00:00,83 days,2016-05-23 06:00:00,2016,143.25,144,-17.75,-16,83.0,83
83,2,7171200.0,7171200.0,2016-03-01 06:00:00,2016-10-30 06:00:00,83 days,2016-05-23 06:00:00,2016,143.25,144,-17.75,-16,83.0,83
84,1,7171200.0,7257600.0,2016-03-01 06:00:00,2016-10-30 06:00:00,84 days,2016-05-24 06:00:00,2016,144.25,145,-16.75,-15,84.0,84
84,2,7257600.0,7257600.0,2016-03-01 06:00:00,2016-10-30 06:00:00,84 days,2016-05-24 06:00:00,2016,144.25,145,-16.75,-15,84.0,84
85,1,7257600.0,7344000.0,2016-03-01 06:00:00,2016-10-30 06:00:00,85 days,2016-05-25 06:00:00,2016,145.25,146,-15.75,-14,85.0,85
85,2,7344000.0,7344000.0,2016-03-01 06:00:00,2016-10-30 06:00:00,85 days,2016-05-25 06:00:00,2016,145.25,146,-15.75,-14,85.0,85
86,1,7344000.0,7430400.0,2016-03-01 06:00:00,2016-10-30 06:00:00,86 days,2016-05-26 06:00:00,2016,146.25,147,-14.75,-13,86.0,86
86,2,7430400.0,7430400.0,2016-03-01 06:00:00,2016-10-30 06:00:00,86 days,2016-05-26 06:00:00,2016,146.25,147,-14.75,-13,86.0,86
87,1,7430400.0,7516800.0,2016-03-01 06:00:00,2016-10-30 06:00:00,87 days,2016-05-27 06:00:00,2016,147.25,148,-13.75,-12,87.0,87
87,2,7516800.0,7516800.0,2016-03-01 06:00:00,2016-10-30 06:00:00,87 days,2016-05-27 06:00:00,2016,147.25,148,-13.75,-12,87.0,87
88,1,7516800.0,7603200.0,2016-03-01 06:00:00,2016-10-30 06:00:00,88 days,2016-05-28 06:00:00,2016,148.25,149,-12.75,-11,88.0,88
88,2,7603200.0,7603200.0,2016-03-01 06:00:00,2016-10-30 06:00:00,88 days,2016-05-28 06:00:00,2016,148.25,149,-12.75,-11,88.0,88
89,1,7603200.0,7689600.0,2016-03-01 06:00:00,2016-10-30 06:00:00,89 days,2016-05-29 06:00:00,2016,149.25,150,-11.75,-10,89.0,89
89,2,7689600.0,7689600.0,2016-03-01 06:00:00,2016-10-30 06:00:00,89 days,2016-05-29 06:00:00,2016,149.25,150,-11.75,-10,89.0,89
90,1,7689600.0,7776000.0,2016-03-01 06:00:00,2016-10-30 06:00:00,90 days,2016-05-30 06:00:00,2016,150.25,151,-10.75,-9,90.0,90
90,2,7776000.0,7776000.0,2016-03-01 06:00:00,2016-10-30 06:00:00,90 days,2016-05-30 06:00:00,2016,150.25,151,-10.75,-9,90.0,90
91,1,7776000.0,7862400.0,2016-03-01 06:00:00,2016-10-30 06:00:00,91 days,2016-05-31 06:00:00,2016,151.25,152,-9.75,-8,91.0,91
91,2,7862400.0,7862400.0,2016-03-01 06:00:00,2016-10-30 06:00:00,91 days,2016-05-31 06:00:00,2016,151.25,152,-9.75,-8,91.0,91
92,1,7862400.0,7948800.0,2016-03-01 06:00:00,2016-10-30 06:00:00,92 days,2016-06-01 06:00:00,2016,152.25,153,-8.75,-7,92.0,92
92,2,7948800.0,7948800.0,2016-03-01 06:00:00,2016-10-30 06:00:00,92 days,2016-06-01 06:00:00,2016,152.25,153,-8.75,-7,92.0,92
93,1,7948800.0,8035200.0,2016-03-01 06:00:00,2016-10-30 06:00:00,93 days,2016-06-02 06:00:00,2016,153.25,154,-7.75,-6,93.0,93
93,2,8035200.0,8035200.0,2016-03-01 06:00:00,2016-10-30 06:00:00,93 days,2016-06-02 06:00:00,2016,153.25,154,-7.75,-6,93.0,93
94,1,8035200.0,8121600.0,2016-03-01 06:00:00,2016-10-30 06:00:00,94 days,2016-06-03 06:00:00,2016,154.25,155,-6.75,-5,94.0,94
94,2,8121600.0,8121600.0,2016-03-01 06:00:00,2016-10-30 06:00:00,94 days,2016-06-03 06:00:00,2016,154.25,155,-6.75,-5,94.0,94
95,1,8121600.0,8208000.0,2016-03-01 06:00:00,2016-10-30 06:00:00,95 days,2016-06-04 06:00:00,2016,155.25,156,-5.75,-4,95.0,95
95,2,8208000.0,8208000.0,2016-03-01 06:00:00,2016-10-30 06:00:00,95 days,2016-06-04 06:00:00,2016,155.25,156,-5.75,-4,95.0,95
96,1,8208000.0,8294400.0,2016-03-01 06:00:00,2016-10-30 06:00:00,96 days,2016-06-05 06:00:00,2016,156.25,157,-4.75,-3,96.0,96
96,2,8294400.0,8294400.0,2016-03-01 06:00:00,2016-10-30 06:00:00,96 days,2016-06-05 06:00:00,2016,156.25,157,-4.75,-3,96.0,96
97,1,8294400.0,8380800.0,2016-03-01 06:00:00,2016-10-30 06:00:00,97 days,2016-06-06 06:00:00,2016,157.25,158,-3.75,-2,97.0,97
97,2,8380800.0,8380800.0,2016-03-01 06:00:00,2016-10-30 06:00:00,97 days,2016-06-06 06:00:00,2016,157.25,158,-3.75,-2,97.0,97
98,1,8380800.0,8467200.0,2016-03-01 06:00:00,2016-10-30 06:00:00,98 days,2016-06-07 06:00:00,2016,158.25,159,-2.75,-1,98.0,98
98,2,8467200.0,8467200.0,2016-03-01 06:00:00,2016-10-30 06:00:00,98 days,2016-06-07 06:00:00,2016,158.25,159,-2.75,-1,98.0,98
99,1,8467200.0,8553600.0,2016-03-01 06:00:00,2016-10-30 06:00:00,99 days,2016-06-08 06:00:00,2016,159.25,160,-1.75,0,99.0,99
99,2,8553600.0,8553600.0,2016-03-01 06:00:00,2016-10-30 06:00:00,99 days,2016-06-08 06:00:00,2016,159.25,160,-1.75,0,99.0,99
100,1,8553600.0,8640000.0,2016-03-01 06:00:00,2016-10-30 06:00:00,100 days,2016-06-09 06:00:00,2016,160.25,161,-0.75,1,100.0,100
100,2,8640000.0,8640000.0,2016-03-01 06:00:00,2016-10-30 06:00:00,100 days,2016-06-09 06:00:00,2016,160.25,161,-0.75,1,100.0,100
101,1,8640000.0,8726400.0,2016-03-01 06:00:00,2016-10-30 06:00:00,101 days,2016-06-10 06:00:00,2016,161.25,162,0.25,1,101.0,101
101,2,8726400.0,8726400.0,2016-03-01 06:00:00,2016-10-30 06:00:00,101 days,2016-06-10 06:00:00,2016,161.25,162,0.25,1,101.0,101
102,1,8726400.0,8812800.0,2016-03-01 06:00:00,2016-10-30 06:00:00,102 days,2016-06-11 06:00:00,2016,162.25,163,1.25,2,102.0,102
102,2,8812800.0,8812800.0,2016-03-01 06:00:00,2016-10-30 06:00:00,102 days,2016-06-11 06:00:00,2016,162.25,163,1.25,2,102.0,102
103,1,8812800.0,8899200.0,2016-03-01 06:00:00,2016-10-30 06:00:00,103 days,2016-06-12 06:00:00,2016,163.25,164,2.25,3,103.0,103
103,2,8899200.0,8899200.0,2016-03-01 06:00:00,2016-10-30 06:00:00,103 days,2016-06-12 06:00:00,2016,163.25,164,2.25,3,103.0,103
104,1,8899200.0,8985600.0,2016-03-01 06:00:00,2016-10-30 06:00:00,104 days,2016-06-13 06:00:00,2016,164.25,165,3.25,4,104.0,104
104,2,8985600.0,8985600.0,2016-03-01 06:00:00,2016-10-30 06:00:00,104 days,2016-06-13 06:00:00,2016,164.25,165,3.25,4,104.0,104
105,1,8985600.0,9072000.0,2016-03-01 06:00:00,2016-10-30 06:00:00,105 days,2016-06-14 06:00:00,2016,165.25,166,4.25,5,105.0,105
105,2,9072000.0,9072000.0,2016-03-01 06:00:00,2016-10-30 06:00:00,105 days,2016-06-14 06:00:00,2016,165.25,166,4.25,5,105.0,105
106,1,9072000.0,9158400.0,2016-03-01 06:00:00,2016-10-30 06:00:00,106 days,2016-06-15 06:00:00,2016,166.25,167,5.25,6,106.0,106
106,2,9158400.0,9158400.0,2016-03-01 06:00:00,2016-10-30 06:00:00,106 days,2016-06-15 06:00:00,2016,166.25,167,5.25,6,106.0,106
107,1,9158400.0,9244800.0,2016-03-01 06:00:00,2016-10-30 06:00:00,107 days,2016-06-16 06:00:00,2016,167.25,168,6.25,7,107.0,107
107,2,9244800.0,9244800.0,2016-03-01 06:00:00,2016-10-30 06:00:00,107 days,2016-06-16 06:00:00,2016,167.25,168,6.25,7,107.0,107
108,1,9244800.0,9331200.0,2016-03-01 06:00:00,2016-10-30 06:00:00,108 days,2016-06-17 06:00:00,2016,168.25,169,7.25,8,108.0,108
108,2,9331200.0,9331200.0,2016-03-01 06:00:00,2016-10-30 06:00:00,108 days,2016-06-17 06:00:00,2016,168.25,169,7.25,8,108.0,108
109,1,9331200.0,9417600.0,2016-03-01 06:00:00,2016-10-30 06:00:00,109 days,2016-06-18 06:00:00,2016,169.25,170,8.25,9,109.0,109
109,2,9417600.0,9417600.0,2016-03-01 06:00:00,2016-10-30 06:00:00,109 days,2016-06-18 06:00:00,2016,169.25,170,8.25,9,109.0,109
110,1,9417600.0,9504000.0,2016-03-01 06:00:00,2016-10-30 06:00:00,110 days,2016-06-19 06:00:00,2016,170.25,171,9.25,10,110.0,110
110,2,9504000.0,9504000.0,2016-03-01 06:00:00,2016-10-30 06:00:00,110 days,2016-06-19 06:00:00,2016,170.25,171,9.25,10,110.0,110
111,1,9504000.0,9590400.0,2016-03-01 06:00:00,2016-10-30 06:00:00,111 days,2016-06-20 06:00:00,2016,171.25,172,10.25,11,111.0,111
111,2,9590400.0,9590400.0,2016-03-01 06:00:00,2016-10-30 06:00:00,111 days,2016-06-20 06:00:00,2016,171.25,172,10.25,11,111.0,111
112,1,9590400.0,9676800.0,2016-03-01 06:00:00,2016-10-30 06:00:00,112 days,2016-06-21 06:00:00,2016,172.25,173,11.25,12,112.0,112
112,2,9676800.0,9676800.0,2016-03-01 06:00:00,2016-10-30 06:00:00,112 days,2016-06-21 06:00:00,2016,172.25,173,11.25,12,112.0,112
113,1,9676800.0,9763200.0,2016-03-01 06:00:00,2016-10-30 06:00:00,113 days,2016-06-22 06:00:00,2016,173.25,174,12.25,13,113.0,113
113,2,9763200.0,9763200.0,2016-03-01 06:00:00,2016-10-30 06:00:00,113 days,2016-06-22 06:00:00,2016,173.25,174,12.25,13,113.0,113
114,1,9763200.0,9849600.0,2016-03-01 06:00:00,2016-10-30 06:00:00,114 days,2016-06-23 06:00:00,2016,174.25,175,13.25,14,114.0,114
114,2,9849600.0,9849600.0,2016-03-01 06:00:00,2016-10-30 06:00:00,114 days,2016-06-23 06:00:00,2016,174.25,175,13.25,14,114.0,114
115,1,9849600.0,9936000.0,2016-03-01 06:00:00,2016-10-30 06:00:00,115 days,2016-06-24 06:00:00,2016,175.25,176,14.25,15,115.0,115
115,2,9936000.0,9936000.0,2016-03-01 06:00:00,2016-10-30 06:00:00,115 days,2016-06-24 06:00:00,2016,175.25,176,14.25,15,115.0,115
116,1,9936000.0,10022400.0,2016-03-01 06:00:00,2016-10-30 06:00:00,116 days,2016-06-25 06:00:00,2016,176.25,177,15.25,16,116.0,116
116,2,10022400.0,10022400.0,2016-03-01 06:00:00,2016-10-30 06:00:00,116 days,2016-06-25 06:00:00,2016,176.25,177,15.25,16,116.0,116
117,1,10022400.0,10108800.0,2016-03-01 06:00:00,2016-10-30 06:00:00,117 days,2016-06-26 06:00:00,2016,177.25,178,16.25,17,117.0,117
117,2,10108800.0,10108800.0,2016-03-01 06:00:00,2016-10-30 06:00:00,117 days,2016-06-26 06:00:00,2016,177.25,178,16.25,17,117.0,117
118,1,10108800.0,10195200.0,2016-03-01 06:00:00,2016-10-30 06:00:00,118 days,2016-06-27 06:00:00,2016,178.25,179,17.25,18,118.0,118
118,2,10195200.0,10195200.0,2016-03-01 06:00:00,2016-10-30 06:00:00,118 days,2016-06-27 06:00:00,2016,178.25,179,17.25,18,118.0,118
119,1,10195200.0,10281600.0,2016-03-01 06:00:00,2016-10-30 06:00:00,119 days,2016-06-28 06:00:00,2016,179.25,180,18.25,19,119.0,119
119,2,10281600.0,10281600.0,2016-03-01 06:00:00,2016-10-30 06:00:00,119 days,2016-06-28 06:00:00,2016,179.25,180,18.25,19,119.0,119
120,1,10281600.0,10368000.0,2016-03-01 06:00:00,2016-10-30 06:00:00,120 days,2016-06-29 06:00:00,2016,180.25,181,19.25,20,120.0,120
120,2,10368000.0,10368000.0,2016-03-01 06:00:00,2016-10-30 06:00:00,120 days,2016-06-29 06:00:00,2016,180.25,181,19.25,20,120.0,120
121,1,10368000.0,10454400.0,2016-03-01 06:00:00,2016-10-30 06:00:00,121 days,2016-06-30 06:00:00,2016,181.25,182,20.25,21,121.0,121
121,2,10454400.0,10454400.0,2016-03-01 06:00:00,2016-10-30 06:00:00,121 days,2016-06-30 06:00:00,2016,181.25,182,20.25,21,121.0,121
122,1,10454400.0,10540800.0,2016-03-01 06:00:00,2016-10-30 06:00:00,122 days,2016-07-01 06:00:00,2016,182.25,183,21.25,22,122.0,122
122,2,10540800.0,10540800.0,2016-03-01 06:00:00,2016-10-30 06:00:00,122 days,2016-07-01 06:00:00,2016,182.25,183,21.25,22,122.0,122
123,1,10540800.0,10627200.0,2016-03-01 06:00:00,2016-10-30 06:00:00,123 days,2016-07-02 06:00:00,2016,183.25,184,22.25,23,123.0,123
123,2,10627200.0,10627200.0,2016-03-01 06:00:00,2016-10-30 06:00:00,123 days,2016-07-02 06:00:00,2016,183.25,184,22.25,23,123.0,123
124,1,10627200.0,10713600.0,2016-03-01 06:00:00,2016-10-30 06:00:00,124 days,2016-07-03 06:00:00,2016,184.25,185,23.25,24,124.0,124
124,2,10713600.0,10713600.0,2016-03-01 06:00:00,2016-10-30 06:00:00,124 days,2016-07-03 06:00:00,2016,184.25,185,23.25,24,124.0,124
125,1,10713600.0,10800000.0,2016-03-01 06:00:00,2016-10-30 06:00:00,125 days,2016-07-04 06:00:00,2016,185.25,186,24.25,25,125.0,125
125,2,10800000.0,10800000.0,2016-03-01 06:00:00,2016-10-30 06:00:00,125 days,2016-07-04 06:00:00,2016,185.25,186,24.25,25,125.0,125
126,1,10800000.0,10886400.0,2016-03-01 06:00:00,2016-10-30 06:00:00,126 days,2016-07-05 06:00:00,2016,186.25,187,25.25,26,126.0,126
126,2,10886400.0,10886400.0,2016-03-01 06:00:00,2016-10-30 06:00:00,126 days,2016-07-05 06:00:00,2016,186.25,187,25.25,26,126.0,126
127,1,10886400.0,10972800.0,2016-03-01 06:00:00,2016-10-30 06:00:00,127 days,2016-07-06 06:00:00,2016,187.25,188,26.25,27,127.0,127
127,2,10972800.0,10972800.0,2016-03-01 06:00:00,2016-10-30 06:00:00,127 days,2016-07-06 06:00:00,2016,187.25,188,26.25,27,127.0,127
128,1,10972800.0,11059200.0,2016-03-01 06:00:00,2016-10-30 06:00:00,128 days,2016-07-07 06:00:00,2016,188.25,189,27.25,28,128.0,128
128,2,11059200.0,11059200.0,2016-03-01 06:00:00,2016-10-30 06:00:00,128 days,2016-07-07 06:00:00,2016,188.25,189,27.25,28,128.0,128
129,1,11059200.0,11145600.0,2016-03-01 06:00:00,2016-10-30 06:00:00,129 days,2016-07-08 06:00:00,2016,189.25,190,28.25,29,129.0,129
129,2,11145600.0,11145600.0,2016-03-01 06:00:00,2016-10-30 06:00:00,129 days,2016-07-08 06:00:00,2016,189.25,190,28.25,29,129.0,129
130,1,11145600.0,11232000.0,2016-03-01 06:00:00,2016-10-30 06:00:00,130 days,2016-07-09 06:00:00,2016,190.25,191,29.25,30,130.0,130
130,2,11232000.0,11232000.0,2016-03-01 06:00:00,2016-10-30 06:00:00,130 days,2016-07-09 06:00:00,2016,190.25,191,29.25,30,130.0,130
131,1,11232000.0,11318400.0,2016-03-01 06:00:00,2016-10-30 06:00:00,131 days,2016-07-10 06:00:00,2016,191.25,192,30.25,31,131.0,131
131,2,11318400.0,11318400.0,2016-03-01 06:00:00,2016-10-30 06:00:00,131 days,2016-07-10 06:00:00,2016,191.25,192,30.25,31,131.0,131
132,1,11318400.0,11404800.0,2016-03-01 06:00:00,2016-10-30 06:00:00,132 days,2016-07-11 06:00:00,2016,192.25,193,31.25,32,132.0,132
132,2,11404800.0,11404800.0,2016-03-01 06:00:00,2016-10-30 06:00:00,132 days,2016-07-11 06:00:00,2016,192.25,193,31.25,32,132.0,132
133,1,11404800.0,11491200.0,2016-03-01 06:00:00,2016-10-30 06:00:00,133 days,2016-07-12 06:00:00,2016,193.25,194,32.25,33,133.0,133
133,2,11491200.0,11491200.0,2016-03-01 06:00:00,2016-10-30 06:00:00,133 days,2016-07-12 06:00:00,2016,193.25,194,32.25,33,133.0,133
134,1,11491200.0,11577600.0,2016-03-01 06:00:00,2016-10-30 06:00:00,134 days,2016-07-13 06:00:00,2016,194.25,195,33.25,34,134.0,134
134,2,11577600.0,11577600.0,2016-03-01 06:00:00,2016-10-30 06:00:00,134 days,2016-07-13 06:00:00,2016,194.25,195,33.25,34,134.0,134
135,1,11577600.0,11664000.0,2016-03-01 06:00:00,2016-10-30 06:00:00,135 days,2016-07-14 06:00:00,2016,195.25,196,34.25,35,135.0,135
135,2,11664000.0,11664000.0,2016-03-01 06:00:00,2016-10-30 06:00:00,135 days,2016-07-14 06:00:00,2016,195.25,196,34.25,35,135.0,135
136,1,11664000.0,11750400.0,2016-03-01 06:00:00,2016-10-30 06:00:00,136 days,2016-07-15 06:00:00,2016,196.25,197,35.25,36,136.0,136
136,2,11750400.0,11750400.0,2016-03-01 06:00:00,2016-10-30 06:00:00,136 days,2016-07-15 06:00:00,2016,196.25,197,35.25,36,136.0,136
137,1,11750400.0,11836800.0,2016-03-01 06:00:00,2016-10-30 06:00:00,137 days,2016-07-16 06:00:00,2016,197.25,198,36.25,37,137.0,137
137,2,11836800.0,11836800.0,2016-03-01 06:00:00,2016-10-30 06:00:00,137 days,2016-07-16 06:00:00,2016,197.25,198,36.25,37,137.0,137
138,1,11836800.0,11923200.0,2016-03-01 06:00:00,2016-10-30 06:00:00,138 days,2016-07-17 06:00:00,2016,198.25,199,37.25,38,138.0,138
138,2,11923200.0,11923200.0,2016-03-01 06:00:00,2016-10-30 06:00:00,138 days,2016-07-17 06:00:00,2016,198.25,199,37.25,38,138.0,138
139,1,11923200.0,12009600.0,2016-03-01 06:00:00,2016-10-30 06:00:00,139 days,2016-07-18 06:00:00,2016,199.25,200,38.25,39,139.0,139
139,2,12009600.0,12009600.0,2016-03-01 06:00:00,2016-10-30 06:00:00,139 days,2016-07-18 06:00:00,2016,199.25,200,38.25,39,139.0,139
140,1,12009600.0,12096000.0,2016-03-01 06:00:00,2016-10-30 06:00:00,140 days,2016-07-19 06:00:00,2016,200.25,201,39.25,40,140.0,140
140,2,12096000.0,12096000.0,2016-03-01 06:00:00,2016-10-30 06:00:00,140 days,2016-07-19 06:00:00,2016,200.25,201,39.25,40,140.0,140
141,1,12096000.0,12182400.0,2016-03-01 06:00:00,2016-10-30 06:00:00,141 days,2016-07-20 06:00:00,2016,201.25,202,40.25,41,141.0,141
141,2,12182400.0,12182400.0,2016-03-01 06:00:00,2016-10-30 06:00:00,141 days,2016-07-20 06:00:00,2016,201.25,202,40.25,41,141.0,141
142,1,12182400.0,12268800.0,2016-03-01 06:00:00,2016-10-30 06:00:00,142 days,2016-07-21 06:00:00,2016,202.25,203,41.25,42,142.0,142
142,2,12268800.0,12268800.0,2016-03-01 06:00:00,2016-10-30 06:00:00,142 days,2016-07-21 06:00:00,2016,202.25,203,41.25,42,142.0,142
143,1,12268800.0,12355200.0,2016-03-01 06:00:00,2016-10-30 06:00:00,143 days,2016-07-22 06:00:00,2016,203.25,204,42.25,43,143.0,143
143,2,12355200.0,12355200.0,2016-03-01 06:00:00,2016-10-30 06:00:00,143 days,2016-07-22 06:00:00,2016,203.25,204,42.25,43,143.0,143
144,1,12355200.0,12441600.0,2016-03-01 06:00:00,2016-10-30 06:00:00,144 days,2016-07-23 06:00:00,2016,204.25,205,43.25,44,144.0,144
144,2,12441600.0,12441600.0,2016-03-01 06:00:00,2016-10-30 06:00:00,144 days,2016-07-23 06:00:00,2016,204.25,205,43.25,44,144.0,144
145,1,12441600.0,12528000.0,2016-03-01 06:00:00,2016-10-30 06:00:00,145 days,2016-07-24 06:00:00,2016,205.25,206,44.25,45,145.0,145
145,2,12528000.0,12528000.0,2016-03-01 06:00:00,2016-10-30 06:00:00,145 days,2016-07-24 06:00:00,2016,205.25,206,44.25,45,145.0,145
146,1,12528000.0,12614400.0,2016-03-01 06:00:00,2016-10-30 06:00:00,146 days,2016-07-25 06:00:00,2016,206.25,207,45.25,46,146.0,146
146,2,12614400.0,12614400.0,2016-03-01 06:00:00,2016-10-30 06:00:00,146 days,2016-07-25 06:00:00,2016,206.25,207,45.25,46,146.0,146
147,1,12614400.0,12700800.0,2016-03-01 06:00:00,2016-10-30 06:00:00,147 days,2016-07-26 06:00:00,2016,207.25,208,46.25,47,147.0,147
147,2,12700800.0,12700800.0,2016-03-01 06:00:00,2016-10-30 06:00:00,147 days,2016-07-26 06:00:00,2016,207.25,208,46.25,47,147.0,147
148,1,12700800.0,12787200.0,2016-03-01 06:00:00,2016-10-30 06:00:00,148 days,2016-07-27 06:00:00,2016,208.25,209,47.25,48,148.0,148
148,2,12787200.0,12787200.0,2016-03-01 06:00:00,2016-10-30 06:00:00,148 days,2016-07-27 06:00:00,2016,208.25,209,47.25,48,148.0,148
149,1,12787200.0,12873600.0,2016-03-01 06:00:00,2016-10-30 06:00:00,149 days,2016-07-28 06:00:00,2016,209.25,210,48.25,49,149.0,149
149,2,12873600.0,12873600.0,2016-03-01 06:00:00,2016-10-30 06:00:00,149 days,2016-07-28 06:00:00,2016,209.25,210,48.25,49,149.0,149
150,1,12873600.0,12960000.0,2016-03-01 06:00:00,2016-10-30 06:00:00,150 days,2016-07-29 06:00:00,2016,210.25,211,49.25,50,150.0,150
150,2,12960000.0,12960000.0,2016-03-01 06:00:00,2016-10-30 06:00:00,150 days,2016-07-29 06:00:00,2016,210.25,211,49.25,50,150.0,150
151,1,12960000.0,13046400.0,2016-03-01 06:00:00,2016-10-30 06:00:00,151 days,2016-07-30 06:00:00,2016,211.25,212,50.25,51,151.0,151
151,2,13046400.0,13046400.0,2016-03-01 06:00:00,2016-10-30 06:00:00,151 days,2016-07-30 06:00:00,2016,211.25,212,50.25,51,151.0,151
152,1,13046400.0,13132800.0,2016-03-01 06:00:00,2016-10-30 06:00:00,152 days,2016-07-31 06:00:00,2016,212.25,213,51.25,52,152.0,152
152,2,13132800.0,13132800.0,2016-03-01 06:00:00,2016-10-30 06:00:00,152 days,2016-07-31 06:00:00,2016,212.25,213,51.25,52,152.0,152
153,1,13132800.0,13219200.0,2016-03-01 06:00:00,2016-10-30 06:00:00,153 days,2016-08-01 06:00:00,2016,213.25,214,52.25,53,153.0,153
153,2,13219200.0,13219200.0,2016-03-01 06:00:00,2016-10-30 06:00:00,153 days,2016-08-01 06:00:00,2016,213.25,214,52.25,53,153.0,153
154,1,13219200.0,13305600.0,2016-03-01 06:00:00,2016-10-30 06:00:00,154 days,2016-08-02 06:00:00,2016,214.25,215,53.25,54,154.0,154
154,2,13305600.0,13305600.0,2016-03-01 06:00:00,2016-10-30 06:00:00,154 days,2016-08-02 06:00:00,2016,214.25,215,53.25,54,154.0,154
155,1,13305600.0,13392000.0,2016-03-01 06:00:00,2016-10-30 06:00:00,155 days,2016-08-03 06:00:00,2016,215.25,216,54.25,55,155.0,155
155,2,13392000.0,13392000.0,2016-03-01 06:00:00,2016-10-30 06:00:00,155 days,2016-08-03 06:00:00,2016,215.25,216,54.25,55,155.0,155
156,1,13392000.0,13478400.0,2016-03-01 06:00:00,2016-10-30 06:00:00,156 days,2016-08-04 06:00:00,2016,216.25,217,55.25,56,156.0,156
156,2,13478400.0,13478400.0,2016-03-01 06:00:00,2016-10-30 06:00:00,156 days,2016-08-04 06:00:00,2016,216.25,217,55.25,56,156.0,156
157,1,13478400.0,13564800.0,2016-03-01 06:00:00,2016-10-30 06:00:00,157 days,2016-08-05 06:00:00,2016,217.25,218,56.25,57,157.0,157
157,2,13564800.0,13564800.0,2016-03-01 06:00:00,2016-10-30 06:00:00,157 days,2016-08-05 06:00:00,2016,217.25,218,56.25,57,157.0,157
158,1,13564800.0,13651200.0,2016-03-01 06:00:00,2016-10-30 06:00:00,158 days,2016-08-06 06:00:00,2016,218.25,219,57.25,58,158.0,158
158,2,13651200.0,13651200.0,2016-03-01 06:00:00,2016-10-30 06:00:00,158 days,2016-08-06 06:00:00,2016,218.25,219,57.25,58,158.0,158
159,1,13651200.0,13737600.0,2016-03-01 06:00:00,2016-10-30 06:00:00,159 days,2016-08-07 06:00:00,2016,219.25,220,58.25,59,159.0,159
159,2,13737600.0,13737600.0,2016-03-01 06:00:00,2016-10-30 06:00:00,159 days,2016-08-07 06:00:00,2016,219.25,220,58.25,59,159.0,159
160,1,13737600.0,13824000.0,2016-03-01 06:00:00,2016-10-30 06:00:00,160 days,2016-08-08 06:00:00,2016,220.25,221,59.25,60,160.0,160
160,2,13824000.0,13824000.0,2016-03-01 06:00:00,2016-10-30 06:00:00,160 days,2016-08-08 06:00:00,2016,220.25,221,59.25,60,160.0,160
161,1,13824000.0,13910400.0,2016-03-01 06:00:00,2016-10-30 06:00:00,161 days,2016-08-09 06:00:00,2016,221.25,222,60.25,61,161.0,161
161,2,13910400.0,13910400.0,2016-03-01 06:00:00,2016-10-30 06:00:00,161 days,2016-08-09 06:00:00,2016,221.25,222,60.25,61,161.0,161
162,1,13910400.0,13996800.0,2016-03-01 06:00:00,2016-10-30 06:00:00,162 days,2016-08-10 06:00:00,2016,222.25,223,61.25,62,162.0,162
162,2,13996800.0,13996800.0,2016-03-01 06:00:00,2016-10-30 06:00:00,162 days,2016-08-10 06:00:00,2016,222.25,223,61.25,62,162.0,162
163,1,13996800.0,14083200.0,2016-03-01 06:00:00,2016-10-30 06:00:00,163 days,2016-08-11 06:00:00,2016,223.25,224,62.25,63,163.0,163
163,2,14083200.0,14083200.0,2016-03-01 06:00:00,2016-10-30 06:00:00,163 days,2016-08-11 06:00:00,2016,223.25,224,62.25,63,163.0,163
164,1,14083200.0,14169600.0,2016-03-01 06:00:00,2016-10-30 06:00:00,164 days,2016-08-12 06:00:00,2016,224.25,225,63.25,64,164.0,164
164,2,14169600.0,14169600.0,2016-03-01 06:00:00,2016-10-30 06:00:00,164 days,2016-08-12 06:00:00,2016,224.25,225,63.25,64,164.0,164
165,1,14169600.0,14256000.0,2016-03-01 06:00:00,2016-10-30 06:00:00,165 days,2016-08-13 06:00:00,2016,225.25,226,64.25,65,165.0,165
165,2,14256000.0,14256000.0,2016-03-01 06:00:00,2016-10-30 06:00:00,165 days,2016-08-13 06:00:00,2016,225.25,226,64.25,65,165.0,165
166,1,14256000.0,14342400.0,2016-03-01 06:00:00,2016-10-30 06:00:00,166 days,2016-08-14 06:00:00,2016,226.25,227,65.25,66,166.0,166
166,2,14342400.0,14342400.0,2016-03-01 06:00:00,2016-10-30 06:00:00,166 days,2016-08-14 06:00:00,2016,226.25,227,65.25,66,166.0,166
167,1,14342400.0,14428800.0,2016-03-01 06:00:00,2016-10-30 06:00:00,167 days,2016-08-15 06:00:00,2016,227.25,228,66.25,67,167.0,167
167,2,14428800.0,14428800.0,2016-03-01 06:00:00,2016-10-30 06:00:00,167 days,2016-08-15 06:00:00,2016,227.25,228,66.25,67,167.0,167
168,1,14428800.0,14515200.0,2016-03-01 06:00:00,2016-10-30 06:00:00,168 days,2016-08-16 06:00:00,2016,228.25,229,67.25,68,168.0,168
168,2,14515200.0,14515200.0,2016-03-01 06:00:00,2016-10-30 06:00:00,168 days,2016-08-16 06:00:00,2016,228.25,229,67.25,68,168.0,168
169,1,14515200.0,14601600.0,2016-03-01 06:00:00,2016-10-30 06:00:00,169 days,2016-08-17 06:00:00,2016,229.25,230,68.25,69,169.0,169
169,2,14601600.0,14601600.0,2016-03-01 06:00:00,2016-10-30 06:00:00,169 days,2016-08-17 06:00:00,2016,229.25,230,68.25,69,169.0,169
170,1,14601600.0,14688000.0,2016-03-01 06:00:00,2016-10-30 06:00:00,170 days,2016-08-18 06:00:00,2016,230.25,231,69.25,70,170.0,170
170,2,14688000.0,14688000.0,2016-03-01 06:00:00,2016-10-30 06:00:00,170 days,2016-08-18 06:00:00,2016,230.25,231,69.25,70,170.0,170
171,1,14688000.0,14774400.0,2016-03-01 06:00:00,2016-10-30 06:00:00,171 days,2016-08-19 06:00:00,2016,231.25,232,70.25,71,171.0,171
171,2,14774400.0,14774400.0,2016-03-01 06:00:00,2016-10-30 06:00:00,171 days,2016-08-19 06:00:00,2016,231.25,232,70.25,71,171.0,171
172,1,14774400.0,14860800.0,2016-03-01 06:00:00,2016-10-30 06:00:00,172 days,2016-08-20 06:00:00,2016,232.25,233,71.25,72,172.0,172
172,2,14860800.0,14860800.0,2016-03-01 06:00:00,2016-10-30 06:00:00,172 days,2016-08-20 06:00:00,2016,232.25,233,71.25,72,172.0,172
173,1,14860800.0,14947200.0,2016-03-01 06:00:00,2016-10-30 06:00:00,173 days,2016-08-21 06:00:00,2016,233.25,234,72.25,73,173.0,173
173,2,14947200.0,14947200.0,2016-03-01 06:00:00,2016-10-30 06:00:00,173 days,2016-08-21 06:00:00,2016,233.25,234,72.25,73,173.0,173
174,1,14947200.0,15033600.0,2016-03-01 06:00:00,2016-10-30 06:00:00,174 days,2016-08-22 06:00:00,2016,234.25,235,73.25,74,174.0,174
174,2,15033600.0,15033600.0,2016-03-01 06:00:00,2016-10-30 06:00:00,174 days,2016-08-22 06:00:00,2016,234.25,235,73.25,74,174.0,174
175,1,15033600.0,15120000.0,2016-03-01 06:00:00,2016-10-30 06:00:00,175 days,2016-08-23 06:00:00,2016,235.25,236,74.25,75,175.0,175
175,2,15120000.0,15120000.0,2016-03-01 06:00:00,2016-10-30 06:00:00,175 days,2016-08-23 06:00:00,2016,235.25,236,74.25,75,175.0,175
176,1,15120000.0,15206400.0,2016-03-01 06:00:00,2016-10-30 06:00:00,176 days,2016-08-24 06:00:00,2016,236.25,237,75.25,76,176.0,176
176,2,15206400.0,15206400.0,2016-03-01 06:00:00,2016-10-30 06:00:00,176 days,2016-08-24 06:00:00,2016,236.25,237,75.25,76,176.0,176
177,1,15206400.0,15292800.0,2016-03-01 06:00:00,2016-10-30 06:00:00,177 days,2016-08-25 06:00:00,2016,237.25,238,76.25,77,177.0,177
177,2,15292800.0,15292800.0,2016-03-01 06:00:00,2016-10-30 06:00:00,177 days,2016-08-25 06:00:00,2016,237.25,238,76.25,77,177.0,177
178,1,15292800.0,15379200.0,2016-03-01 06:00:00,2016-10-30 06:00:00,178 days,2016-08-26 06:00:00,2016,238.25,239,77.25,78,178.0,178
178,2,15379200.0,15379200.0,2016-03-01 06:00:00,2016-10-30 06:00:00,178 days,2016-08-26 06:00:00,2016,238.25,239,77.25,78,178.0,178
179,1,15379200.0,15465600.0,2016-03-01 06:00:00,2016-10-30 06:00:00,179 days,2016-08-27 06:00:00,2016,239.25,240,78.25,79,179.0,179
179,2,15465600.0,15465600.0,2016-03-01 06:00:00,2016-10-30 06:00:00,179 days,2016-08-27 06:00:00,2016,239.25,240,78.25,79,179.0,179
180,1,15465600.0,15552000.0,2016-03-01 06:00:00,2016-10-30 06:00:00,180 days,2016-08-28 06:00:00,2016,240.25,241,79.25,80,180.0,180
180,2,15552000.0,15552000.0,2016-03-01 06:00:00,2016-10-30 06:00:00,180 days,2016-08-28 06:00:00,2016,240.25,241,79.25,80,180.0,180
181,1,15552000.0,15638400.0,2016-03-01 06:00:00,2016-10-30 06:00:00,181 days,2016-08-29 06:00:00,2016,241.25,242,80.25,81,181.0,181
181,2,15638400.0,15638400.0,2016-03-01 06:00:00,2016-10-30 06:00:00,181 days,2016-08-29 06:00:00,2016,241.25,242,80.25,81,181.0,181
182,1,15638400.0,15724800.0,2016-03-01 06:00:00,2016-10-30 06:00:00,182 days,2016-08-30 06:00:00,2016,242.25,243,81.25,82,182.0,182
182,2,15724800.0,15724800.0,2016-03-01 06:00:00,2016-10-30 06:00:00,182 days,2016-08-30 06:00:00,2016,242.25,243,81.25,82,182.0,182
183,1,15724800.0,15811200.0,2016-03-01 06:00:00,2016-10-30 06:00:00,183 days,2016-08-31 06:00:00,2016,243.25,244,82.25,83,183.0,183
183,2,15811200.0,15811200.0,2016-03-01 06:00:00,2016-10-30 06:00:00,183 days,2016-08-31 06:00:00,2016,243.25,244,82.25,83,183.0,183
184,1,15811200.0,15897600.0,2016-03-01 06:00:00,2016-10-30 06:00:00,184 days,2016-09-01 06:00:00,2016,244.25,245,83.25,84,184.0,184
184,2,15897600.0,15897600.0,2016-03-01 06:00:00,2016-10-30 06:00:00,184 days,2016-09-01 06:00:00,2016,244.25,245,83.25,84,184.0,184
185,1,15897600.0,15984000.0,2016-03-01 06:00:00,2016-10-30 06:00:00,185 days,2016-09-02 06:00:00,2016,245.25,246,84.25,85,185.0,185
185,2,15984000.0,15984000.0,2016-03-01 06:00:00,2016-10-30 06:00:00,185 days,2016-09-02 06:00:00,2016,245.25,246,84.25,85,185.0,185
186,1,15984000.0,16070400.0,2016-03-01 06:00:00,2016-10-30 06:00:00,186 days,2016-09-03 06:00:00,2016,246.25,247,85.25,86,186.0,186
186,2,16070400.0,16070400.0,2016-03-01 06:00:00,2016-10-30 06:00:00,186 days,2016-09-03 06:00:00,2016,246.25,247,85.25,86,186.0,186
187,1,16070400.0,16156800.0,2016-03-01 06:00:00,2016-10-30 06:00:00,187 days,2016-09-04 06:00:00,2016,247.25,248,86.25,87,187.0,187
187,2,16156800.0,16156800.0,2016-03-01 06:00:00,2016-10-30 06:00:00,187 days,2016-09-04 06:00:00,2016,247.25,248,86.25,87,187.0,187
188,1,16156800.0,16243200.0,2016-03-01 06:00:00,2016-10-30 06:00:00,188 days,2016-09-05 06:00:00,2016,248.25,249,87.25,88,188.0,188
188,2,16243200.0,16243200.0,2016-03-01 06:00:00,2016-10-30 06:00:00,188 days,2016-09-05 06:00:00,2016,248.25,249,87.25,88,188.0,188
189,1,16243200.0,16329600.0,2016-03-01 06:00:00,2016-10-30 06:00:00,189 days,2016-09-06 06:00:00,2016,249.25,250,88.25,89,189.0,189
189,2,16329600.0,16329600.0,2016-03-01 06:00:00,2016-10-30 06:00:00,189 days,2016-09-06 06:00:00,2016,249.25,250,88.25,89,189.0,189
190,1,16329600.0,16416000.0,2016-03-01 06:00:00,2016-10-30 06:00:00,190 days,2016-09-07 06:00:00,2016,250.25,251,89.25,90,190.0,190
190,2,16416000.0,16416000.0,2016-03-01 06:00:00,2016-10-30 06:00:00,190 days,2016-09-07 06:00:00,2016,250.25,251,89.25,90,190.0,190
191,1,16416000.0,16502400.0,2016-03-01 06:00:00,2016-10-30 06:00:00,191 days,2016-09-08 06:00:00,2016,251.25,252,90.25,91,191.0,191
191,2,16502400.0,16502400.0,2016-03-01 06:00:00,2016-10-30 06:00:00,191 days,2016-09-08 06:00:00,2016,251.25,252,90.25,91,191.0,191
192,1,16502400.0,16588800.0,2016-03-01 06:00:00,2016-10-30 06:00:00,192 days,2016-09-09 06:00:00,2016,252.25,253,91.25,92,192.0,192
192,2,16588800.0,16588800.0,2016-03-01 06:00:00,2016-10-30 06:00:00,192 days,2016-09-09 06:00:00,2016,252.25,253,91.25,92,192.0,192
193,1,16588800.0,16675200.0,2016-03-01 06:00:00,2016-10-30 06:00:00,193 days,2016-09-10 06:00:00,2016,253.25,254,92.25,93,193.0,193
193,2,16675200.0,16675200.0,2016-03-01 06:00:00,2016-10-30 06:00:00,193 days,2016-09-10 06:00:00,2016,253.25,254,92.25,93,193.0,193
194,1,16675200.0,16761600.0,2016-03-01 06:00:00,2016-10-30 06:00:00,194 days,2016-09-11 06:00:00,2016,254.25,255,93.25,94,194.0,194
194,2,16761600.0,16761600.0,2016-03-01 06:00:00,2016-10-30 06:00:00,194 days,2016-09-11 06:00:00,2016,254.25,255,93.25,94,194.0,194
195,1,16761600.0,16848000.0,2016-03-01 06:00:00,2016-10-30 06:00:00,195 days,2016-09-12 06:00:00,2016,255.25,256,94.25,95,195.0,195
195,2,16848000.0,16848000.0,2016-03-01 06:00:00,2016-10-30 06:00:00,195 days,2016-09-12 06:00:00,2016,255.25,256,94.25,95,195.0,195
196,1,16848000.0,16934400.0,2016-03-01 06:00:00,2016-10-30 06:00:00,196 days,2016-09-13 06:00:00,2016,256.25,257,95.25,96,196.0,196
196,2,16934400.0,16934400.0,2016-03-01 06:00:00,2016-10-30 06:00:00,196 days,2016-09-13 06:00:00,2016,256.25,257,95.25,96,196.0,196
197,1,16934400.0,17020800.0,2016-03-01 06:00:00,2016-10-30 06:00:00,197 days,2016-09-14 06:00:00,2016,257.25,258,96.25,97,197.0,197
197,2,17020800.0,17020800.0,2016-03-01 06:00:00,2016-10-30 06:00:00,197 days,2016-09-14 06:00:00,2016,257.25,258,96.25,97,197.0,197
198,1,17020800.0,17107200.0,2016-03-01 06:00:00,2016-10-30 06:00:00,198 days,2016-09-15 06:00:00,2016,258.25,259,97.25,98,198.0,198
198,2,17107200.0,17107200.0,2016-03-01 06:00:00,2016-10-30 06:00:00,198 days,2016-09-15 06:00:00,2016,258.25,259,97.25,98,198.0,198
199,1,17107200.0,17193600.0,2016-03-01 06:00:00,2016-10-30 06:00:00,199 days,2016-09-16 06:00:00,2016,259.25,260,98.25,99,199.0,199
199,2,17193600.0,17193600.0,2016-03-01 06:00:00,2016-10-30 06:00:00,199 days,2016-09-16 06:00:00,2016,259.25,260,98.25,99,199.0,199
200,1,17193600.0,17280000.0,2016-03-01 06:00:00,2016-10-30 06:00:00,200 days,2016-09-17 06:00:00,2016,260.25,261,99.25,100,200.0,200
200,2,17280000.0,17280000.0,2016-03-01 06:00:00,2016-10-30 06:00:00,200 days,2016-09-17 06:00:00,2016,260.25,261,99.25,100,200.0,200
201,1,17280000.0,17366400.0,2016-03-01 06:00:00,2016-10-30 06:00:00,201 days,2016-09-18 06:00:00,2016,261.25,262,100.25,101,201.0,201
201,2,17366400.0,17366400.0,2016-03-01 06:00:00,2016-10-30 06:00:00,201 days,2016-09-18 06:00:00,2016,261.25,262,100.25,101,201.0,201
202,1,17366400.0,17452800.0,2016-03-01 06:00:00,2016-10-30 06:00:00,202 days,2016-09-19 06:00:00,2016,262.25,263,101.25,102,202.0,202
202,2,17452800.0,17452800.0,2016-03-01 06:00:00,2016-10-30 06:00:00,202 days,2016-09-19 06:00:00,2016,262.25,263,101.25,102,202.0,202
203,1,17452800.0,17539200.0,2016-03-01 06:00:00,2016-10-30 06:00:00,203 days,2016-09-20 06:00:00,2016,263.25,264,102.25,103,203.0,203
203,2,17539200.0,17539200.0,2016-03-01 06:00:00,2016-10-30 06:00:00,203 days,2016-09-20 06:00:00,2016,263.25,264,102.25,103,203.0,203
204,1,17539200.0,17625600.0,2016-03-01 06:00:00,2016-10-30 06:00:00,204 days,2016-09-21 06:00:00,2016,264.25,265,103.25,104,204.0,204
204,2,17625600.0,17625600.0,2016-03-01 06:00:00,2016-10-30 06:00:00,204 days,2016-09-21 06:00:00,2016,264.25,265,103.25,104,204.0,204
205,1,17625600.0,17712000.0,2016-03-01 06:00:00,2016-10-30 06:00:00,205 days,2016-09-22 06:00:00,2016,265.25,266,104.25,105,205.0,205
205,2,17712000.0,17712000.0,2016-03-01 06:00:00,2016-10-30 06:00:00,205 days,2016-09-22 06:00:00,2016,265.25,266,104.25,105,205.0,205
206,1,17712000.0,17798400.0,2016-03-01 06:00:00,2016-10-30 06:00:00,206 days,2016-09-23 06:00:00,2016,266.25,267,105.25,106,206.0,206
206,2,17798400.0,17798400.0,2016-03-01 06:00:00,2016-10-30 06:00:00,206 days,2016-09-23 06:00:00,2016,266.25,267,105.25,106,206.0,206
207,1,17798400.0,17884800.0,2016-03-01 06:00:00,2016-10-30 06:00:00,207 days,2016-09-24 06:00:00,2016,267.25,268,106.25,107,207.0,207
207,2,17884800.0,17884800.0,2016-03-01 06:00:00,2016-10-30 06:00:00,207 days,2016-09-24 06:00:00,2016,267.25,268,106.25,107,207.0,207
208,1,17884800.0,17971200.0,2016-03-01 06:00:00,2016-10-30 06:00:00,208 days,2016-09-25 06:00:00,2016,268.25,269,107.25,108,208.0,208
208,2,17971200.0,17971200.0,2016-03-01 06:00:00,2016-10-30 06:00:00,208 days,2016-09-25 06:00:00,2016,268.25,269,107.25,108,208.0,208
209,1,17971200.0,18057600.0,2016-03-01 06:00:00,2016-10-30 06:00:00,209 days,2016-09-26 06:00:00,2016,269.25,270,108.25,109,209.0,209
209,2,18057600.0,18057600.0,2016-03-01 06:00:00,2016-10-30 06:00:00,209 days,2016-09-26 06:00:00,2016,269.25,270,108.25,109,209.0,209
210,1,18057600.0,18144000.0,2016-03-01 06:00:00,2016-10-30 06:00:00,210 days,2016-09-27 06:00:00,2016,270.25,271,109.25,110,210.0,210
210,2,18144000.0,18144000.0,2016-03-01 06:00:00,2016-10-30 06:00:00,210 days,2016-09-27 06:00:00,2016,270.25,271,109.25,110,210.0,210
211,1,18144000.0,18230400.0,2016-03-01 06:00:00,2016-10-30 06:00:00,211 days,2016-09-28 06:00:00,2016,271.25,272,110.25,111,211.0,211
211,2,18230400.0,18230400.0,2016-03-01 06:00:00,2016-10-30 06:00:00,211 days,2016-09-28 06:00:00,2016,271.25,272,110.25,111,211.0,211
212,1,18230400.0,18316800.0,2016-03-01 06:00:00,2016-10-30 06:00:00,212 days,2016-09-29 06:00:00,2016,272.25,273,111.25,112,212.0,212
212,2,18316800.0,18316800.0,2016-03-01 06:00:00,2016-10-30 06:00:00,212 days,2016-09-29 06:00:00,2016,272.25,273,111.25,112,212.0,212
213,1,18316800.0,18403200.0,2016-03-01 06:00:00,2016-10-30 06:00:00,213 days,2016-09-30 06:00:00,2016,273.25,274,112.25,113,213.0,213
213,2,18403200.0,18403200.0,2016-03-01 06:00:00,2016-10-30 06:00:00,213 days,2016-09-30 06:00:00,2016,273.25,274,112.25,113,213.0,213
214,1,18403200.0,18489600.0,2016-03-01 06:00:00,2016-10-30 06:00:00,214 days,2016-10-01 06:00:00,2016,274.25,275,113.25,114,214.0,214
214,2,18489600.0,18489600.0,2016-03-01 06:00:00,2016-10-30 06:00:00,214 days,2016-10-01 06:00:00,2016,274.25,275,113.25,114,214.0,214
215,1,18489600.0,18576000.0,2016-03-01 06:00:00,2016-10-30 06:00:00,215 days,2016-10-02 06:00:00,2016,275.25,276,114.25,115,215.0,215
215,2,18576000.0,18576000.0,2016-03-01 06:00:00,2016-10-30 06:00:00,215 days,2016-10-02 06:00:00,2016,275.25,276,114.25,115,215.0,215
216,1,18576000.0,18662400.0,2016-03-01 06:00:00,2016-10-30 06:00:00,216 days,2016-10-03 06:00:00,2016,276.25,277,115.25,116,216.0,216
216,2,18662400.0,18662400.0,2016-03-01 06:00:00,2016-10-30 06:00:00,216 days,2016-10-03 06:00:00,2016,276.25,277,115.25,116,216.0,216
217,1,18662400.0,18748800.0,2016-03-01 06:00:00,2016-10-30 06:00:00,217 days,2016-10-04 06:00:00,2016,277.25,278,116.25,117,217.0,217
217,2,18748800.0,18748800.0,2016-03-01 06:00:00,2016-10-30 06:00:00,217 days,2016-10-04 06:00:00,2016,277.25,278,116.25,117,217.0,217
218,1,18748800.0,18835200.0,2016-03-01 06:00:00,2016-10-30 06:00:00,218 days,2016-10-05 06:00:00,2016,278.25,279,117.25,118,218.0,218
218,2,18835200.0,18835200.0,2016-03-01 06:00:00,2016-10-30 06:00:00,218 days,2016-10-05 06:00:00,2016,278.25,279,117.25,118,218.0,218
219,1,18835200.0,18921600.0,2016-03-01 06:00:00,2016-10-30 06:00:00,219 days,2016-10-06 06:00:00,2016,279.25,280,118.25,119,219.0,219
219,2,18921600.0,18921600.0,2016-03-01 06:00:00,2016-10-30 06:00:00,219 days,2016-10-06 06:00:00,2016,279.25,280,118.25,119,219.0,219
220,1,18921600.0,19008000.0,2016-03-01 06:00:00,2016-10-30 06:00:00,220 days,2016-10-07 06:00:00,2016,280.25,281,119.25,120,220.0,220
220,2,19008000.0,19008000.0,2016-03-01 06:00:00,2016-10-30 06:00:00,220 days,2016-10-07 06:00:00,2016,280.25,281,119.25,120,220.0,220
221,1,19008000.0,19094400.0,2016-03-01 06:00:00,2016-10-30 06:00:00,221 days,2016-10-08 06:00:00,2016,281.25,282,120.25,121,221.0,221
221,2,19094400.0,19094400.0,2016-03-01 06:00:00,2016-10-30 06:00:00,221 days,2016-10-08 06:00:00,2016,281.25,282,120.25,121,221.0,221
222,1,19094400.0,19180800.0,2016-03-01 06:00:00,2016-10-30 06:00:00,222 days,2016-10-09 06:00:00,2016,282.25,283,121.25,122,222.0,222
222,2,19180800.0,19180800.0,2016-03-01 06:00:00,2016-10-30 06:00:00,222 days,2016-10-09 06:00:00,2016,282.25,283,121.25,122,222.0,222
223,1,19180800.0,19267200.0,2016-03-01 06:00:00,2016-10-30 06:00:00,223 days,2016-10-10 06:00:00,2016,283.25,284,122.25,123,223.0,223
223,2,19267200.0,19267200.0,2016-03-01 06:00:00,2016-10-30 06:00:00,223 days,2016-10-10 06:00:00,2016,283.25,284,122.25,123,223.0,223
224,1,19267200.0,19353600.0,2016-03-01 06:00:00,2016-10-30 06:00:00,224 days,2016-10-11 06:00:00,2016,284.25,285,123.25,124,224.0,224
224,2,19353600.0,19353600.0,2016-03-01 06:00:00,2016-10-30 06:00:00,224 days,2016-10-11 06:00:00,2016,284.25,285,123.25,124,224.0,224
225,1,19353600.0,19440000.0,2016-03-01 06:00:00,2016-10-30 06:00:00,225 days,2016-10-12 06:00:00,2016,285.25,286,124.25,125,225.0,225
225,2,19440000.0,19440000.0,2016-03-01 06:00:00,2016-10-30 06:00:00,225 days,2016-10-12 06:00:00,2016,285.25,286,124.25,125,225.0,225
226,1,19440000.0,19526400.0,2016-03-01 06:00:00,2016-10-30 06:00:00,226 days,2016-10-13 06:00:00,2016,286.25,287,125.25,126,226.0,226
226,2,19526400.0,19526400.0,2016-03-01 06:00:00,2016-10-30 06:00:00,226 days,2016-10-13 06:00:00,2016,286.25,287,125.25,126,226.0,226
227,1,19526400.0,19612800.0,2016-03-01 06:00:00,2016-10-30 06:00:00,227 days,2016-10-14 06:00:00,2016,287.25,288,126.25,127,227.0,227
227,2,19612800.0,19612800.0,2016-03-01 06:00:00,2016-10-30 06:00:00,227 days,2016-10-14 06:00:00,2016,287.25,288,126.25,127,227.0,227
228,1,19612800.0,19699200.0,2016-03-01 06:00:00,2016-10-30 06:00:00,228 days,2016-10-15 06:00:00,2016,288.25,289,127.25,128,228.0,228
228,2,19699200.0,19699200.0,2016-03-01 06:00:00,2016-10-30 06:00:00,228 days,2016-10-15 06:00:00,2016,288.25,289,127.25,128,228.0,228
229,1,19699200.0,19785600.0,2016-03-01 06:00:00,2016-10-30 06:00:00,229 days,2016-10-16 06:00:00,2016,289.25,290,128.25,129,229.0,229
229,2,19785600.0,19785600.0,2016-03-01 06:00:00,2016-10-30 06:00:00,229 days,2016-10-16 06:00:00,2016,289.25,290,128.25,129,229.0,229
230,1,19785600.0,19872000.0,2016-03-01 06:00:00,2016-10-30 06:00:00,230 days,2016-10-17 06:00:00,2016,290.25,291,129.25,130,230.0,230
230,2,19872000.0,19872000.0,2016-03-01 06:00:00,2016-10-30 06:00:00,230 days,2016-10-17 06:00:00,2016,290.25,291,129.25,130,230.0,230
231,1,19872000.0,19958400.0,2016-03-01 06:00:00,2016-10-30 06:00:00,231 days,2016-10-18 06:00:00,2016,291.25,292,130.25,131,231.0,231
231,2,19958400.0,19958400.0,2016-03-01 06:00:00,2016-10-30 06:00:00,231 days,2016-10-18 06:00:00,2016,291.25,292,130.25,131,231.0,231
232,1,19958400.0,20044800.0,2016-03-01 06:00:00,2016-10-30 06:00:00,232 days,2016-10-19 06:00:00,2016,292.25,293,131.25,132,232.0,232
232,2,20044800.0,20044800.0,2016-03-01 06:00:00,2016-10-30 06:00:00,232 days,2016-10-19 06:00:00,2016,292.25,293,131.25,132,232.0,232
233,1,20044800.0,20131200.0,2016-03-01 06:00:00,2016-10-30 06:00:00,233 days,2016-10-20 06:00:00,2016,293.25,294,132.25,133,233.0,233
233,2,20131200.0,20131200.0,2016-03-01 06:00:00,2016-10-30 06:00:00,233 days,2016-10-20 06:00:00,2016,293.25,294,132.25,133,233.0,233
234,1,20131200.0,20217600.0,2016-03-01 06:00:00,2016-10-30 06:00:00,234 days,2016-10-21 06:00:00,2016,294.25,295,133.25,134,234.0,234
234,2,20217600.0,20217600.0,2016-03-01 06:00:00,2016-10-30 06:00:00,234 days,2016-10-21 06:00:00,2016,294.25,295,133.25,134,234.0,234
235,1,20217600.0,20304000.0,2016-03-01 06:00:00,2016-10-30 06:00:00,235 days,2016-10-22 06:00:00,2016,295.25,296,134.25,135,235.0,235
235,2,20304000.0,20304000.0,2016-03-01 06:00:00,2016-10-30 06:00:00,235 days,2016-10-22 06:00:00,2016,295.25,296,134.25,135,235.0,235
236,1,20304000.0,20390400.0,2016-03-01 06:00:00,2016-10-30 06:00:00,236 days,2016-10-23 06:00:00,2016,296.25,297,135.25,136,236.0,236
236,2,20390400.0,20390400.0,2016-03-01 06:00:00,2016-10-30 06:00:00,236 days,2016-10-23 06:00:00,2016,296.25,297,135.25,136,236.0,236
237,1,20390400.0,20476800.0,2016-03-01 06:00:00,2016-10-30 06:00:00,237 days,2016-10-24 06:00:00,2016,297.25,298,136.25,137,237.0,237
237,2,20476800.0,20476800.0,2016-03-01 06:00:00,2016-10-30 06:00:00,237 days,2016-10-24 06:00:00,2016,297.25,298,136.25,137,237.0,237
238,1,20476800.0,20563200.0,2016-03-01 06:00:00,2016-10-30 06:00:00,238 days,2016-10-25 06:00:00,2016,298.25,299,137.25,138,238.0,238
238,2,20563200.0,20563200.0,2016-03-01 06:00:00,2016-10-30 06:00:00,238 days,2016-10-25 06:00:00,2016,298.25,299,137.25,138,238.0,238
239,1,20563200.0,20649600.0,2016-03-01 06:00:00,2016-10-30 06:00:00,239 days,2016-10-26 06:00:00,2016,299.25,300,138.25,139,239.0,239
239,2,20649600.0,20649600.0,2016-03-01 06:00:00,2016-10-30 06:00:00,239 days,2016-10-26 06:00:00,2016,299.25,300,138.25,139,239.0,239
240,1,20649600.0,20736000.0,2016-03-01 06:00:00,2016-10-30 06:00:00,240 days,2016-10-27 06:00:00,2016,300.25,301,139.25,140,240.0,240
240,2,20736000.0,20736000.0,2016-03-01 06:00:00,2016-10-30 06:00:00,240 days,2016-10-27 06:00:00,2016,300.25,301,139.25,140,240.0,240
241,1,20736000.0,20822400.0,2016-03-01 06:00:00,2016-10-30 06:00:00,241 days,2016-10-28 06:00:00,2016,301.25,302,140.25,141,241.0,241
241,2,20822400.0,20822400.0,2016-03-01 06:00:00,2016-10-30 06:00:00,241 days,2016-10-28 06:00:00,2016,301.25,302,140.25,141,241.0,241
242,1,20822400.0,20908800.0,2016-03-01 06:00:00,2016-10-30 06:00:00,242 days,2016-10-29 06:00:00,2016,302.25,303,141.25,142,242.0,242
242,2,20908800.0,20908800.0,2016-03-01 06:00:00,2016-10-30 06:00:00,242 days,2016-10-29 06:00:00,2016,302.25,303,141.25,142,242.0,242
243,1,20908800.0,20995200.0,2016-03-01 06:00:00,2016-10-30 06:00:00,243 days,2016-10-30 06:00:00,2016,303.25,304,142.25,143,243.0,243
243,2,20995200.0,20995200.0,2016-03-01 06:00:00,2016-10-30 06:00:00,243 days,2016-10-30 06:00:00,2016,303.25,304,142.25,143,243.0,243
