year,doy,dap,das,date,sim_value,sim_code,sim_units
2016,62,-65,1,2016-03-02 06:00:00,0.0,cropharvc,ton/ha
2016,63,-64,2,2016-03-03 06:00:00,0.0,cropharvc,ton/ha
2016,64,-63,3,2016-03-04 06:00:00,0.0,cropharvc,ton/ha
2016,65,-62,4,2016-03-05 06:00:00,0.0,cropharvc,ton/ha
2016,66,-61,5,2016-03-06 06:00:00,0.0,cropharvc,ton/ha
2016,67,-60,6,2016-03-07 06:00:00,0.0,cropharvc,ton/ha
2016,68,-59,7,2016-03-08 06:00:00,0.0,cropharvc,ton/ha
2016,69,-58,8,2016-03-09 06:00:00,0.0,cropharvc,ton/ha
2016,70,-57,9,2016-03-10 06:00:00,0.0,cropharvc,ton/ha
2016,71,-56,10,2016-03-11 06:00:00,0.0,cropharvc,ton/ha
2016,72,-55,11,2016-03-12 06:00:00,0.0,cropharvc,ton/ha
2016,73,-54,12,2016-03-13 06:00:00,0.0,cropharvc,ton/ha
2016,74,-53,13,2016-03-14 06:00:00,0.0,cropharvc,ton/ha
2016,75,-52,14,2016-03-15 06:00:00,0.0,cropharvc,ton/ha
2016,76,-51,15,2016-03-16 06:00:00,0.0,cropharvc,ton/ha
2016,77,-50,16,2016-03-17 06:00:00,0.0,cropharvc,ton/ha
2016,78,-49,17,2016-03-18 06:00:00,0.0,cropharvc,ton/ha
2016,79,-48,18,2016-03-19 06:00:00,0.0,cropharvc,ton/ha
2016,80,-47,19,2016-03-20 06:00:00,0.0,cropharvc,ton/ha
2016,81,-46,20,2016-03-21 06:00:00,0.0,cropharvc,ton/ha
2016,82,-45,21,2016-03-22 06:00:00,0.0,cropharvc,ton/ha
2016,83,-44,22,2016-03-23 06:00:00,0.0,cropharvc,ton/ha
2016,84,-43,23,2016-03-24 06:00:00,0.0,cropharvc,ton/ha
2016,85,-42,24,2016-03-25 06:00:00,0.0,cropharvc,ton/ha
2016,86,-41,25,2016-03-26 06:00:00,0.0,cropharvc,ton/ha
2016,87,-40,26,2016-03-27 06:00:00,0.0,cropharvc,ton/ha
2016,88,-39,27,2016-03-28 06:00:00,0.0,cropharvc,ton/ha
2016,89,-38,28,2016-03-29 06:00:00,0.0,cropharvc,ton/ha
2016,90,-37,29,2016-03-30 06:00:00,0.0,cropharvc,ton/ha
2016,91,-36,30,2016-03-31 06:00:00,0.0,cropharvc,ton/ha
2016,92,-35,31,2016-04-01 06:00:00,0.0,cropharvc,ton/ha
2016,93,-34,32,2016-04-02 06:00:00,0.0,cropharvc,ton/ha
2016,94,-33,33,2016-04-03 06:00:00,0.0,cropharvc,ton/ha
2016,95,-32,34,2016-04-04 06:00:00,0.0,cropharvc,ton/ha
2016,96,-31,35,2016-04-05 06:00:00,0.0,cropharvc,ton/ha
2016,97,-30,36,2016-04-06 06:00:00,0.0,cropharvc,ton/ha
2016,98,-29,37,2016-04-07 06:00:00,0.0,cropharvc,ton/ha
2016,99,-28,38,2016-04-08 06:00:00,0.0,cropharvc,ton/ha
2016,100,-27,39,2016-04-09 06:00:00,0.0,cropharvc,ton/ha
2016,101,-26,40,2016-04-10 06:00:00,0.0,cropharvc,ton/ha
2016,102,-25,41,2016-04-11 06:00:00,0.0,cropharvc,ton/ha
2016,103,-24,42,2016-04-12 06:00:00,0.0,cropharvc,ton/ha
2016,104,-23,43,2016-04-13 06:00:00,0.0,cropharvc,ton/ha
2016,105,-22,44,2016-04-14 06:00:00,0.0,cropharvc,ton/ha
2016,106,-21,45,2016-04-15 06:00:00,0.0,cropharvc,ton/ha
2016,107,-20,46,2016-04-16 06:00:00,0.0,cropharvc,ton/ha
2016,108,-19,47,2016-04-17 06:00:00,0.0,cropharvc,ton/ha
2016,109,-18,48,2016-04-18 06:00:00,0.0,cropharvc,ton/ha
2016,110,-17,49,2016-04-19 06:00:00,0.0,cropharvc,ton/ha
2016,111,-16,50,2016-04-20 06:00:00,0.0,cropharvc,ton/ha
2016,112,-15,51,2016-04-21 06:00:00,0.0,cropharvc,ton/ha
2016,113,-14,52,2016-04-22 06:00:00,0.0,cropharvc,ton/ha
2016,114,-13,53,2016-04-23 06:00:00,0.0,cropharvc,ton/ha
2016,115,-12,54,2016-04-24 06:00:00,0.0,cropharvc,ton/ha
2016,116,-11,55,2016-04-25 06:00:00,0.0,cropharvc,ton/ha
2016,117,-10,56,2016-04-26 06:00:00,0.0,cropharvc,ton/ha
2016,118,-9,57,2016-04-27 06:00:00,0.0,cropharvc,ton/ha
2016,119,-8,58,2016-04-28 06:00:00,0.0,cropharvc,ton/ha
2016,120,-7,59,2016-04-29 06:00:00,0.0,cropharvc,ton/ha
2016,121,-6,60,2016-04-30 06:00:00,0.0,cropharvc,ton/ha
2016,122,-5,61,2016-05-01 06:00:00,0.0,cropharvc,ton/ha
2016,123,-4,62,2016-05-02 06:00:00,0.0,cropharvc,ton/ha
2016,124,-3,63,2016-05-03 06:00:00,0.0,cropharvc,ton/ha
2016,125,-2,64,2016-05-04 06:00:00,0.0,cropharvc,ton/ha
2016,126,-1,65,2016-05-05 06:00:00,0.0,cropharvc,ton/ha
2016,127,0,66,2016-05-06 06:00:00,0.0,cropharvc,ton/ha
2016,128,1,67,2016-05-07 06:00:00,0.0,cropharvc,ton/ha
2016,129,1,68,2016-05-08 06:00:00,0.0,cropharvc,ton/ha
2016,130,2,69,2016-05-09 06:00:00,0.0,cropharvc,ton/ha
2016,131,3,70,2016-05-10 06:00:00,0.0,cropharvc,ton/ha
2016,132,4,71,2016-05-11 06:00:00,0.0,cropharvc,ton/ha
2016,133,5,72,2016-05-12 06:00:00,0.0,cropharvc,ton/ha
2016,134,6,73,2016-05-13 06:00:00,0.0,cropharvc,ton/ha
2016,135,7,74,2016-05-14 06:00:00,0.0,cropharvc,ton/ha
2016,136,8,75,2016-05-15 06:00:00,0.0,cropharvc,ton/ha
2016,137,9,76,2016-05-16 06:00:00,0.0,cropharvc,ton/ha
2016,138,10,77,2016-05-17 06:00:00,0.0,cropharvc,ton/ha
2016,139,11,78,2016-05-18 06:00:00,0.0,cropharvc,ton/ha
2016,140,12,79,2016-05-19 06:00:00,3.564071e-14,cropharvc,ton/ha
2016,141,13,80,2016-05-20 06:00:00,2.1541497e-13,cropharvc,ton/ha
2016,142,14,81,2016-05-21 06:00:00,2.3494086e-13,cropharvc,ton/ha
2016,143,15,82,2016-05-22 06:00:00,2.9966773e-13,cropharvc,ton/ha
2016,144,16,83,2016-05-23 06:00:00,3.650421e-13,cropharvc,ton/ha
2016,145,17,84,2016-05-24 06:00:00,4.723647e-13,cropharvc,ton/ha
2016,146,18,85,2016-05-25 06:00:00,6.0630396e-13,cropharvc,ton/ha
2016,147,19,86,2016-05-26 06:00:00,7.702192e-13,cropharvc,ton/ha
2016,148,20,87,2016-05-27 06:00:00,1.0435578e-12,cropharvc,ton/ha
2016,149,21,88,2016-05-28 06:00:00,1.4183576e-12,cropharvc,ton/ha
2016,150,22,89,2016-05-29 06:00:00,1.889558e-12,cropharvc,ton/ha
2016,151,23,90,2016-05-30 06:00:00,2.5211118e-12,cropharvc,ton/ha
2016,152,24,91,2016-05-31 06:00:00,3.1861473e-12,cropharvc,ton/ha
2016,153,25,92,2016-06-01 06:00:00,4.1420565e-12,cropharvc,ton/ha
2016,154,26,93,2016-06-02 06:00:00,5.2011212e-12,cropharvc,ton/ha
2016,155,27,94,2016-06-03 06:00:00,6.3400656e-12,cropharvc,ton/ha
2016,156,28,95,2016-06-04 06:00:00,8.4725525e-12,cropharvc,ton/ha
2016,157,29,96,2016-06-05 06:00:00,1.1341474e-11,cropharvc,ton/ha
2016,158,30,97,2016-06-06 06:00:00,1.4091003e-11,cropharvc,ton/ha
2016,159,31,98,2016-06-07 06:00:00,1.5255519e-11,cropharvc,ton/ha
2016,160,32,99,2016-06-08 06:00:00,2.0415374e-11,cropharvc,ton/ha
2016,161,33,100,2016-06-09 06:00:00,2.8829819e-11,cropharvc,ton/ha
2016,162,34,101,2016-06-10 06:00:00,4.106231e-11,cropharvc,ton/ha
2016,163,35,102,2016-06-11 06:00:00,5.4311e-11,cropharvc,ton/ha
2016,164,36,103,2016-06-12 06:00:00,6.958771e-11,cropharvc,ton/ha
2016,165,37,104,2016-06-13 06:00:00,8.754029e-11,cropharvc,ton/ha
2016,166,38,105,2016-06-14 06:00:00,1.0770434e-10,cropharvc,ton/ha
2016,167,39,106,2016-06-15 06:00:00,1.278891e-10,cropharvc,ton/ha
2016,168,40,107,2016-06-16 06:00:00,1.5617742e-10,cropharvc,ton/ha
2016,169,41,108,2016-06-17 06:00:00,1.9444493e-10,cropharvc,ton/ha
2016,170,42,109,2016-06-18 06:00:00,2.4726063e-10,cropharvc,ton/ha
2016,171,43,110,2016-06-19 06:00:00,3.1860817e-10,cropharvc,ton/ha
2016,172,44,111,2016-06-20 06:00:00,4.1954173e-10,cropharvc,ton/ha
2016,173,45,112,2016-06-21 06:00:00,7.7233087e-10,cropharvc,ton/ha
2016,174,46,113,2016-06-22 06:00:00,2.2571804e-09,cropharvc,ton/ha
2016,175,47,114,2016-06-23 06:00:00,6.464214e-09,cropharvc,ton/ha
2016,176,48,115,2016-06-24 06:00:00,1.9655616e-08,cropharvc,ton/ha
2016,177,49,116,2016-06-25 06:00:00,5.1731913e-08,cropharvc,ton/ha
2016,178,50,117,2016-06-26 06:00:00,1.17706904e-07,cropharvc,ton/ha
2016,179,51,118,2016-06-27 06:00:00,2.540516e-07,cropharvc,ton/ha
2016,180,52,119,2016-06-28 06:00:00,5.077279e-07,cropharvc,ton/ha
2016,181,53,120,2016-06-29 06:00:00,9.2706676e-07,cropharvc,ton/ha
2016,182,54,121,2016-06-30 06:00:00,1.6259019e-06,cropharvc,ton/ha
2016,183,55,122,2016-07-01 06:00:00,2.8190664e-06,cropharvc,ton/ha
2016,184,56,123,2016-07-02 06:00:00,4.788146e-06,cropharvc,ton/ha
2016,185,57,124,2016-07-03 06:00:00,7.847119e-06,cropharvc,ton/ha
2016,186,58,125,2016-07-04 06:00:00,1.2595176e-05,cropharvc,ton/ha
2016,187,59,126,2016-07-05 06:00:00,1.981414e-05,cropharvc,ton/ha
2016,188,60,127,2016-07-06 06:00:00,3.0277972e-05,cropharvc,ton/ha
2016,189,61,128,2016-07-07 06:00:00,4.5187793e-05,cropharvc,ton/ha
2016,190,62,129,2016-07-08 06:00:00,6.618335e-05,cropharvc,ton/ha
2016,191,63,130,2016-07-09 06:00:00,9.168402e-05,cropharvc,ton/ha
2016,192,64,131,2016-07-10 06:00:00,0.00012201158,cropharvc,ton/ha
2016,193,65,132,2016-07-11 06:00:00,0.00015961821,cropharvc,ton/ha
2016,194,66,133,2016-07-12 06:00:00,0.00020981926,cropharvc,ton/ha
2016,195,67,134,2016-07-13 06:00:00,0.00027806632,cropharvc,ton/ha
2016,196,68,135,2016-07-14 06:00:00,0.00036942755,cropharvc,ton/ha
2016,197,69,136,2016-07-15 06:00:00,0.00048812438,cropharvc,ton/ha
2016,198,70,137,2016-07-16 06:00:00,0.00064203044,cropharvc,ton/ha
2016,199,71,138,2016-07-17 06:00:00,0.0008407197,cropharvc,ton/ha
2016,200,72,139,2016-07-18 06:00:00,0.0010759875,cropharvc,ton/ha
2016,201,73,140,2016-07-19 06:00:00,0.0013345883,cropharvc,ton/ha
2016,202,74,141,2016-07-20 06:00:00,0.0016177691,cropharvc,ton/ha
2016,203,75,142,2016-07-21 06:00:00,0.0019260059,cropharvc,ton/ha
2016,204,76,143,2016-07-22 06:00:00,0.0022684368,cropharvc,ton/ha
2016,205,77,144,2016-07-23 06:00:00,0.0026506623,cropharvc,ton/ha
2016,206,78,145,2016-07-24 06:00:00,0.003073759,cropharvc,ton/ha
2016,207,79,146,2016-07-25 06:00:00,0.0035615594,cropharvc,ton/ha
2016,208,80,147,2016-07-26 06:00:00,0.004140779,cropharvc,ton/ha
2016,209,81,148,2016-07-27 06:00:00,0.0048282146,cropharvc,ton/ha
2016,210,82,149,2016-07-28 06:00:00,0.0056510693,cropharvc,ton/ha
2016,211,83,150,2016-07-29 06:00:00,0.006618292,cropharvc,ton/ha
2016,212,84,151,2016-07-30 06:00:00,0.007700518,cropharvc,ton/ha
2016,213,85,152,2016-07-31 06:00:00,0.008909967,cropharvc,ton/ha
2016,214,86,153,2016-08-01 06:00:00,0.010289183,cropharvc,ton/ha
2016,215,87,154,2016-08-02 06:00:00,0.011861562,cropharvc,ton/ha
2016,216,88,155,2016-08-03 06:00:00,0.013631377,cropharvc,ton/ha
2016,217,89,156,2016-08-04 06:00:00,0.015616371,cropharvc,ton/ha
2016,218,90,157,2016-08-05 06:00:00,0.017832719,cropharvc,ton/ha
2016,219,91,158,2016-08-06 06:00:00,0.020337293,cropharvc,ton/ha
2016,220,92,159,2016-08-07 06:00:00,0.023209872,cropharvc,ton/ha
2016,221,93,160,2016-08-08 06:00:00,0.026530493,cropharvc,ton/ha
2016,222,94,161,2016-08-09 06:00:00,0.030338204,cropharvc,ton/ha
2016,223,95,162,2016-08-10 06:00:00,0.034576643,cropharvc,ton/ha
2016,224,96,163,2016-08-11 06:00:00,0.039228886,cropharvc,ton/ha
2016,225,97,164,2016-08-12 06:00:00,0.044215463,cropharvc,ton/ha
2016,226,98,165,2016-08-13 06:00:00,0.04948037,cropharvc,ton/ha
2016,227,99,166,2016-08-14 06:00:00,0.05509941,cropharvc,ton/ha
2016,228,100,167,2016-08-15 06:00:00,0.06120417,cropharvc,ton/ha
2016,229,101,168,2016-08-16 06:00:00,0.06795457,cropharvc,ton/ha
2016,230,102,169,2016-08-17 06:00:00,0.075340524,cropharvc,ton/ha
2016,231,103,170,2016-08-18 06:00:00,0.083278924,cropharvc,ton/ha
2016,232,104,171,2016-08-19 06:00:00,0.09204901,cropharvc,ton/ha
2016,233,105,172,2016-08-20 06:00:00,0.10151141,cropharvc,ton/ha
2016,234,106,173,2016-08-21 06:00:00,0.11187133,cropharvc,ton/ha
2016,235,107,174,2016-08-22 06:00:00,0.12319255,cropharvc,ton/ha
2016,236,108,175,2016-08-23 06:00:00,0.13490346,cropharvc,ton/ha
2016,237,109,176,2016-08-24 06:00:00,0.14692602,cropharvc,ton/ha
2016,238,110,177,2016-08-25 06:00:00,0.15952596,cropharvc,ton/ha
2016,239,111,178,2016-08-26 06:00:00,0.17292811,cropharvc,ton/ha
2016,240,112,179,2016-08-27 06:00:00,0.1873157,cropharvc,ton/ha
2016,241,113,180,2016-08-28 06:00:00,0.20274447,cropharvc,ton/ha
2016,242,114,181,2016-08-29 06:00:00,0.21935679,cropharvc,ton/ha
2016,243,115,182,2016-08-30 06:00:00,0.23736477,cropharvc,ton/ha
2016,244,116,183,2016-08-31 06:00:00,0.25694534,cropharvc,ton/ha
2016,245,117,184,2016-09-01 06:00:00,0.27781063,cropharvc,ton/ha
2016,246,118,185,2016-09-02 06:00:00,0.29954284,cropharvc,ton/ha
2016,247,119,186,2016-09-03 06:00:00,0.3226049,cropharvc,ton/ha
2016,248,120,187,2016-09-04 06:00:00,0.34717262,cropharvc,ton/ha
2016,249,121,188,2016-09-05 06:00:00,0.37307692,cropharvc,ton/ha
2016,250,122,189,2016-09-06 06:00:00,0.4000702,cropharvc,ton/ha
2016,251,123,190,2016-09-07 06:00:00,0.4287143,cropharvc,ton/ha
2016,252,124,191,2016-09-08 06:00:00,0.45871067,cropharvc,ton/ha
2016,253,125,192,2016-09-09 06:00:00,0.48988894,cropharvc,ton/ha
2016,254,126,193,2016-09-10 06:00:00,0.5223584,cropharvc,ton/ha
2016,255,127,194,2016-09-11 06:00:00,0.5563244,cropharvc,ton/ha
2016,256,128,195,2016-09-12 06:00:00,0.59223956,cropharvc,ton/ha
2016,257,129,196,2016-09-13 06:00:00,0.6304216,cropharvc,ton/ha
2016,258,130,197,2016-09-14 06:00:00,0.6712059,cropharvc,ton/ha
2016,259,131,198,2016-09-15 06:00:00,0.7149196,cropharvc,ton/ha
2016,260,132,199,2016-09-16 06:00:00,0.76108,cropharvc,ton/ha
2016,261,133,200,2016-09-17 06:00:00,0.80950624,cropharvc,ton/ha
2016,262,134,201,2016-09-18 06:00:00,0.8597874,cropharvc,ton/ha
2016,263,135,202,2016-09-19 06:00:00,0.912585,cropharvc,ton/ha
2016,264,136,203,2016-09-20 06:00:00,0.9683069,cropharvc,ton/ha
2016,265,137,204,2016-09-21 06:00:00,1.0266386,cropharvc,ton/ha
2016,266,138,205,2016-09-22 06:00:00,1.0865862,cropharvc,ton/ha
2016,267,139,206,2016-09-23 06:00:00,1.1482058,cropharvc,ton/ha
2016,268,140,207,2016-09-24 06:00:00,1.2119734,cropharvc,ton/ha
2016,269,141,208,2016-09-25 06:00:00,1.2785325,cropharvc,ton/ha
2016,270,142,209,2016-09-26 06:00:00,1.3471854,cropharvc,ton/ha
2016,271,143,210,2016-09-27 06:00:00,1.4160715,cropharvc,ton/ha
2016,272,144,211,2016-09-28 06:00:00,1.4878191,cropharvc,ton/ha
2016,273,145,212,2016-09-29 06:00:00,1.5615053,cropharvc,ton/ha
2016,274,146,213,2016-09-30 06:00:00,1.6378412,cropharvc,ton/ha
2016,275,147,214,2016-10-01 06:00:00,1.7169452,cropharvc,ton/ha
2016,276,148,215,2016-10-02 06:00:00,1.797502,cropharvc,ton/ha
2016,277,149,216,2016-10-03 06:00:00,1.8793148,cropharvc,ton/ha
2016,278,150,217,2016-10-04 06:00:00,1.9634092,cropharvc,ton/ha
2016,279,151,218,2016-10-05 06:00:00,2.0445604,cropharvc,ton/ha
2016,280,152,219,2016-10-06 06:00:00,2.129346,cropharvc,ton/ha
2016,281,153,220,2016-10-07 06:00:00,2.2176678,cropharvc,ton/ha
2016,282,154,221,2016-10-08 06:00:00,2.3046331,cropharvc,ton/ha
2016,283,155,222,2016-10-09 06:00:00,2.3949451,cropharvc,ton/ha
2016,284,156,223,2016-10-10 06:00:00,2.490224,cropharvc,ton/ha
2016,285,157,224,2016-10-11 06:00:00,2.5862312,cropharvc,ton/ha
2016,286,158,225,2016-10-12 06:00:00,2.6861145,cropharvc,ton/ha
2016,287,159,226,2016-10-13 06:00:00,2.7852204,cropharvc,ton/ha
2016,288,160,227,2016-10-14 06:00:00,2.8844998,cropharvc,ton/ha
2016,289,161,228,2016-10-15 06:00:00,2.9883094,cropharvc,ton/ha
2016,290,162,229,2016-10-16 06:00:00,3.0914392,cropharvc,ton/ha
2016,291,163,230,2016-10-17 06:00:00,3.2044303,cropharvc,ton/ha
2016,292,164,231,2016-10-18 06:00:00,2.4931228,cropharvc,ton/ha
2016,293,165,232,2016-10-19 06:00:00,0.0,cropharvc,ton/ha
2016,294,166,233,2016-10-20 06:00:00,0.0,cropharvc,ton/ha
2016,295,167,234,2016-10-21 06:00:00,0.0,cropharvc,ton/ha
2016,296,168,235,2016-10-22 06:00:00,0.0,cropharvc,ton/ha
2016,297,169,236,2016-10-23 06:00:00,0.0,cropharvc,ton/ha
2016,298,170,237,2016-10-24 06:00:00,0.0,cropharvc,ton/ha
2016,299,171,238,2016-10-25 06:00:00,0.0,cropharvc,ton/ha
2016,300,172,239,2016-10-26 06:00:00,0.0,cropharvc,ton/ha
2016,301,173,240,2016-10-27 06:00:00,0.0,cropharvc,ton/ha
2016,302,174,241,2016-10-28 06:00:00,0.0,cropharvc,ton/ha
2016,303,175,242,2016-10-29 06:00:00,0.0,cropharvc,ton/ha
2016,304,176,243,2016-10-30 06:00:00,0.0,cropharvc,ton/ha
2016,62,-65,1,2016-03-02 06:00:00,0.001,croplai,m2/m2
2016,63,-64,2,2016-03-03 06:00:00,0.001,croplai,m2/m2
2016,64,-63,3,2016-03-04 06:00:00,0.001,croplai,m2/m2
2016,65,-62,4,2016-03-05 06:00:00,0.001,croplai,m2/m2
2016,66,-61,5,2016-03-06 06:00:00,0.001,croplai,m2/m2
2016,67,-60,6,2016-03-07 06:00:00,0.001,croplai,m2/m2
2016,68,-59,7,2016-03-08 06:00:00,0.001,croplai,m2/m2
2016,69,-58,8,2016-03-09 06:00:00,0.001,croplai,m2/m2
2016,70,-57,9,2016-03-10 06:00:00,0.001,croplai,m2/m2
2016,71,-56,10,2016-03-11 06:00:00,0.001,croplai,m2/m2
2016,72,-55,11,2016-03-12 06:00:00,0.001,croplai,m2/m2
2016,73,-54,12,2016-03-13 06:00:00,0.001,croplai,m2/m2
2016,74,-53,13,2016-03-14 06:00:00,0.001,croplai,m2/m2
2016,75,-52,14,2016-03-15 06:00:00,0.001,croplai,m2/m2
2016,76,-51,15,2016-03-16 06:00:00,0.001,croplai,m2/m2
2016,77,-50,16,2016-03-17 06:00:00,0.001,croplai,m2/m2
2016,78,-49,17,2016-03-18 06:00:00,0.001,croplai,m2/m2
2016,79,-48,18,2016-03-19 06:00:00,0.001,croplai,m2/m2
2016,80,-47,19,2016-03-20 06:00:00,0.001,croplai,m2/m2
2016,81,-46,20,2016-03-21 06:00:00,0.001,croplai,m2/m2
2016,82,-45,21,2016-03-22 06:00:00,0.001,croplai,m2/m2
2016,83,-44,22,2016-03-23 06:00:00,0.001,croplai,m2/m2
2016,84,-43,23,2016-03-24 06:00:00,0.001,croplai,m2/m2
2016,85,-42,24,2016-03-25 06:00:00,0.001,croplai,m2/m2
2016,86,-41,25,2016-03-26 06:00:00,0.001,croplai,m2/m2
2016,87,-40,26,2016-03-27 06:00:00,0.001,croplai,m2/m2
2016,88,-39,27,2016-03-28 06:00:00,0.001,croplai,m2/m2
2016,89,-38,28,2016-03-29 06:00:00,0.001,croplai,m2/m2
2016,90,-37,29,2016-03-30 06:00:00,0.001,croplai,m2/m2
2016,91,-36,30,2016-03-31 06:00:00,0.001,croplai,m2/m2
2016,92,-35,31,2016-04-01 06:00:00,0.001,croplai,m2/m2
2016,93,-34,32,2016-04-02 06:00:00,0.001,croplai,m2/m2
2016,94,-33,33,2016-04-03 06:00:00,0.001,croplai,m2/m2
2016,95,-32,34,2016-04-04 06:00:00,0.001,croplai,m2/m2
2016,96,-31,35,2016-04-05 06:00:00,0.001,croplai,m2/m2
2016,97,-30,36,2016-04-06 06:00:00,0.001,croplai,m2/m2
2016,98,-29,37,2016-04-07 06:00:00,0.001,croplai,m2/m2
2016,99,-28,38,2016-04-08 06:00:00,0.001,croplai,m2/m2
2016,100,-27,39,2016-04-09 06:00:00,0.001,croplai,m2/m2
2016,101,-26,40,2016-04-10 06:00:00,0.001,croplai,m2/m2
2016,102,-25,41,2016-04-11 06:00:00,0.001,croplai,m2/m2
2016,103,-24,42,2016-04-12 06:00:00,0.001,croplai,m2/m2
2016,104,-23,43,2016-04-13 06:00:00,0.001,croplai,m2/m2
2016,105,-22,44,2016-04-14 06:00:00,0.001,croplai,m2/m2
2016,106,-21,45,2016-04-15 06:00:00,0.001,croplai,m2/m2
2016,107,-20,46,2016-04-16 06:00:00,0.001,croplai,m2/m2
2016,108,-19,47,2016-04-17 06:00:00,0.001,croplai,m2/m2
2016,109,-18,48,2016-04-18 06:00:00,0.001,croplai,m2/m2
2016,110,-17,49,2016-04-19 06:00:00,0.001,croplai,m2/m2
2016,111,-16,50,2016-04-20 06:00:00,0.001,croplai,m2/m2
2016,112,-15,51,2016-04-21 06:00:00,0.001,croplai,m2/m2
2016,113,-14,52,2016-04-22 06:00:00,0.001,croplai,m2/m2
2016,114,-13,53,2016-04-23 06:00:00,0.001,croplai,m2/m2
2016,115,-12,54,2016-04-24 06:00:00,0.001,croplai,m2/m2
2016,116,-11,55,2016-04-25 06:00:00,0.001,croplai,m2/m2
2016,117,-10,56,2016-04-26 06:00:00,0.001,croplai,m2/m2
2016,118,-9,57,2016-04-27 06:00:00,0.001,croplai,m2/m2
2016,119,-8,58,2016-04-28 06:00:00,0.001,croplai,m2/m2
2016,120,-7,59,2016-04-29 06:00:00,0.001,croplai,m2/m2
2016,121,-6,60,2016-04-30 06:00:00,0.001,croplai,m2/m2
2016,122,-5,61,2016-05-01 06:00:00,0.001,croplai,m2/m2
2016,123,-4,62,2016-05-02 06:00:00,0.001,croplai,m2/m2
2016,124,-3,63,2016-05-03 06:00:00,0.001,croplai,m2/m2
2016,125,-2,64,2016-05-04 06:00:00,0.001,croplai,m2/m2
2016,126,-1,65,2016-05-05 06:00:00,0.001,croplai,m2/m2
2016,127,0,66,2016-05-06 06:00:00,0.001,croplai,m2/m2
2016,128,1,67,2016-05-07 06:00:00,0.001,croplai,m2/m2
2016,129,1,68,2016-05-08 06:00:00,0.001,croplai,m2/m2
2016,130,2,69,2016-05-09 06:00:00,0.001,croplai,m2/m2
2016,131,3,70,2016-05-10 06:00:00,0.001,croplai,m2/m2
2016,132,4,71,2016-05-11 06:00:00,0.001,croplai,m2/m2
2016,133,5,72,2016-05-12 06:00:00,0.001,croplai,m2/m2
2016,134,6,73,2016-05-13 06:00:00,0.001,croplai,m2/m2
2016,135,7,74,2016-05-14 06:00:00,0.001,croplai,m2/m2
2016,136,8,75,2016-05-15 06:00:00,0.001,croplai,m2/m2
2016,137,9,76,2016-05-16 06:00:00,0.001,croplai,m2/m2
2016,138,10,77,2016-05-17 06:00:00,0.001,croplai,m2/m2
2016,139,11,78,2016-05-18 06:00:00,0.001,croplai,m2/m2
2016,140,12,79,2016-05-19 06:00:00,0.0051401304,croplai,m2/m2
2016,141,13,80,2016-05-20 06:00:00,0.025795184,croplai,m2/m2
2016,142,14,81,2016-05-21 06:00:00,0.027145283,croplai,m2/m2
2016,143,15,82,2016-05-22 06:00:00,0.031278674,croplai,m2/m2
2016,144,16,83,2016-05-23 06:00:00,0.034384996,croplai,m2/m2
2016,145,17,84,2016-05-24 06:00:00,0.03877799,croplai,m2/m2
2016,146,18,85,2016-05-25 06:00:00,0.043867264,croplai,m2/m2
2016,147,19,86,2016-05-26 06:00:00,0.049283486,croplai,m2/m2
2016,148,20,87,2016-05-27 06:00:00,0.05692908,croplai,m2/m2
2016,149,21,88,2016-05-28 06:00:00,0.06551855,croplai,m2/m2
2016,150,22,89,2016-05-29 06:00:00,0.07433168,croplai,m2/m2
2016,151,23,90,2016-05-30 06:00:00,0.08395943,croplai,m2/m2
2016,152,24,91,2016-05-31 06:00:00,0.09209495,croplai,m2/m2
2016,153,25,92,2016-06-01 06:00:00,0.101721734,croplai,m2/m2
2016,154,26,93,2016-06-02 06:00:00,0.11036632,croplai,m2/m2
2016,155,27,94,2016-06-03 06:00:00,0.117702566,croplai,m2/m2
2016,156,28,95,2016-06-04 06:00:00,0.12935668,croplai,m2/m2
2016,157,29,96,2016-06-05 06:00:00,0.14240916,croplai,m2/m2
2016,158,30,97,2016-06-06 06:00:00,0.15216064,croplai,m2/m2
2016,159,31,98,2016-06-07 06:00:00,0.1541747,croplai,m2/m2
2016,160,32,99,2016-06-08 06:00:00,0.16594893,croplai,m2/m2
2016,161,33,100,2016-06-09 06:00:00,0.18329681,croplai,m2/m2
2016,162,34,101,2016-06-10 06:00:00,0.20672484,croplai,m2/m2
2016,163,35,102,2016-06-11 06:00:00,0.2304176,croplai,m2/m2
2016,164,36,103,2016-06-12 06:00:00,0.2555013,croplai,m2/m2
2016,165,37,104,2016-06-13 06:00:00,0.28339928,croplai,m2/m2
2016,166,38,105,2016-06-14 06:00:00,0.31316337,croplai,m2/m2
2016,167,39,106,2016-06-15 06:00:00,0.34082735,croplai,m2/m2
2016,168,40,107,2016-06-16 06:00:00,0.375325,croplai,m2/m2
2016,169,41,108,2016-06-17 06:00:00,0.4151123,croplai,m2/m2
2016,170,42,109,2016-06-18 06:00:00,0.46063563,croplai,m2/m2
2016,171,43,110,2016-06-19 06:00:00,0.5115908,croplai,m2/m2
2016,172,44,111,2016-06-20 06:00:00,0.56621355,croplai,m2/m2
2016,173,45,112,2016-06-21 06:00:00,0.6221953,croplai,m2/m2
2016,174,46,113,2016-06-22 06:00:00,0.672054,croplai,m2/m2
2016,175,47,114,2016-06-23 06:00:00,0.71565074,croplai,m2/m2
2016,176,48,115,2016-06-24 06:00:00,0.7638498,croplai,m2/m2
2016,177,49,116,2016-06-25 06:00:00,0.8218785,croplai,m2/m2
2016,178,50,117,2016-06-26 06:00:00,0.8904442,croplai,m2/m2
2016,179,51,118,2016-06-27 06:00:00,0.96372795,croplai,m2/m2
2016,180,52,119,2016-06-28 06:00:00,1.0451217,croplai,m2/m2
2016,181,53,120,2016-06-29 06:00:00,1.1304055,croplai,m2/m2
2016,182,54,121,2016-06-30 06:00:00,1.2208098,croplai,m2/m2
2016,183,55,122,2016-07-01 06:00:00,1.2924719,croplai,m2/m2
2016,184,56,123,2016-07-02 06:00:00,1.3649048,croplai,m2/m2
2016,185,57,124,2016-07-03 06:00:00,1.4468495,croplai,m2/m2
2016,186,58,125,2016-07-04 06:00:00,1.5385498,croplai,m2/m2
2016,187,59,126,2016-07-05 06:00:00,1.6327354,croplai,m2/m2
2016,188,60,127,2016-07-06 06:00:00,1.730903,croplai,m2/m2
2016,189,61,128,2016-07-07 06:00:00,1.8134936,croplai,m2/m2
2016,190,62,129,2016-07-08 06:00:00,1.8906711,croplai,m2/m2
2016,191,63,130,2016-07-09 06:00:00,1.9980711,croplai,m2/m2
2016,192,64,131,2016-07-10 06:00:00,2.101629,croplai,m2/m2
2016,193,65,132,2016-07-11 06:00:00,2.2070594,croplai,m2/m2
2016,194,66,133,2016-07-12 06:00:00,2.3130376,croplai,m2/m2
2016,195,67,134,2016-07-13 06:00:00,2.4210832,croplai,m2/m2
2016,196,68,135,2016-07-14 06:00:00,2.5293572,croplai,m2/m2
2016,197,69,136,2016-07-15 06:00:00,2.6380012,croplai,m2/m2
2016,198,70,137,2016-07-16 06:00:00,2.7467413,croplai,m2/m2
2016,199,71,138,2016-07-17 06:00:00,2.8522584,croplai,m2/m2
2016,200,72,139,2016-07-18 06:00:00,2.907974,croplai,m2/m2
2016,201,73,140,2016-07-19 06:00:00,3.01815,croplai,m2/m2
2016,202,74,141,2016-07-20 06:00:00,3.1241045,croplai,m2/m2
2016,203,75,142,2016-07-21 06:00:00,3.1925194,croplai,m2/m2
2016,204,76,143,2016-07-22 06:00:00,3.294617,croplai,m2/m2
2016,205,77,144,2016-07-23 06:00:00,3.394788,croplai,m2/m2
2016,206,78,145,2016-07-24 06:00:00,3.4993541,croplai,m2/m2
2016,207,79,146,2016-07-25 06:00:00,3.6121082,croplai,m2/m2
2016,208,80,147,2016-07-26 06:00:00,3.725116,croplai,m2/m2
2016,209,81,148,2016-07-27 06:00:00,3.8358276,croplai,m2/m2
2016,210,82,149,2016-07-28 06:00:00,3.943449,croplai,m2/m2
2016,211,83,150,2016-07-29 06:00:00,4.046657,croplai,m2/m2
2016,212,84,151,2016-07-30 06:00:00,4.153378,croplai,m2/m2
2016,213,85,152,2016-07-31 06:00:00,4.253544,croplai,m2/m2
2016,214,86,153,2016-08-01 06:00:00,4.3517704,croplai,m2/m2
2016,215,87,154,2016-08-02 06:00:00,4.4545884,croplai,m2/m2
2016,216,88,155,2016-08-03 06:00:00,4.50847,croplai,m2/m2
2016,217,89,156,2016-08-04 06:00:00,4.614087,croplai,m2/m2
2016,218,90,157,2016-08-05 06:00:00,4.7131443,croplai,m2/m2
2016,219,91,158,2016-08-06 06:00:00,4.805011,croplai,m2/m2
2016,220,92,159,2016-08-07 06:00:00,4.8983417,croplai,m2/m2
2016,221,93,160,2016-08-08 06:00:00,4.999987,croplai,m2/m2
2016,222,94,161,2016-08-09 06:00:00,5.0927386,croplai,m2/m2
2016,223,95,162,2016-08-10 06:00:00,5.1684628,croplai,m2/m2
2016,224,96,163,2016-08-11 06:00:00,5.235915,croplai,m2/m2
2016,225,97,164,2016-08-12 06:00:00,5.314384,croplai,m2/m2
2016,226,98,165,2016-08-13 06:00:00,5.4090323,croplai,m2/m2
2016,227,99,166,2016-08-14 06:00:00,5.500459,croplai,m2/m2
2016,228,100,167,2016-08-15 06:00:00,5.595573,croplai,m2/m2
2016,229,101,168,2016-08-16 06:00:00,5.683662,croplai,m2/m2
2016,230,102,169,2016-08-17 06:00:00,5.743526,croplai,m2/m2
2016,231,103,170,2016-08-18 06:00:00,5.7474456,croplai,m2/m2
2016,232,104,171,2016-08-19 06:00:00,5.8306546,croplai,m2/m2
2016,233,105,172,2016-08-20 06:00:00,5.8891335,croplai,m2/m2
2016,234,106,173,2016-08-21 06:00:00,5.958334,croplai,m2/m2
2016,235,107,174,2016-08-22 06:00:00,5.996748,croplai,m2/m2
2016,236,108,175,2016-08-23 06:00:00,5.9865403,croplai,m2/m2
2016,237,109,176,2016-08-24 06:00:00,6.039011,croplai,m2/m2
2016,238,110,177,2016-08-25 06:00:00,6.109422,croplai,m2/m2
2016,239,111,178,2016-08-26 06:00:00,6.176911,croplai,m2/m2
2016,240,112,179,2016-08-27 06:00:00,6.245058,croplai,m2/m2
2016,241,113,180,2016-08-28 06:00:00,6.3124185,croplai,m2/m2
2016,242,114,181,2016-08-29 06:00:00,6.373663,croplai,m2/m2
2016,243,115,182,2016-08-30 06:00:00,6.427912,croplai,m2/m2
2016,244,116,183,2016-08-31 06:00:00,6.470318,croplai,m2/m2
2016,245,117,184,2016-09-01 06:00:00,6.470555,croplai,m2/m2
2016,246,118,185,2016-09-02 06:00:00,6.4427333,croplai,m2/m2
2016,247,119,186,2016-09-03 06:00:00,6.4744134,croplai,m2/m2
2016,248,120,187,2016-09-04 06:00:00,6.481728,croplai,m2/m2
2016,249,121,188,2016-09-05 06:00:00,6.4556136,croplai,m2/m2
2016,250,122,189,2016-09-06 06:00:00,6.4135003,croplai,m2/m2
2016,251,123,190,2016-09-07 06:00:00,6.403669,croplai,m2/m2
2016,252,124,191,2016-09-08 06:00:00,6.376907,croplai,m2/m2
2016,253,125,192,2016-09-09 06:00:00,6.3800564,croplai,m2/m2
2016,254,126,193,2016-09-10 06:00:00,6.3896713,croplai,m2/m2
2016,255,127,194,2016-09-11 06:00:00,6.390823,croplai,m2/m2
2016,256,128,195,2016-09-12 06:00:00,6.3794904,croplai,m2/m2
2016,257,129,196,2016-09-13 06:00:00,6.361049,croplai,m2/m2
2016,258,130,197,2016-09-14 06:00:00,6.3330464,croplai,m2/m2
2016,259,131,198,2016-09-15 06:00:00,6.290833,croplai,m2/m2
2016,260,132,199,2016-09-16 06:00:00,6.2319946,croplai,m2/m2
2016,261,133,200,2016-09-17 06:00:00,6.200478,croplai,m2/m2
2016,262,134,201,2016-09-18 06:00:00,6.147674,croplai,m2/m2
2016,263,135,202,2016-09-19 06:00:00,6.0907035,croplai,m2/m2
2016,264,136,203,2016-09-20 06:00:00,6.027305,croplai,m2/m2
2016,265,137,204,2016-09-21 06:00:00,5.9548507,croplai,m2/m2
2016,266,138,205,2016-09-22 06:00:00,5.8810554,croplai,m2/m2
2016,267,139,206,2016-09-23 06:00:00,5.8149095,croplai,m2/m2
2016,268,140,207,2016-09-24 06:00:00,5.7432017,croplai,m2/m2
2016,269,141,208,2016-09-25 06:00:00,5.665537,croplai,m2/m2
2016,270,142,209,2016-09-26 06:00:00,5.5790296,croplai,m2/m2
2016,271,143,210,2016-09-27 06:00:00,5.471554,croplai,m2/m2
2016,272,144,211,2016-09-28 06:00:00,5.3855534,croplai,m2/m2
2016,273,145,212,2016-09-29 06:00:00,5.296381,croplai,m2/m2
2016,274,146,213,2016-09-30 06:00:00,5.199622,croplai,m2/m2
2016,275,147,214,2016-10-01 06:00:00,5.1017785,croplai,m2/m2
2016,276,148,215,2016-10-02 06:00:00,4.997578,croplai,m2/m2
2016,277,149,216,2016-10-03 06:00:00,4.8861275,croplai,m2/m2
2016,278,150,217,2016-10-04 06:00:00,4.772383,croplai,m2/m2
2016,279,151,218,2016-10-05 06:00:00,4.6342406,croplai,m2/m2
2016,280,152,219,2016-10-06 06:00:00,4.507918,croplai,m2/m2
2016,281,153,220,2016-10-07 06:00:00,4.389033,croplai,m2/m2
2016,282,154,221,2016-10-08 06:00:00,4.2582707,croplai,m2/m2
2016,283,155,222,2016-10-09 06:00:00,4.134699,croplai,m2/m2
2016,284,156,223,2016-10-10 06:00:00,4.014756,croplai,m2/m2
2016,285,157,224,2016-10-11 06:00:00,3.8862607,croplai,m2/m2
2016,286,158,225,2016-10-12 06:00:00,3.7583225,croplai,m2/m2
2016,287,159,226,2016-10-13 06:00:00,3.61987,croplai,m2/m2
2016,288,160,227,2016-10-14 06:00:00,3.471965,croplai,m2/m2
2016,289,161,228,2016-10-15 06:00:00,3.3252373,croplai,m2/m2
2016,290,162,229,2016-10-16 06:00:00,3.1749418,croplai,m2/m2
2016,291,163,230,2016-10-17 06:00:00,3.028004,croplai,m2/m2
2016,292,164,231,2016-10-18 06:00:00,2.167866,croplai,m2/m2
2016,293,165,232,2016-10-19 06:00:00,0.001,croplai,m2/m2
2016,294,166,233,2016-10-20 06:00:00,0.001,croplai,m2/m2
2016,295,167,234,2016-10-21 06:00:00,0.001,croplai,m2/m2
2016,296,168,235,2016-10-22 06:00:00,0.001,croplai,m2/m2
2016,297,169,236,2016-10-23 06:00:00,0.001,croplai,m2/m2
2016,298,170,237,2016-10-24 06:00:00,0.001,croplai,m2/m2
2016,299,171,238,2016-10-25 06:00:00,0.001,croplai,m2/m2
2016,300,172,239,2016-10-26 06:00:00,0.001,croplai,m2/m2
2016,301,173,240,2016-10-27 06:00:00,0.001,croplai,m2/m2
2016,302,174,241,2016-10-28 06:00:00,0.001,croplai,m2/m2
2016,303,175,242,2016-10-29 06:00:00,0.001,croplai,m2/m2
2016,304,176,243,2016-10-30 06:00:00,0.001,croplai,m2/m2
2016,62,-65,1,2016-03-02 06:00:00,0.0005231286,cropleafc,ton/ha
2016,63,-64,2,2016-03-03 06:00:00,0.0005231286,cropleafc,ton/ha
2016,64,-63,3,2016-03-04 06:00:00,0.0005231286,cropleafc,ton/ha
2016,65,-62,4,2016-03-05 06:00:00,0.0005231286,cropleafc,ton/ha
2016,66,-61,5,2016-03-06 06:00:00,0.0005231286,cropleafc,ton/ha
2016,67,-60,6,2016-03-07 06:00:00,0.0005231286,cropleafc,ton/ha
2016,68,-59,7,2016-03-08 06:00:00,0.0005231286,cropleafc,ton/ha
2016,69,-58,8,2016-03-09 06:00:00,0.0005231286,cropleafc,ton/ha
2016,70,-57,9,2016-03-10 06:00:00,0.0005231286,cropleafc,ton/ha
2016,71,-56,10,2016-03-11 06:00:00,0.0005231286,cropleafc,ton/ha
2016,72,-55,11,2016-03-12 06:00:00,0.0005231286,cropleafc,ton/ha
2016,73,-54,12,2016-03-13 06:00:00,0.0005231286,cropleafc,ton/ha
2016,74,-53,13,2016-03-14 06:00:00,0.0005231286,cropleafc,ton/ha
2016,75,-52,14,2016-03-15 06:00:00,0.0005231286,cropleafc,ton/ha
2016,76,-51,15,2016-03-16 06:00:00,0.0005231286,cropleafc,ton/ha
2016,77,-50,16,2016-03-17 06:00:00,0.0005231286,cropleafc,ton/ha
2016,78,-49,17,2016-03-18 06:00:00,0.0005231286,cropleafc,ton/ha
2016,79,-48,18,2016-03-19 06:00:00,0.0005231286,cropleafc,ton/ha
2016,80,-47,19,2016-03-20 06:00:00,0.0005231286,cropleafc,ton/ha
2016,81,-46,20,2016-03-21 06:00:00,0.0005231286,cropleafc,ton/ha
2016,82,-45,21,2016-03-22 06:00:00,0.0005231286,cropleafc,ton/ha
2016,83,-44,22,2016-03-23 06:00:00,0.0005231286,cropleafc,ton/ha
2016,84,-43,23,2016-03-24 06:00:00,0.0005231286,cropleafc,ton/ha
2016,85,-42,24,2016-03-25 06:00:00,0.0005231286,cropleafc,ton/ha
2016,86,-41,25,2016-03-26 06:00:00,0.0005231286,cropleafc,ton/ha
2016,87,-40,26,2016-03-27 06:00:00,0.0005231286,cropleafc,ton/ha
2016,88,-39,27,2016-03-28 06:00:00,0.0005231286,cropleafc,ton/ha
2016,89,-38,28,2016-03-29 06:00:00,0.0005231286,cropleafc,ton/ha
2016,90,-37,29,2016-03-30 06:00:00,0.0005231286,cropleafc,ton/ha
2016,91,-36,30,2016-03-31 06:00:00,0.0005231286,cropleafc,ton/ha
2016,92,-35,31,2016-04-01 06:00:00,0.0005231286,cropleafc,ton/ha
2016,93,-34,32,2016-04-02 06:00:00,0.0005231286,cropleafc,ton/ha
2016,94,-33,33,2016-04-03 06:00:00,0.0005231286,cropleafc,ton/ha
2016,95,-32,34,2016-04-04 06:00:00,0.0005231286,cropleafc,ton/ha
2016,96,-31,35,2016-04-05 06:00:00,0.0005231286,cropleafc,ton/ha
2016,97,-30,36,2016-04-06 06:00:00,0.0005231286,cropleafc,ton/ha
2016,98,-29,37,2016-04-07 06:00:00,0.0005231286,cropleafc,ton/ha
2016,99,-28,38,2016-04-08 06:00:00,0.0005231286,cropleafc,ton/ha
2016,100,-27,39,2016-04-09 06:00:00,0.0005231286,cropleafc,ton/ha
2016,101,-26,40,2016-04-10 06:00:00,0.0005231286,cropleafc,ton/ha
2016,102,-25,41,2016-04-11 06:00:00,0.0005231286,cropleafc,ton/ha
2016,103,-24,42,2016-04-12 06:00:00,0.0005231286,cropleafc,ton/ha
2016,104,-23,43,2016-04-13 06:00:00,0.0005231286,cropleafc,ton/ha
2016,105,-22,44,2016-04-14 06:00:00,0.0005231286,cropleafc,ton/ha
2016,106,-21,45,2016-04-15 06:00:00,0.0005231286,cropleafc,ton/ha
2016,107,-20,46,2016-04-16 06:00:00,0.0005231286,cropleafc,ton/ha
2016,108,-19,47,2016-04-17 06:00:00,0.0005231286,cropleafc,ton/ha
2016,109,-18,48,2016-04-18 06:00:00,0.0005231286,cropleafc,ton/ha
2016,110,-17,49,2016-04-19 06:00:00,0.0005231286,cropleafc,ton/ha
2016,111,-16,50,2016-04-20 06:00:00,0.0005231286,cropleafc,ton/ha
2016,112,-15,51,2016-04-21 06:00:00,0.0005231286,cropleafc,ton/ha
2016,113,-14,52,2016-04-22 06:00:00,0.0005231286,cropleafc,ton/ha
2016,114,-13,53,2016-04-23 06:00:00,0.0005231286,cropleafc,ton/ha
2016,115,-12,54,2016-04-24 06:00:00,0.0005231286,cropleafc,ton/ha
2016,116,-11,55,2016-04-25 06:00:00,0.0005231286,cropleafc,ton/ha
2016,117,-10,56,2016-04-26 06:00:00,0.0005231286,cropleafc,ton/ha
2016,118,-9,57,2016-04-27 06:00:00,0.0005231286,cropleafc,ton/ha
2016,119,-8,58,2016-04-28 06:00:00,0.0005231286,cropleafc,ton/ha
2016,120,-7,59,2016-04-29 06:00:00,0.0005231286,cropleafc,ton/ha
2016,121,-6,60,2016-04-30 06:00:00,0.0005231286,cropleafc,ton/ha
2016,122,-5,61,2016-05-01 06:00:00,0.0005231286,cropleafc,ton/ha
2016,123,-4,62,2016-05-02 06:00:00,0.0005231286,cropleafc,ton/ha
2016,124,-3,63,2016-05-03 06:00:00,0.0005231286,cropleafc,ton/ha
2016,125,-2,64,2016-05-04 06:00:00,0.0005231286,cropleafc,ton/ha
2016,126,-1,65,2016-05-05 06:00:00,0.0005231286,cropleafc,ton/ha
2016,127,0,66,2016-05-06 06:00:00,0.0005231286,cropleafc,ton/ha
2016,128,1,67,2016-05-07 06:00:00,0.0005231286,cropleafc,ton/ha
2016,129,1,68,2016-05-08 06:00:00,0.0005231286,cropleafc,ton/ha
2016,130,2,69,2016-05-09 06:00:00,0.0005231286,cropleafc,ton/ha
2016,131,3,70,2016-05-10 06:00:00,0.0005231286,cropleafc,ton/ha
2016,132,4,71,2016-05-11 06:00:00,0.0005231286,cropleafc,ton/ha
2016,133,5,72,2016-05-12 06:00:00,0.0005231286,cropleafc,ton/ha
2016,134,6,73,2016-05-13 06:00:00,0.0005231286,cropleafc,ton/ha
2016,135,7,74,2016-05-14 06:00:00,0.0005231286,cropleafc,ton/ha
2016,136,8,75,2016-05-15 06:00:00,0.0005231286,cropleafc,ton/ha
2016,137,9,76,2016-05-16 06:00:00,0.0005231286,cropleafc,ton/ha
2016,138,10,77,2016-05-17 06:00:00,0.0005231286,cropleafc,ton/ha
2016,139,11,78,2016-05-18 06:00:00,0.0005231286,cropleafc,ton/ha
2016,140,12,79,2016-05-19 06:00:00,0.0015673547,cropleafc,ton/ha
2016,141,13,80,2016-05-20 06:00:00,0.0068310574,cropleafc,ton/ha
2016,142,14,81,2016-05-21 06:00:00,0.007309529,cropleafc,ton/ha
2016,143,15,82,2016-05-22 06:00:00,0.0086056795,cropleafc,ton/ha
2016,144,16,83,2016-05-23 06:00:00,0.009643988,cropleafc,ton/ha
2016,145,17,84,2016-05-24 06:00:00,0.011021634,cropleafc,ton/ha
2016,146,18,85,2016-05-25 06:00:00,0.012565776,cropleafc,ton/ha
2016,147,19,86,2016-05-26 06:00:00,0.0142546315,cropleafc,ton/ha
2016,148,20,87,2016-05-27 06:00:00,0.016668202,cropleafc,ton/ha
2016,149,21,88,2016-05-28 06:00:00,0.019430356,cropleafc,ton/ha
2016,150,22,89,2016-05-29 06:00:00,0.022316372,cropleafc,ton/ha
2016,151,23,90,2016-05-30 06:00:00,0.025511568,cropleafc,ton/ha
2016,152,24,91,2016-05-31 06:00:00,0.028296335,cropleafc,ton/ha
2016,153,25,92,2016-06-01 06:00:00,0.031599373,cropleafc,ton/ha
2016,154,26,93,2016-06-02 06:00:00,0.03464173,cropleafc,ton/ha
2016,155,27,94,2016-06-03 06:00:00,0.037339903,cropleafc,ton/ha
2016,156,28,95,2016-06-04 06:00:00,0.041453853,cropleafc,ton/ha
2016,157,29,96,2016-06-05 06:00:00,0.046063144,cropleafc,ton/ha
2016,158,30,97,2016-06-06 06:00:00,0.049706347,cropleafc,ton/ha
2016,159,31,98,2016-06-07 06:00:00,0.050903417,cropleafc,ton/ha
2016,160,32,99,2016-06-08 06:00:00,0.05525198,cropleafc,ton/ha
2016,161,33,100,2016-06-09 06:00:00,0.061352555,cropleafc,ton/ha
2016,162,34,101,2016-06-10 06:00:00,0.06942822,cropleafc,ton/ha
2016,163,35,102,2016-06-11 06:00:00,0.077617995,cropleafc,ton/ha
2016,164,36,103,2016-06-12 06:00:00,0.086327985,cropleafc,ton/ha
2016,165,37,104,2016-06-13 06:00:00,0.09597116,cropleafc,ton/ha
2016,166,38,105,2016-06-14 06:00:00,0.10627467,cropleafc,ton/ha
2016,167,39,106,2016-06-15 06:00:00,0.116014734,cropleafc,ton/ha
2016,168,40,107,2016-06-16 06:00:00,0.12835407,cropleafc,ton/ha
2016,169,41,108,2016-06-17 06:00:00,0.14283714,cropleafc,ton/ha
2016,170,42,109,2016-06-18 06:00:00,0.15962335,cropleafc,ton/ha
2016,171,43,110,2016-06-19 06:00:00,0.17844725,cropleafc,ton/ha
2016,172,44,111,2016-06-20 06:00:00,0.19873318,cropleafc,ton/ha
2016,173,45,112,2016-06-21 06:00:00,0.21949655,cropleafc,ton/ha
2016,174,46,113,2016-06-22 06:00:00,0.23807578,cropleafc,ton/ha
2016,175,47,114,2016-06-23 06:00:00,0.25466943,cropleafc,ton/ha
2016,176,48,115,2016-06-24 06:00:00,0.2731096,cropleafc,ton/ha
2016,177,49,116,2016-06-25 06:00:00,0.29522026,cropleafc,ton/ha
2016,178,50,117,2016-06-26 06:00:00,0.3213866,cropleafc,ton/ha
2016,179,51,118,2016-06-27 06:00:00,0.34960893,cropleafc,ton/ha
2016,180,52,119,2016-06-28 06:00:00,0.3808373,cropleafc,ton/ha
2016,181,53,120,2016-06-29 06:00:00,0.41371253,cropleafc,ton/ha
2016,182,54,121,2016-06-30 06:00:00,0.44901088,cropleafc,ton/ha
2016,183,55,122,2016-07-01 06:00:00,0.47833043,cropleafc,ton/ha
2016,184,56,123,2016-07-02 06:00:00,0.5078344,cropleafc,ton/ha
2016,185,57,124,2016-07-03 06:00:00,0.54140294,cropleafc,ton/ha
2016,186,58,125,2016-07-04 06:00:00,0.5790149,cropleafc,ton/ha
2016,187,59,126,2016-07-05 06:00:00,0.61800927,cropleafc,ton/ha
2016,188,60,127,2016-07-06 06:00:00,0.6586124,cropleafc,ton/ha
2016,189,61,128,2016-07-07 06:00:00,0.694255,cropleafc,ton/ha
2016,190,62,129,2016-07-08 06:00:00,0.72688687,cropleafc,ton/ha
2016,191,63,130,2016-07-09 06:00:00,0.7701213,cropleafc,ton/ha
2016,192,64,131,2016-07-10 06:00:00,0.8122847,cropleafc,ton/ha
2016,193,65,132,2016-07-11 06:00:00,0.8567256,cropleafc,ton/ha
2016,194,66,133,2016-07-12 06:00:00,0.90287954,cropleafc,ton/ha
2016,195,67,134,2016-07-13 06:00:00,0.95075816,cropleafc,ton/ha
2016,196,68,135,2016-07-14 06:00:00,0.9987185,cropleafc,ton/ha
2016,197,69,136,2016-07-15 06:00:00,1.0472158,cropleafc,ton/ha
2016,198,70,137,2016-07-16 06:00:00,1.0964926,cropleafc,ton/ha
2016,199,71,138,2016-07-17 06:00:00,1.1447345,cropleafc,ton/ha
2016,200,72,139,2016-07-18 06:00:00,1.1699493,cropleafc,ton/ha
2016,201,73,140,2016-07-19 06:00:00,1.2160659,cropleafc,ton/ha
2016,202,74,141,2016-07-20 06:00:00,1.2606841,cropleafc,ton/ha
2016,203,75,142,2016-07-21 06:00:00,1.2906919,cropleafc,ton/ha
2016,204,76,143,2016-07-22 06:00:00,1.3348901,cropleafc,ton/ha
2016,205,77,144,2016-07-23 06:00:00,1.3784038,cropleafc,ton/ha
2016,206,78,145,2016-07-24 06:00:00,1.4243037,cropleafc,ton/ha
2016,207,79,146,2016-07-25 06:00:00,1.4755266,cropleafc,ton/ha
2016,208,80,147,2016-07-26 06:00:00,1.5280931,cropleafc,ton/ha
2016,209,81,148,2016-07-27 06:00:00,1.5802644,cropleafc,ton/ha
2016,210,82,149,2016-07-28 06:00:00,1.6322715,cropleafc,ton/ha
2016,211,83,150,2016-07-29 06:00:00,1.6803837,cropleafc,ton/ha
2016,212,84,151,2016-07-30 06:00:00,1.7293428,cropleafc,ton/ha
2016,213,85,152,2016-07-31 06:00:00,1.7765325,cropleafc,ton/ha
2016,214,86,153,2016-08-01 06:00:00,1.8239582,cropleafc,ton/ha
2016,215,87,154,2016-08-02 06:00:00,1.8734688,cropleafc,ton/ha
2016,216,88,155,2016-08-03 06:00:00,1.9024593,cropleafc,ton/ha
2016,217,89,156,2016-08-04 06:00:00,1.9526541,cropleafc,ton/ha
2016,218,90,157,2016-08-05 06:00:00,2.0009606,cropleafc,ton/ha
2016,219,91,158,2016-08-06 06:00:00,2.0473838,cropleafc,ton/ha
2016,220,92,159,2016-08-07 06:00:00,2.0960553,cropleafc,ton/ha
2016,221,93,160,2016-08-08 06:00:00,2.1488705,cropleafc,ton/ha
2016,222,94,161,2016-08-09 06:00:00,2.1967158,cropleafc,ton/ha
2016,223,95,162,2016-08-10 06:00:00,2.2361658,cropleafc,ton/ha
2016,224,96,163,2016-08-11 06:00:00,2.2712624,cropleafc,ton/ha
2016,225,97,164,2016-08-12 06:00:00,2.3087215,cropleafc,ton/ha
2016,226,98,165,2016-08-13 06:00:00,2.3533986,cropleafc,ton/ha
2016,227,99,166,2016-08-14 06:00:00,2.3981087,cropleafc,ton/ha
2016,228,100,167,2016-08-15 06:00:00,2.4462025,cropleafc,ton/ha
2016,229,101,168,2016-08-16 06:00:00,2.4923372,cropleafc,ton/ha
2016,230,102,169,2016-08-17 06:00:00,2.525656,cropleafc,ton/ha
2016,231,103,170,2016-08-18 06:00:00,2.5348034,cropleafc,ton/ha
2016,232,104,171,2016-08-19 06:00:00,2.5789475,cropleafc,ton/ha
2016,233,105,172,2016-08-20 06:00:00,2.6118004,cropleafc,ton/ha
2016,234,106,173,2016-08-21 06:00:00,2.6506505,cropleafc,ton/ha
2016,235,107,174,2016-08-22 06:00:00,2.6749203,cropleafc,ton/ha
2016,236,108,175,2016-08-23 06:00:00,2.6722732,cropleafc,ton/ha
2016,237,109,176,2016-08-24 06:00:00,2.6982665,cropleafc,ton/ha
2016,238,110,177,2016-08-25 06:00:00,2.7341466,cropleafc,ton/ha
2016,239,111,178,2016-08-26 06:00:00,2.7703576,cropleafc,ton/ha
2016,240,112,179,2016-08-27 06:00:00,2.807565,cropleafc,ton/ha
2016,241,113,180,2016-08-28 06:00:00,2.8445816,cropleafc,ton/ha
2016,242,114,181,2016-08-29 06:00:00,2.879931,cropleafc,ton/ha
2016,243,115,182,2016-08-30 06:00:00,2.9129004,cropleafc,ton/ha
2016,244,116,183,2016-08-31 06:00:00,2.940874,cropleafc,ton/ha
2016,245,117,184,2016-09-01 06:00:00,2.9475408,cropleafc,ton/ha
2016,246,118,185,2016-09-02 06:00:00,2.9403522,cropleafc,ton/ha
2016,247,119,186,2016-09-03 06:00:00,2.9618409,cropleafc,ton/ha
2016,248,120,187,2016-09-04 06:00:00,2.972493,cropleafc,ton/ha
2016,249,121,188,2016-09-05 06:00:00,2.96708,cropleafc,ton/ha
2016,250,122,189,2016-09-06 06:00:00,2.9539213,cropleafc,ton/ha
2016,251,123,190,2016-09-07 06:00:00,2.956356,cropleafc,ton/ha
2016,252,124,191,2016-09-08 06:00:00,2.9495537,cropleafc,ton/ha
2016,253,125,192,2016-09-09 06:00:00,2.9552073,cropleafc,ton/ha
2016,254,126,193,2016-09-10 06:00:00,2.9647026,cropleafc,ton/ha
2016,255,127,194,2016-09-11 06:00:00,2.971537,cropleafc,ton/ha
2016,256,128,195,2016-09-12 06:00:00,2.973775,cropleafc,ton/ha
2016,257,129,196,2016-09-13 06:00:00,2.9732869,cropleafc,ton/ha
2016,258,130,197,2016-09-14 06:00:00,2.9694,cropleafc,ton/ha
2016,259,131,198,2016-09-15 06:00:00,2.9588614,cropleafc,ton/ha
2016,260,132,199,2016-09-16 06:00:00,2.93798,cropleafc,ton/ha
2016,261,133,200,2016-09-17 06:00:00,2.928907,cropleafc,ton/ha
2016,262,134,201,2016-09-18 06:00:00,2.9103289,cropleafc,ton/ha
2016,263,135,202,2016-09-19 06:00:00,2.890767,cropleafc,ton/ha
2016,264,136,203,2016-09-20 06:00:00,2.8681803,cropleafc,ton/ha
2016,265,137,204,2016-09-21 06:00:00,2.839774,cropleafc,ton/ha
2016,266,138,205,2016-09-22 06:00:00,2.8086016,cropleafc,ton/ha
2016,267,139,206,2016-09-23 06:00:00,2.7814999,cropleafc,ton/ha
2016,268,140,207,2016-09-24 06:00:00,2.7529047,cropleafc,ton/ha
2016,269,141,208,2016-09-25 06:00:00,2.7215495,cropleafc,ton/ha
2016,270,142,209,2016-09-26 06:00:00,2.684572,cropleafc,ton/ha
2016,271,143,210,2016-09-27 06:00:00,2.6367192,cropleafc,ton/ha
2016,272,144,211,2016-09-28 06:00:00,2.5993748,cropleafc,ton/ha
2016,273,145,212,2016-09-29 06:00:00,2.5609472,cropleafc,ton/ha
2016,274,146,213,2016-09-30 06:00:00,2.519522,cropleafc,ton/ha
2016,275,147,214,2016-10-01 06:00:00,2.4764485,cropleafc,ton/ha
2016,276,148,215,2016-10-02 06:00:00,2.4295893,cropleafc,ton/ha
2016,277,149,216,2016-10-03 06:00:00,2.379424,cropleafc,ton/ha
2016,278,150,217,2016-10-04 06:00:00,2.3276405,cropleafc,ton/ha
2016,279,151,218,2016-10-05 06:00:00,2.2634292,cropleafc,ton/ha
2016,280,152,219,2016-10-06 06:00:00,2.2052658,cropleafc,ton/ha
2016,281,153,220,2016-10-07 06:00:00,2.1504092,cropleafc,ton/ha
2016,282,154,221,2016-10-08 06:00:00,2.089179,cropleafc,ton/ha
2016,283,155,222,2016-10-09 06:00:00,2.0316381,cropleafc,ton/ha
2016,284,156,223,2016-10-10 06:00:00,1.9764264,cropleafc,ton/ha
2016,285,157,224,2016-10-11 06:00:00,1.916516,cropleafc,ton/ha
2016,286,158,225,2016-10-12 06:00:00,1.8568462,cropleafc,ton/ha
2016,287,159,226,2016-10-13 06:00:00,1.7919846,cropleafc,ton/ha
2016,288,160,227,2016-10-14 06:00:00,1.722824,cropleafc,ton/ha
2016,289,161,228,2016-10-15 06:00:00,1.6532087,cropleafc,ton/ha
2016,290,162,229,2016-10-16 06:00:00,1.5816349,cropleafc,ton/ha
2016,291,163,230,2016-10-17 06:00:00,1.5117304,cropleafc,ton/ha
2016,292,164,231,2016-10-18 06:00:00,1.0844723,cropleafc,ton/ha
2016,293,165,232,2016-10-19 06:00:00,0.0005231286,cropleafc,ton/ha
2016,294,166,233,2016-10-20 06:00:00,0.0005231286,cropleafc,ton/ha
2016,295,167,234,2016-10-21 06:00:00,0.0005231286,cropleafc,ton/ha
2016,296,168,235,2016-10-22 06:00:00,0.0005231286,cropleafc,ton/ha
2016,297,169,236,2016-10-23 06:00:00,0.0005231286,cropleafc,ton/ha
2016,298,170,237,2016-10-24 06:00:00,0.0005231286,cropleafc,ton/ha
2016,299,171,238,2016-10-25 06:00:00,0.0005231286,cropleafc,ton/ha
2016,300,172,239,2016-10-26 06:00:00,0.0005231286,cropleafc,ton/ha
2016,301,173,240,2016-10-27 06:00:00,0.0005231286,cropleafc,ton/ha
2016,302,174,241,2016-10-28 06:00:00,0.0005231286,cropleafc,ton/ha
2016,303,175,242,2016-10-29 06:00:00,0.0005231286,cropleafc,ton/ha
2016,304,176,243,2016-10-30 06:00:00,0.0005231286,cropleafc,ton/ha
2016,62,-65,1,2016-03-02 06:00:00,0.001,cropcanht,m
2016,63,-64,2,2016-03-03 06:00:00,0.001,cropcanht,m
2016,64,-63,3,2016-03-04 06:00:00,0.001,cropcanht,m
2016,65,-62,4,2016-03-05 06:00:00,0.001,cropcanht,m
2016,66,-61,5,2016-03-06 06:00:00,0.001,cropcanht,m
2016,67,-60,6,2016-03-07 06:00:00,0.001,cropcanht,m
2016,68,-59,7,2016-03-08 06:00:00,0.001,cropcanht,m
2016,69,-58,8,2016-03-09 06:00:00,0.001,cropcanht,m
2016,70,-57,9,2016-03-10 06:00:00,0.001,cropcanht,m
2016,71,-56,10,2016-03-11 06:00:00,0.001,cropcanht,m
2016,72,-55,11,2016-03-12 06:00:00,0.001,cropcanht,m
2016,73,-54,12,2016-03-13 06:00:00,0.001,cropcanht,m
2016,74,-53,13,2016-03-14 06:00:00,0.001,cropcanht,m
2016,75,-52,14,2016-03-15 06:00:00,0.001,cropcanht,m
2016,76,-51,15,2016-03-16 06:00:00,0.001,cropcanht,m
2016,77,-50,16,2016-03-17 06:00:00,0.001,cropcanht,m
2016,78,-49,17,2016-03-18 06:00:00,0.001,cropcanht,m
2016,79,-48,18,2016-03-19 06:00:00,0.001,cropcanht,m
2016,80,-47,19,2016-03-20 06:00:00,0.001,cropcanht,m
2016,81,-46,20,2016-03-21 06:00:00,0.001,cropcanht,m
2016,82,-45,21,2016-03-22 06:00:00,0.001,cropcanht,m
2016,83,-44,22,2016-03-23 06:00:00,0.001,cropcanht,m
2016,84,-43,23,2016-03-24 06:00:00,0.001,cropcanht,m
2016,85,-42,24,2016-03-25 06:00:00,0.001,cropcanht,m
2016,86,-41,25,2016-03-26 06:00:00,0.001,cropcanht,m
2016,87,-40,26,2016-03-27 06:00:00,0.001,cropcanht,m
2016,88,-39,27,2016-03-28 06:00:00,0.001,cropcanht,m
2016,89,-38,28,2016-03-29 06:00:00,0.001,cropcanht,m
2016,90,-37,29,2016-03-30 06:00:00,0.001,cropcanht,m
2016,91,-36,30,2016-03-31 06:00:00,0.001,cropcanht,m
2016,92,-35,31,2016-04-01 06:00:00,0.001,cropcanht,m
2016,93,-34,32,2016-04-02 06:00:00,0.001,cropcanht,m
2016,94,-33,33,2016-04-03 06:00:00,0.001,cropcanht,m
2016,95,-32,34,2016-04-04 06:00:00,0.001,cropcanht,m
2016,96,-31,35,2016-04-05 06:00:00,0.001,cropcanht,m
2016,97,-30,36,2016-04-06 06:00:00,0.001,cropcanht,m
2016,98,-29,37,2016-04-07 06:00:00,0.001,cropcanht,m
2016,99,-28,38,2016-04-08 06:00:00,0.001,cropcanht,m
2016,100,-27,39,2016-04-09 06:00:00,0.001,cropcanht,m
2016,101,-26,40,2016-04-10 06:00:00,0.001,cropcanht,m
2016,102,-25,41,2016-04-11 06:00:00,0.001,cropcanht,m
2016,103,-24,42,2016-04-12 06:00:00,0.001,cropcanht,m
2016,104,-23,43,2016-04-13 06:00:00,0.001,cropcanht,m
2016,105,-22,44,2016-04-14 06:00:00,0.001,cropcanht,m
2016,106,-21,45,2016-04-15 06:00:00,0.001,cropcanht,m
2016,107,-20,46,2016-04-16 06:00:00,0.001,cropcanht,m
2016,108,-19,47,2016-04-17 06:00:00,0.001,cropcanht,m
2016,109,-18,48,2016-04-18 06:00:00,0.001,cropcanht,m
2016,110,-17,49,2016-04-19 06:00:00,0.001,cropcanht,m
2016,111,-16,50,2016-04-20 06:00:00,0.001,cropcanht,m
2016,112,-15,51,2016-04-21 06:00:00,0.001,cropcanht,m
2016,113,-14,52,2016-04-22 06:00:00,0.001,cropcanht,m
2016,114,-13,53,2016-04-23 06:00:00,0.001,cropcanht,m
2016,115,-12,54,2016-04-24 06:00:00,0.001,cropcanht,m
2016,116,-11,55,2016-04-25 06:00:00,0.001,cropcanht,m
2016,117,-10,56,2016-04-26 06:00:00,0.001,cropcanht,m
2016,118,-9,57,2016-04-27 06:00:00,0.001,cropcanht,m
2016,119,-8,58,2016-04-28 06:00:00,0.001,cropcanht,m
2016,120,-7,59,2016-04-29 06:00:00,0.001,cropcanht,m
2016,121,-6,60,2016-04-30 06:00:00,0.001,cropcanht,m
2016,122,-5,61,2016-05-01 06:00:00,0.001,cropcanht,m
2016,123,-4,62,2016-05-02 06:00:00,0.001,cropcanht,m
2016,124,-3,63,2016-05-03 06:00:00,0.001,cropcanht,m
2016,125,-2,64,2016-05-04 06:00:00,0.001,cropcanht,m
2016,126,-1,65,2016-05-05 06:00:00,0.001,cropcanht,m
2016,127,0,66,2016-05-06 06:00:00,0.001,cropcanht,m
2016,128,1,67,2016-05-07 06:00:00,0.001,cropcanht,m
2016,129,1,68,2016-05-08 06:00:00,0.001,cropcanht,m
2016,130,2,69,2016-05-09 06:00:00,0.001,cropcanht,m
2016,131,3,70,2016-05-10 06:00:00,0.001,cropcanht,m
2016,132,4,71,2016-05-11 06:00:00,0.001,cropcanht,m
2016,133,5,72,2016-05-12 06:00:00,0.001,cropcanht,m
2016,134,6,73,2016-05-13 06:00:00,0.001,cropcanht,m
2016,135,7,74,2016-05-14 06:00:00,0.001,cropcanht,m
2016,136,8,75,2016-05-15 06:00:00,0.001,cropcanht,m
2016,137,9,76,2016-05-16 06:00:00,0.001,cropcanht,m
2016,138,10,77,2016-05-17 06:00:00,0.001,cropcanht,m
2016,139,11,78,2016-05-18 06:00:00,0.001,cropcanht,m
2016,140,12,79,2016-05-19 06:00:00,0.0143035455,cropcanht,m
2016,141,13,80,2016-05-20 06:00:00,0.08102914,cropcanht,m
2016,142,14,81,2016-05-21 06:00:00,0.083351105,cropcanht,m
2016,143,15,82,2016-05-22 06:00:00,0.08941605,cropcanht,m
2016,144,16,83,2016-05-23 06:00:00,0.09402093,cropcanht,m
2016,145,17,84,2016-05-24 06:00:00,0.099848606,cropcanht,m
2016,146,18,85,2016-05-25 06:00:00,0.10596139,cropcanht,m
2016,147,19,86,2016-05-26 06:00:00,0.11222432,cropcanht,m
2016,148,20,87,2016-05-27 06:00:00,0.12059623,cropcanht,m
2016,149,21,88,2016-05-28 06:00:00,0.1295024,cropcanht,m
2016,150,22,89,2016-05-29 06:00:00,0.13819242,cropcanht,m
2016,151,23,90,2016-05-30 06:00:00,0.14723912,cropcanht,m
2016,152,24,91,2016-05-31 06:00:00,0.15471578,cropcanht,m
2016,153,25,92,2016-06-01 06:00:00,0.16319627,cropcanht,m
2016,154,26,93,2016-06-02 06:00:00,0.17067917,cropcanht,m
2016,155,27,94,2016-06-03 06:00:00,0.17710127,cropcanht,m
2016,156,28,95,2016-06-04 06:00:00,0.18656726,cropcanht,m
2016,157,29,96,2016-06-05 06:00:00,0.19668625,cropcanht,m
2016,158,30,97,2016-06-06 06:00:00,0.20439471,cropcanht,m
2016,159,31,98,2016-06-07 06:00:00,0.2069065,cropcanht,m
2016,160,32,99,2016-06-08 06:00:00,0.21594091,cropcanht,m
2016,161,33,100,2016-06-09 06:00:00,0.22803712,cropcanht,m
2016,162,34,101,2016-06-10 06:00:00,0.2430215,cropcanht,m
2016,163,35,102,2016-06-11 06:00:00,0.2571637,cropcanht,m
2016,164,36,103,2016-06-12 06:00:00,0.2712806,cropcanht,m
2016,165,37,104,2016-06-13 06:00:00,0.2859536,cropcanht,m
2016,166,38,105,2016-06-14 06:00:00,0.3006903,cropcanht,m
2016,167,39,106,2016-06-15 06:00:00,0.31386676,cropcanht,m
2016,168,40,107,2016-06-16 06:00:00,0.32975996,cropcanht,m
2016,169,41,108,2016-06-17 06:00:00,0.34749267,cropcanht,m
2016,170,42,109,2016-06-18 06:00:00,0.3670387,cropcanht,m
2016,171,43,110,2016-06-19 06:00:00,0.38787317,cropcanht,m
2016,172,44,111,2016-06-20 06:00:00,0.409197,cropcanht,m
2016,173,45,112,2016-06-21 06:00:00,0.42998028,cropcanht,m
2016,174,46,113,2016-06-22 06:00:00,0.44777206,cropcanht,m
2016,175,47,114,2016-06-23 06:00:00,0.46308982,cropcanht,m
2016,176,48,115,2016-06-24 06:00:00,0.47964612,cropcanht,m
2016,177,49,116,2016-06-25 06:00:00,0.49886477,cropcanht,m
2016,178,50,117,2016-06-26 06:00:00,0.52074784,cropcanht,m
2016,179,51,118,2016-06-27 06:00:00,0.54346985,cropcanht,m
2016,180,52,119,2016-06-28 06:00:00,0.5676525,cropcanht,m
2016,181,53,120,2016-06-29 06:00:00,0.5920915,cropcanht,m
2016,182,54,121,2016-06-30 06:00:00,0.61737245,cropcanht,m
2016,183,55,122,2016-07-01 06:00:00,0.6378121,cropcanht,m
2016,184,56,123,2016-07-02 06:00:00,0.6579959,cropcanht,m
2016,185,57,124,2016-07-03 06:00:00,0.6804874,cropcanht,m
2016,186,58,125,2016-07-04 06:00:00,0.7051459,cropcanht,m
2016,187,59,126,2016-07-05 06:00:00,0.73016447,cropcanht,m
2016,188,60,127,2016-07-06 06:00:00,0.7556475,cropcanht,m
2016,189,61,128,2016-07-07 06:00:00,0.77764827,cropcanht,m
2016,190,62,129,2016-07-08 06:00:00,0.79760337,cropcanht,m
2016,191,63,130,2016-07-09 06:00:00,0.82339597,cropcanht,m
2016,192,64,131,2016-07-10 06:00:00,0.8478363,cropcanht,m
2016,193,65,132,2016-07-11 06:00:00,0.87302595,cropcanht,m
2016,194,66,133,2016-07-12 06:00:00,0.89883655,cropcanht,m
2016,195,67,134,2016-07-13 06:00:00,0.925359,cropcanht,m
2016,196,68,135,2016-07-14 06:00:00,0.9517072,cropcanht,m
2016,197,69,136,2016-07-15 06:00:00,0.9781118,cropcanht,m
2016,198,70,137,2016-07-16 06:00:00,1.0047623,cropcanht,m
2016,199,71,138,2016-07-17 06:00:00,1.0307587,cropcanht,m
2016,200,72,139,2016-07-18 06:00:00,1.0443577,cropcanht,m
2016,201,73,140,2016-07-19 06:00:00,1.0687679,cropcanht,m
2016,202,74,141,2016-07-20 06:00:00,1.091913,cropcanht,m
2016,203,75,142,2016-07-21 06:00:00,1.107318,cropcanht,m
2016,204,76,143,2016-07-22 06:00:00,1.1297026,cropcanht,m
2016,205,77,144,2016-07-23 06:00:00,1.1514703,cropcanht,m
2016,206,78,145,2016-07-24 06:00:00,1.1741151,cropcanht,m
2016,207,79,146,2016-07-25 06:00:00,1.199168,cropcanht,m
2016,208,80,147,2016-07-26 06:00:00,1.2248063,cropcanht,m
2016,209,81,148,2016-07-27 06:00:00,1.2502304,cropcanht,m
2016,210,82,149,2016-07-28 06:00:00,1.2756511,cropcanht,m
2016,211,83,150,2016-07-29 06:00:00,1.2992684,cropcanht,m
2016,212,84,151,2016-07-30 06:00:00,1.3231643,cropcanht,m
2016,213,85,152,2016-07-31 06:00:00,1.3461248,cropcanht,m
2016,214,86,153,2016-08-01 06:00:00,1.3692551,cropcanht,m
2016,215,87,154,2016-08-02 06:00:00,1.393445,cropcanht,m
2016,216,88,155,2016-08-03 06:00:00,1.408069,cropcanht,m
2016,217,89,156,2016-08-04 06:00:00,1.4329062,cropcanht,m
2016,218,90,157,2016-08-05 06:00:00,1.4568807,cropcanht,m
2016,219,91,158,2016-08-06 06:00:00,1.4801368,cropcanht,m
2016,220,92,159,2016-08-07 06:00:00,1.5047773,cropcanht,m
2016,221,93,160,2016-08-08 06:00:00,1.5317942,cropcanht,m
2016,222,94,161,2016-08-09 06:00:00,1.5568191,cropcanht,m
2016,223,95,162,2016-08-10 06:00:00,1.5780607,cropcanht,m
2016,224,96,163,2016-08-11 06:00:00,1.5974544,cropcanht,m
2016,225,97,164,2016-08-12 06:00:00,1.6181155,cropcanht,m
2016,226,98,165,2016-08-13 06:00:00,1.6422156,cropcanht,m
2016,227,99,166,2016-08-14 06:00:00,1.6663383,cropcanht,m
2016,228,100,167,2016-08-15 06:00:00,1.6922555,cropcanht,m
2016,229,101,168,2016-08-16 06:00:00,1.7176245,cropcanht,m
2016,230,102,169,2016-08-17 06:00:00,1.7372409,cropcanht,m
2016,231,103,170,2016-08-18 06:00:00,1.745565,cropcanht,m
2016,232,104,171,2016-08-19 06:00:00,1.7716182,cropcanht,m
2016,233,105,172,2016-08-20 06:00:00,1.7924911,cropcanht,m
2016,234,106,173,2016-08-21 06:00:00,1.816927,cropcanht,m
2016,235,107,174,2016-08-22 06:00:00,1.8347744,cropcanht,m
2016,236,108,175,2016-08-23 06:00:00,1.8393332,cropcanht,m
2016,237,109,176,2016-08-24 06:00:00,1.8583975,cropcanht,m
2016,238,110,177,2016-08-25 06:00:00,1.882598,cropcanht,m
2016,239,111,178,2016-08-26 06:00:00,1.9073328,cropcanht,m
2016,240,112,179,2016-08-27 06:00:00,1.9330955,cropcanht,m
2016,241,113,180,2016-08-28 06:00:00,1.9593152,cropcanht,m
2016,242,114,181,2016-08-29 06:00:00,1.9853773,cropcanht,m
2016,243,115,182,2016-08-30 06:00:00,2.011118,cropcanht,m
2016,244,116,183,2016-08-31 06:00:00,2.0353594,cropcanht,m
2016,245,117,184,2016-09-01 06:00:00,2.0495298,cropcanht,m
2016,246,118,185,2016-09-02 06:00:00,2.0570877,cropcanht,m
2016,247,119,186,2016-09-03 06:00:00,2.0804193,cropcanht,m
2016,248,120,187,2016-09-04 06:00:00,2.099024,cropcanht,m
2016,249,121,188,2016-09-05 06:00:00,2.1099741,cropcanht,m
2016,250,122,189,2016-09-06 06:00:00,2.1174595,cropcanht,m
2016,251,123,190,2016-09-07 06:00:00,2.1344974,cropcanht,m
2016,252,124,191,2016-09-08 06:00:00,2.147338,cropcanht,m
2016,253,125,192,2016-09-09 06:00:00,2.167793,cropcanht,m
2016,254,126,193,2016-09-10 06:00:00,2.1911163,cropcanht,m
2016,255,127,194,2016-09-11 06:00:00,2.213854,cropcanht,m
2016,256,128,195,2016-09-12 06:00:00,2.2352931,cropcanht,m
2016,257,129,196,2016-09-13 06:00:00,2.2567122,cropcanht,m
2016,258,130,197,2016-09-14 06:00:00,2.2779648,cropcanht,m
2016,259,131,198,2016-09-15 06:00:00,2.2973945,cropcanht,m
2016,260,132,199,2016-09-16 06:00:00,2.3124206,cropcanht,m
2016,261,133,200,2016-09-17 06:00:00,2.3359625,cropcanht,m
2016,262,134,201,2016-09-18 06:00:00,2.3550236,cropcanht,m
2016,263,135,202,2016-09-19 06:00:00,2.375185,cropcanht,m
2016,264,136,203,2016-09-20 06:00:00,2.3954856,cropcanht,m
2016,265,137,204,2016-09-21 06:00:00,2.4139664,cropcanht,m
2016,266,138,205,2016-09-22 06:00:00,2.4317727,cropcanht,m
2016,267,139,206,2016-09-23 06:00:00,2.4531076,cropcanht,m
2016,268,140,207,2016-09-24 06:00:00,2.4748452,cropcanht,m
2016,269,141,208,2016-09-25 06:00:00,2.4966197,cropcanht,m
2016,270,142,209,2016-09-26 06:00:00,2.516175,cropcanht,m
2016,271,143,210,2016-09-27 06:00:00,2.5291135,cropcanht,m
2016,272,144,211,2016-09-28 06:00:00,2.5501816,cropcanht,m
2016,273,145,212,2016-09-29 06:00:00,2.571594,cropcanht,m
2016,274,146,213,2016-09-30 06:00:00,2.592574,cropcanht,m
2016,275,147,214,2016-10-01 06:00:00,2.6139238,cropcanht,m
2016,276,148,215,2016-10-02 06:00:00,2.6335747,cropcanht,m
2016,277,149,216,2016-10-03 06:00:00,2.6516998,cropcanht,m
2016,278,150,217,2016-10-04 06:00:00,2.669793,cropcanht,m
2016,279,151,218,2016-10-05 06:00:00,2.6790838,cropcanht,m
2016,280,152,219,2016-10-06 06:00:00,2.69332,cropcanht,m
2016,281,153,220,2016-10-07 06:00:00,2.7106607,cropcanht,m
2016,282,154,221,2016-10-08 06:00:00,2.7235472,cropcanht,m
2016,283,155,222,2016-10-09 06:00:00,2.739377,cropcanht,m
2016,284,156,223,2016-10-10 06:00:00,2.7577684,cropcanht,m
2016,285,157,224,2016-10-11 06:00:00,2.7733393,cropcanht,m
2016,286,158,225,2016-10-12 06:00:00,2.7896082,cropcanht,m
2016,287,159,226,2016-10-13 06:00:00,2.8024004,cropcanht,m
2016,288,160,227,2016-10-14 06:00:00,2.812544,cropcanht,m
2016,289,161,228,2016-10-15 06:00:00,2.8228629,cropcanht,m
2016,290,162,229,2016-10-16 06:00:00,2.831414,cropcanht,m
2016,291,163,230,2016-10-17 06:00:00,2.8416443,cropcanht,m
2016,292,164,231,2016-10-18 06:00:00,2.1397827,cropcanht,m
2016,293,165,232,2016-10-19 06:00:00,0.001,cropcanht,m
2016,294,166,233,2016-10-20 06:00:00,0.001,cropcanht,m
2016,295,167,234,2016-10-21 06:00:00,0.001,cropcanht,m
2016,296,168,235,2016-10-22 06:00:00,0.001,cropcanht,m
2016,297,169,236,2016-10-23 06:00:00,0.001,cropcanht,m
2016,298,170,237,2016-10-24 06:00:00,0.001,cropcanht,m
2016,299,171,238,2016-10-25 06:00:00,0.001,cropcanht,m
2016,300,172,239,2016-10-26 06:00:00,0.001,cropcanht,m
2016,301,173,240,2016-10-27 06:00:00,0.001,cropcanht,m
2016,302,174,241,2016-10-28 06:00:00,0.001,cropcanht,m
2016,303,175,242,2016-10-29 06:00:00,0.001,cropcanht,m
2016,304,176,243,2016-10-30 06:00:00,0.001,cropcanht,m
2016,62,-65,1,2016-03-02 06:00:00,0.0009999998,croprootc,ton/ha
2016,63,-64,2,2016-03-03 06:00:00,0.0009999998,croprootc,ton/ha
2016,64,-63,3,2016-03-04 06:00:00,0.0009999998,croprootc,ton/ha
2016,65,-62,4,2016-03-05 06:00:00,0.0009999998,croprootc,ton/ha
2016,66,-61,5,2016-03-06 06:00:00,0.0009999998,croprootc,ton/ha
2016,67,-60,6,2016-03-07 06:00:00,0.0009999998,croprootc,ton/ha
2016,68,-59,7,2016-03-08 06:00:00,0.0009999998,croprootc,ton/ha
2016,69,-58,8,2016-03-09 06:00:00,0.0009999998,croprootc,ton/ha
2016,70,-57,9,2016-03-10 06:00:00,0.0009999998,croprootc,ton/ha
2016,71,-56,10,2016-03-11 06:00:00,0.0009999998,croprootc,ton/ha
2016,72,-55,11,2016-03-12 06:00:00,0.0009999998,croprootc,ton/ha
2016,73,-54,12,2016-03-13 06:00:00,0.0009999998,croprootc,ton/ha
2016,74,-53,13,2016-03-14 06:00:00,0.0009999998,croprootc,ton/ha
2016,75,-52,14,2016-03-15 06:00:00,0.0009999998,croprootc,ton/ha
2016,76,-51,15,2016-03-16 06:00:00,0.0009999998,croprootc,ton/ha
2016,77,-50,16,2016-03-17 06:00:00,0.0009999998,croprootc,ton/ha
2016,78,-49,17,2016-03-18 06:00:00,0.0009999998,croprootc,ton/ha
2016,79,-48,18,2016-03-19 06:00:00,0.0009999998,croprootc,ton/ha
2016,80,-47,19,2016-03-20 06:00:00,0.0009999998,croprootc,ton/ha
2016,81,-46,20,2016-03-21 06:00:00,0.0009999998,croprootc,ton/ha
2016,82,-45,21,2016-03-22 06:00:00,0.0009999998,croprootc,ton/ha
2016,83,-44,22,2016-03-23 06:00:00,0.0009999998,croprootc,ton/ha
2016,84,-43,23,2016-03-24 06:00:00,0.0009999998,croprootc,ton/ha
2016,85,-42,24,2016-03-25 06:00:00,0.0009999998,croprootc,ton/ha
2016,86,-41,25,2016-03-26 06:00:00,0.0009999998,croprootc,ton/ha
2016,87,-40,26,2016-03-27 06:00:00,0.0009999998,croprootc,ton/ha
2016,88,-39,27,2016-03-28 06:00:00,0.0009999998,croprootc,ton/ha
2016,89,-38,28,2016-03-29 06:00:00,0.0009999998,croprootc,ton/ha
2016,90,-37,29,2016-03-30 06:00:00,0.0009999998,croprootc,ton/ha
2016,91,-36,30,2016-03-31 06:00:00,0.0009999998,croprootc,ton/ha
2016,92,-35,31,2016-04-01 06:00:00,0.0009999998,croprootc,ton/ha
2016,93,-34,32,2016-04-02 06:00:00,0.0009999998,croprootc,ton/ha
2016,94,-33,33,2016-04-03 06:00:00,0.0009999998,croprootc,ton/ha
2016,95,-32,34,2016-04-04 06:00:00,0.0009999998,croprootc,ton/ha
2016,96,-31,35,2016-04-05 06:00:00,0.0009999998,croprootc,ton/ha
2016,97,-30,36,2016-04-06 06:00:00,0.0009999998,croprootc,ton/ha
2016,98,-29,37,2016-04-07 06:00:00,0.0009999998,croprootc,ton/ha
2016,99,-28,38,2016-04-08 06:00:00,0.0009999998,croprootc,ton/ha
2016,100,-27,39,2016-04-09 06:00:00,0.0009999998,croprootc,ton/ha
2016,101,-26,40,2016-04-10 06:00:00,0.0009999998,croprootc,ton/ha
2016,102,-25,41,2016-04-11 06:00:00,0.0009999998,croprootc,ton/ha
2016,103,-24,42,2016-04-12 06:00:00,0.0009999998,croprootc,ton/ha
2016,104,-23,43,2016-04-13 06:00:00,0.0009999998,croprootc,ton/ha
2016,105,-22,44,2016-04-14 06:00:00,0.0009999998,croprootc,ton/ha
2016,106,-21,45,2016-04-15 06:00:00,0.0009999998,croprootc,ton/ha
2016,107,-20,46,2016-04-16 06:00:00,0.0009999998,croprootc,ton/ha
2016,108,-19,47,2016-04-17 06:00:00,0.0009999998,croprootc,ton/ha
2016,109,-18,48,2016-04-18 06:00:00,0.0009999998,croprootc,ton/ha
2016,110,-17,49,2016-04-19 06:00:00,0.0009999998,croprootc,ton/ha
2016,111,-16,50,2016-04-20 06:00:00,0.0009999998,croprootc,ton/ha
2016,112,-15,51,2016-04-21 06:00:00,0.0009999998,croprootc,ton/ha
2016,113,-14,52,2016-04-22 06:00:00,0.0009999998,croprootc,ton/ha
2016,114,-13,53,2016-04-23 06:00:00,0.0009999998,croprootc,ton/ha
2016,115,-12,54,2016-04-24 06:00:00,0.0009999998,croprootc,ton/ha
2016,116,-11,55,2016-04-25 06:00:00,0.0009999998,croprootc,ton/ha
2016,117,-10,56,2016-04-26 06:00:00,0.0009999998,croprootc,ton/ha
2016,118,-9,57,2016-04-27 06:00:00,0.0009999998,croprootc,ton/ha
2016,119,-8,58,2016-04-28 06:00:00,0.0009999998,croprootc,ton/ha
2016,120,-7,59,2016-04-29 06:00:00,0.0009999998,croprootc,ton/ha
2016,121,-6,60,2016-04-30 06:00:00,0.0009999998,croprootc,ton/ha
2016,122,-5,61,2016-05-01 06:00:00,0.0009999998,croprootc,ton/ha
2016,123,-4,62,2016-05-02 06:00:00,0.0009999998,croprootc,ton/ha
2016,124,-3,63,2016-05-03 06:00:00,0.0009999998,croprootc,ton/ha
2016,125,-2,64,2016-05-04 06:00:00,0.0009999998,croprootc,ton/ha
2016,126,-1,65,2016-05-05 06:00:00,0.0009999998,croprootc,ton/ha
2016,127,0,66,2016-05-06 06:00:00,0.0009999998,croprootc,ton/ha
2016,128,1,67,2016-05-07 06:00:00,0.0009999998,croprootc,ton/ha
2016,129,1,68,2016-05-08 06:00:00,0.0009999998,croprootc,ton/ha
2016,130,2,69,2016-05-09 06:00:00,0.0009999998,croprootc,ton/ha
2016,131,3,70,2016-05-10 06:00:00,0.0009999998,croprootc,ton/ha
2016,132,4,71,2016-05-11 06:00:00,0.0009999998,croprootc,ton/ha
2016,133,5,72,2016-05-12 06:00:00,0.0009999998,croprootc,ton/ha
2016,134,6,73,2016-05-13 06:00:00,0.0009999998,croprootc,ton/ha
2016,135,7,74,2016-05-14 06:00:00,0.0009999998,croprootc,ton/ha
2016,136,8,75,2016-05-15 06:00:00,0.0009999998,croprootc,ton/ha
2016,137,9,76,2016-05-16 06:00:00,0.0009999998,croprootc,ton/ha
2016,138,10,77,2016-05-17 06:00:00,0.0009999998,croprootc,ton/ha
2016,139,11,78,2016-05-18 06:00:00,0.0009999998,croprootc,ton/ha
2016,140,12,79,2016-05-19 06:00:00,0.0010359063,croprootc,ton/ha
2016,141,13,80,2016-05-20 06:00:00,0.001216918,croprootc,ton/ha
2016,142,14,81,2016-05-21 06:00:00,0.0012337933,croprootc,ton/ha
2016,143,15,82,2016-05-22 06:00:00,0.0012808633,croprootc,ton/ha
2016,144,16,83,2016-05-23 06:00:00,0.0013198446,croprootc,ton/ha
2016,145,17,84,2016-05-24 06:00:00,0.0013731805,croprootc,ton/ha
2016,146,18,85,2016-05-25 06:00:00,0.0014338938,croprootc,ton/ha
2016,147,19,86,2016-05-26 06:00:00,0.0015013741,croprootc,ton/ha
2016,148,20,87,2016-05-27 06:00:00,0.0015999721,croprootc,ton/ha
2016,149,21,88,2016-05-28 06:00:00,0.0017157827,croprootc,ton/ha
2016,150,22,89,2016-05-29 06:00:00,0.0018400466,croprootc,ton/ha
2016,151,23,90,2016-05-30 06:00:00,0.001981459,croprootc,ton/ha
2016,152,24,91,2016-05-31 06:00:00,0.0021080987,croprootc,ton/ha
2016,153,25,92,2016-06-01 06:00:00,0.0022625192,croprootc,ton/ha
2016,154,26,93,2016-06-02 06:00:00,0.00240858,croprootc,ton/ha
2016,155,27,94,2016-06-03 06:00:00,0.0025417442,croprootc,ton/ha
2016,156,28,95,2016-06-04 06:00:00,0.0027508792,croprootc,ton/ha
2016,157,29,96,2016-06-05 06:00:00,0.0029914458,croprootc,ton/ha
2016,158,30,97,2016-06-06 06:00:00,0.0031869381,croprootc,ton/ha
2016,159,31,98,2016-06-07 06:00:00,0.003253535,croprootc,ton/ha
2016,160,32,99,2016-06-08 06:00:00,0.0035025505,croprootc,ton/ha
2016,161,33,100,2016-06-09 06:00:00,0.003859551,croprootc,ton/ha
2016,162,34,101,2016-06-10 06:00:00,0.0043385485,croprootc,ton/ha
2016,163,35,102,2016-06-11 06:00:00,0.0048289252,croprootc,ton/ha
2016,164,36,103,2016-06-12 06:00:00,0.0053565507,croprootc,ton/ha
2016,165,37,104,2016-06-13 06:00:00,0.00594574,croprootc,ton/ha
2016,166,38,105,2016-06-14 06:00:00,0.0065798075,croprootc,ton/ha
2016,167,39,106,2016-06-15 06:00:00,0.0071841367,croprootc,ton/ha
2016,168,40,107,2016-06-16 06:00:00,0.0079609165,croprootc,ton/ha
2016,169,41,108,2016-06-17 06:00:00,0.008891413,croprootc,ton/ha
2016,170,42,109,2016-06-18 06:00:00,0.00999729,croprootc,ton/ha
2016,171,43,110,2016-06-19 06:00:00,0.011270895,croprootc,ton/ha
2016,172,44,111,2016-06-20 06:00:00,0.012677569,croprootc,ton/ha
2016,173,45,112,2016-06-21 06:00:00,0.014150828,croprootc,ton/ha
2016,174,46,113,2016-06-22 06:00:00,0.015493845,croprootc,ton/ha
2016,175,47,114,2016-06-23 06:00:00,0.016712084,croprootc,ton/ha
2016,176,48,115,2016-06-24 06:00:00,0.018095726,croprootc,ton/ha
2016,177,49,116,2016-06-25 06:00:00,0.019789191,croprootc,ton/ha
2016,178,50,117,2016-06-26 06:00:00,0.021831838,croprootc,ton/ha
2016,179,51,118,2016-06-27 06:00:00,0.024085745,croprootc,ton/ha
2016,180,52,119,2016-06-28 06:00:00,0.026635034,croprootc,ton/ha
2016,181,53,120,2016-06-29 06:00:00,0.029371243,croprootc,ton/ha
2016,182,54,121,2016-06-30 06:00:00,0.032373447,croprootc,ton/ha
2016,183,55,122,2016-07-01 06:00:00,0.034936108,croprootc,ton/ha
2016,184,56,123,2016-07-02 06:00:00,0.037589606,croprootc,ton/ha
2016,185,57,124,2016-07-03 06:00:00,0.040690623,croprootc,ton/ha
2016,186,58,125,2016-07-04 06:00:00,0.044267528,croprootc,ton/ha
2016,187,59,126,2016-07-05 06:00:00,0.048090275,croprootc,ton/ha
2016,188,60,127,2016-07-06 06:00:00,0.05218569,croprootc,ton/ha
2016,189,61,128,2016-07-07 06:00:00,0.055891633,croprootc,ton/ha
2016,190,62,129,2016-07-08 06:00:00,0.05939746,croprootc,ton/ha
2016,191,63,130,2016-07-09 06:00:00,0.064114034,croprootc,ton/ha
2016,192,64,131,2016-07-10 06:00:00,0.06877996,croprootc,ton/ha
2016,193,65,132,2016-07-11 06:00:00,0.07379623,croprootc,ton/ha
2016,194,66,133,2016-07-12 06:00:00,0.07916731,croprootc,ton/ha
2016,195,67,134,2016-07-13 06:00:00,0.08493825,croprootc,ton/ha
2016,196,68,135,2016-07-14 06:00:00,0.09092908,croprootc,ton/ha
2016,197,69,136,2016-07-15 06:00:00,0.09719321,croprootc,ton/ha
2016,198,70,137,2016-07-16 06:00:00,0.10378654,croprootc,ton/ha
2016,199,71,138,2016-07-17 06:00:00,0.11048347,croprootc,ton/ha
2016,200,72,139,2016-07-18 06:00:00,0.114099264,croprootc,ton/ha
2016,201,73,140,2016-07-19 06:00:00,0.12075335,croprootc,ton/ha
2016,202,74,141,2016-07-20 06:00:00,0.12726094,croprootc,ton/ha
2016,203,75,142,2016-07-21 06:00:00,0.13170768,croprootc,ton/ha
2016,204,76,143,2016-07-22 06:00:00,0.13832894,croprootc,ton/ha
2016,205,77,144,2016-07-23 06:00:00,0.14495495,croprootc,ton/ha
2016,206,78,145,2016-07-24 06:00:00,0.15204383,croprootc,ton/ha
2016,207,79,146,2016-07-25 06:00:00,0.16013034,croprootc,ton/ha
2016,208,80,147,2016-07-26 06:00:00,0.16868277,croprootc,ton/ha
2016,209,81,148,2016-07-27 06:00:00,0.17744704,croprootc,ton/ha
2016,210,82,149,2016-07-28 06:00:00,0.18650079,croprootc,ton/ha
2016,211,83,150,2016-07-29 06:00:00,0.19517677,croprootc,ton/ha
2016,212,84,151,2016-07-30 06:00:00,0.20420125,croprootc,ton/ha
2016,213,85,152,2016-07-31 06:00:00,0.21311091,croprootc,ton/ha
2016,214,86,153,2016-08-01 06:00:00,0.22233485,croprootc,ton/ha
2016,215,87,154,2016-08-02 06:00:00,0.23224592,croprootc,ton/ha
2016,216,88,155,2016-08-03 06:00:00,0.23838519,croprootc,ton/ha
2016,217,89,156,2016-08-04 06:00:00,0.24904369,croprootc,ton/ha
2016,218,90,157,2016-08-05 06:00:00,0.25961047,croprootc,ton/ha
2016,219,91,158,2016-08-06 06:00:00,0.2701351,croprootc,ton/ha
2016,220,92,159,2016-08-07 06:00:00,0.28159413,croprootc,ton/ha
2016,221,93,160,2016-08-08 06:00:00,0.294525,croprootc,ton/ha
2016,222,94,161,2016-08-09 06:00:00,0.30684945,croprootc,ton/ha
2016,223,95,162,2016-08-10 06:00:00,0.31757224,croprootc,ton/ha
2016,224,96,163,2016-08-11 06:00:00,0.32757556,croprootc,ton/ha
2016,225,97,164,2016-08-12 06:00:00,0.33844468,croprootc,ton/ha
2016,226,98,165,2016-08-13 06:00:00,0.3513816,croprootc,ton/ha
2016,227,99,166,2016-08-14 06:00:00,0.36462158,croprootc,ton/ha
2016,228,100,167,2016-08-15 06:00:00,0.37918502,croprootc,ton/ha
2016,229,101,168,2016-08-16 06:00:00,0.39379805,croprootc,ton/ha
2016,230,102,169,2016-08-17 06:00:00,0.4053474,croprootc,ton/ha
2016,231,103,170,2016-08-18 06:00:00,0.41033253,croprootc,ton/ha
2016,232,104,171,2016-08-19 06:00:00,0.42619157,croprootc,ton/ha
2016,233,105,172,2016-08-20 06:00:00,0.43918046,croprootc,ton/ha
2016,234,106,173,2016-08-21 06:00:00,0.45471382,croprootc,ton/ha
2016,235,107,174,2016-08-22 06:00:00,0.46629634,croprootc,ton/ha
2016,236,108,175,2016-08-23 06:00:00,0.46929032,croprootc,ton/ha
2016,237,109,176,2016-08-24 06:00:00,0.48191953,croprootc,ton/ha
2016,238,110,177,2016-08-25 06:00:00,0.49823582,croprootc,ton/ha
2016,239,111,178,2016-08-26 06:00:00,0.51525843,croprootc,ton/ha
2016,240,112,179,2016-08-27 06:00:00,0.53337526,croprootc,ton/ha
2016,241,113,180,2016-08-28 06:00:00,0.55222046,croprootc,ton/ha
2016,242,114,181,2016-08-29 06:00:00,0.57137173,croprootc,ton/ha
2016,243,115,182,2016-08-30 06:00:00,0.59071374,croprootc,ton/ha
2016,244,116,183,2016-08-31 06:00:00,0.6093286,croprootc,ton/ha
2016,245,117,184,2016-09-01 06:00:00,0.6204002,croprootc,ton/ha
2016,246,118,185,2016-09-02 06:00:00,0.62637573,croprootc,ton/ha
2016,247,119,186,2016-09-03 06:00:00,0.6450537,croprootc,ton/ha
2016,248,120,187,2016-09-04 06:00:00,0.6602192,croprootc,ton/ha
2016,249,121,188,2016-09-05 06:00:00,0.6692683,croprootc,ton/ha
2016,250,122,189,2016-09-06 06:00:00,0.67551917,croprootc,ton/ha
2016,251,123,190,2016-09-07 06:00:00,0.689911,croprootc,ton/ha
2016,252,124,191,2016-09-08 06:00:00,0.70090806,croprootc,ton/ha
2016,253,125,192,2016-09-09 06:00:00,0.71865565,croprootc,ton/ha
2016,254,126,193,2016-09-10 06:00:00,0.7392261,croprootc,ton/ha
2016,255,127,194,2016-09-11 06:00:00,0.7596339,croprootc,ton/ha
2016,256,128,195,2016-09-12 06:00:00,0.779224,croprootc,ton/ha
2016,257,129,196,2016-09-13 06:00:00,0.7991526,croprootc,ton/ha
2016,258,130,197,2016-09-14 06:00:00,0.8192933,croprootc,ton/ha
2016,259,131,198,2016-09-15 06:00:00,0.83804435,croprootc,ton/ha
2016,260,132,199,2016-09-16 06:00:00,0.8527812,croprootc,ton/ha
2016,261,133,200,2016-09-17 06:00:00,0.8762157,croprootc,ton/ha
2016,262,134,201,2016-09-18 06:00:00,0.8955058,croprootc,ton/ha
2016,263,135,202,2016-09-19 06:00:00,0.91623634,croprootc,ton/ha
2016,264,136,203,2016-09-20 06:00:00,0.93746835,croprootc,ton/ha
2016,265,137,204,2016-09-21 06:00:00,0.95710933,croprootc,ton/ha
2016,266,138,205,2016-09-22 06:00:00,0.9762951,croprootc,ton/ha
2016,267,139,206,2016-09-23 06:00:00,0.9996003,croprootc,ton/ha
2016,268,140,207,2016-09-24 06:00:00,1.0237195,croprootc,ton/ha
2016,269,141,208,2016-09-25 06:00:00,1.0482843,croprootc,ton/ha
2016,270,142,209,2016-09-26 06:00:00,1.0706851,croprootc,ton/ha
2016,271,143,210,2016-09-27 06:00:00,1.0856882,croprootc,ton/ha
2016,272,144,211,2016-09-28 06:00:00,1.1104168,croprootc,ton/ha
2016,273,145,212,2016-09-29 06:00:00,1.135921,croprootc,ton/ha
2016,274,146,213,2016-09-30 06:00:00,1.1613035,croprootc,ton/ha
2016,275,147,214,2016-10-01 06:00:00,1.1875337,croprootc,ton/ha
2016,276,148,215,2016-10-02 06:00:00,1.2120166,croprootc,ton/ha
2016,277,149,216,2016-10-03 06:00:00,1.2348982,croprootc,ton/ha
2016,278,150,217,2016-10-04 06:00:00,1.2580388,croprootc,ton/ha
2016,279,151,218,2016-10-05 06:00:00,1.270044,croprootc,ton/ha
2016,280,152,219,2016-10-06 06:00:00,1.288615,croprootc,ton/ha
2016,281,153,220,2016-10-07 06:00:00,1.3114941,croprootc,ton/ha
2016,282,154,221,2016-10-08 06:00:00,1.3286834,croprootc,ton/ha
2016,283,155,222,2016-10-09 06:00:00,1.350018,croprootc,ton/ha
2016,284,156,223,2016-10-10 06:00:00,1.3751125,croprootc,ton/ha
2016,285,157,224,2016-10-11 06:00:00,1.3966321,croprootc,ton/ha
2016,286,158,225,2016-10-12 06:00:00,1.4193822,croprootc,ton/ha
2016,287,159,226,2016-10-13 06:00:00,1.437478,croprootc,ton/ha
2016,288,160,227,2016-10-14 06:00:00,1.4519895,croprootc,ton/ha
2016,289,161,228,2016-10-15 06:00:00,1.4669008,croprootc,ton/ha
2016,290,162,229,2016-10-16 06:00:00,1.4793746,croprootc,ton/ha
2016,291,163,230,2016-10-17 06:00:00,1.4944441,croprootc,ton/ha
2016,292,164,231,2016-10-18 06:00:00,1.1334368,croprootc,ton/ha
2016,293,165,232,2016-10-19 06:00:00,0.0009999998,croprootc,ton/ha
2016,294,166,233,2016-10-20 06:00:00,0.0009999998,croprootc,ton/ha
2016,295,167,234,2016-10-21 06:00:00,0.0009999998,croprootc,ton/ha
2016,296,168,235,2016-10-22 06:00:00,0.0009999998,croprootc,ton/ha
2016,297,169,236,2016-10-23 06:00:00,0.0009999998,croprootc,ton/ha
2016,298,170,237,2016-10-24 06:00:00,0.0009999998,croprootc,ton/ha
2016,299,171,238,2016-10-25 06:00:00,0.0009999998,croprootc,ton/ha
2016,300,172,239,2016-10-26 06:00:00,0.0009999998,croprootc,ton/ha
2016,301,173,240,2016-10-27 06:00:00,0.0009999998,croprootc,ton/ha
2016,302,174,241,2016-10-28 06:00:00,0.0009999998,croprootc,ton/ha
2016,303,175,242,2016-10-29 06:00:00,0.0009999998,croprootc,ton/ha
2016,304,176,243,2016-10-30 06:00:00,0.0009999998,croprootc,ton/ha
2016,62,-65,1,2016-03-02 06:00:00,5.602621e-08,cropstemc,ton/ha
2016,63,-64,2,2016-03-03 06:00:00,5.602621e-08,cropstemc,ton/ha
2016,64,-63,3,2016-03-04 06:00:00,5.602621e-08,cropstemc,ton/ha
2016,65,-62,4,2016-03-05 06:00:00,5.602621e-08,cropstemc,ton/ha
2016,66,-61,5,2016-03-06 06:00:00,5.602621e-08,cropstemc,ton/ha
2016,67,-60,6,2016-03-07 06:00:00,5.602621e-08,cropstemc,ton/ha
2016,68,-59,7,2016-03-08 06:00:00,5.602621e-08,cropstemc,ton/ha
2016,69,-58,8,2016-03-09 06:00:00,5.602621e-08,cropstemc,ton/ha
2016,70,-57,9,2016-03-10 06:00:00,5.602621e-08,cropstemc,ton/ha
2016,71,-56,10,2016-03-11 06:00:00,5.602621e-08,cropstemc,ton/ha
2016,72,-55,11,2016-03-12 06:00:00,5.602621e-08,cropstemc,ton/ha
2016,73,-54,12,2016-03-13 06:00:00,5.602621e-08,cropstemc,ton/ha
2016,74,-53,13,2016-03-14 06:00:00,5.602621e-08,cropstemc,ton/ha
2016,75,-52,14,2016-03-15 06:00:00,5.602621e-08,cropstemc,ton/ha
2016,76,-51,15,2016-03-16 06:00:00,5.602621e-08,cropstemc,ton/ha
2016,77,-50,16,2016-03-17 06:00:00,5.602621e-08,cropstemc,ton/ha
2016,78,-49,17,2016-03-18 06:00:00,5.602621e-08,cropstemc,ton/ha
2016,79,-48,18,2016-03-19 06:00:00,5.602621e-08,cropstemc,ton/ha
2016,80,-47,19,2016-03-20 06:00:00,5.602621e-08,cropstemc,ton/ha
2016,81,-46,20,2016-03-21 06:00:00,5.602621e-08,cropstemc,ton/ha
2016,82,-45,21,2016-03-22 06:00:00,5.602621e-08,cropstemc,ton/ha
2016,83,-44,22,2016-03-23 06:00:00,5.602621e-08,cropstemc,ton/ha
2016,84,-43,23,2016-03-24 06:00:00,5.602621e-08,cropstemc,ton/ha
2016,85,-42,24,2016-03-25 06:00:00,5.602621e-08,cropstemc,ton/ha
2016,86,-41,25,2016-03-26 06:00:00,5.602621e-08,cropstemc,ton/ha
2016,87,-40,26,2016-03-27 06:00:00,5.602621e-08,cropstemc,ton/ha
2016,88,-39,27,2016-03-28 06:00:00,5.602621e-08,cropstemc,ton/ha
2016,89,-38,28,2016-03-29 06:00:00,5.602621e-08,cropstemc,ton/ha
2016,90,-37,29,2016-03-30 06:00:00,5.602621e-08,cropstemc,ton/ha
2016,91,-36,30,2016-03-31 06:00:00,5.602621e-08,cropstemc,ton/ha
2016,92,-35,31,2016-04-01 06:00:00,5.602621e-08,cropstemc,ton/ha
2016,93,-34,32,2016-04-02 06:00:00,5.602621e-08,cropstemc,ton/ha
2016,94,-33,33,2016-04-03 06:00:00,5.602621e-08,cropstemc,ton/ha
2016,95,-32,34,2016-04-04 06:00:00,5.602621e-08,cropstemc,ton/ha
2016,96,-31,35,2016-04-05 06:00:00,5.602621e-08,cropstemc,ton/ha
2016,97,-30,36,2016-04-06 06:00:00,5.602621e-08,cropstemc,ton/ha
2016,98,-29,37,2016-04-07 06:00:00,5.602621e-08,cropstemc,ton/ha
2016,99,-28,38,2016-04-08 06:00:00,5.602621e-08,cropstemc,ton/ha
2016,100,-27,39,2016-04-09 06:00:00,5.602621e-08,cropstemc,ton/ha
2016,101,-26,40,2016-04-10 06:00:00,5.602621e-08,cropstemc,ton/ha
2016,102,-25,41,2016-04-11 06:00:00,5.602621e-08,cropstemc,ton/ha
2016,103,-24,42,2016-04-12 06:00:00,5.602621e-08,cropstemc,ton/ha
2016,104,-23,43,2016-04-13 06:00:00,5.602621e-08,cropstemc,ton/ha
2016,105,-22,44,2016-04-14 06:00:00,5.602621e-08,cropstemc,ton/ha
2016,106,-21,45,2016-04-15 06:00:00,5.602621e-08,cropstemc,ton/ha
2016,107,-20,46,2016-04-16 06:00:00,5.602621e-08,cropstemc,ton/ha
2016,108,-19,47,2016-04-17 06:00:00,5.602621e-08,cropstemc,ton/ha
2016,109,-18,48,2016-04-18 06:00:00,5.602621e-08,cropstemc,ton/ha
2016,110,-17,49,2016-04-19 06:00:00,5.602621e-08,cropstemc,ton/ha
2016,111,-16,50,2016-04-20 06:00:00,5.602621e-08,cropstemc,ton/ha
2016,112,-15,51,2016-04-21 06:00:00,5.602621e-08,cropstemc,ton/ha
2016,113,-14,52,2016-04-22 06:00:00,5.602621e-08,cropstemc,ton/ha
2016,114,-13,53,2016-04-23 06:00:00,5.602621e-08,cropstemc,ton/ha
2016,115,-12,54,2016-04-24 06:00:00,5.602621e-08,cropstemc,ton/ha
2016,116,-11,55,2016-04-25 06:00:00,5.602621e-08,cropstemc,ton/ha
2016,117,-10,56,2016-04-26 06:00:00,5.602621e-08,cropstemc,ton/ha
2016,118,-9,57,2016-04-27 06:00:00,5.602621e-08,cropstemc,ton/ha
2016,119,-8,58,2016-04-28 06:00:00,5.602621e-08,cropstemc,ton/ha
2016,120,-7,59,2016-04-29 06:00:00,5.602621e-08,cropstemc,ton/ha
2016,121,-6,60,2016-04-30 06:00:00,5.602621e-08,cropstemc,ton/ha
2016,122,-5,61,2016-05-01 06:00:00,5.602621e-08,cropstemc,ton/ha
2016,123,-4,62,2016-05-02 06:00:00,5.602621e-08,cropstemc,ton/ha
2016,124,-3,63,2016-05-03 06:00:00,5.602621e-08,cropstemc,ton/ha
2016,125,-2,64,2016-05-04 06:00:00,5.602621e-08,cropstemc,ton/ha
2016,126,-1,65,2016-05-05 06:00:00,5.602621e-08,cropstemc,ton/ha
2016,127,0,66,2016-05-06 06:00:00,5.602621e-08,cropstemc,ton/ha
2016,128,1,67,2016-05-07 06:00:00,5.602621e-08,cropstemc,ton/ha
2016,129,1,68,2016-05-08 06:00:00,5.602621e-08,cropstemc,ton/ha
2016,130,2,69,2016-05-09 06:00:00,5.602621e-08,cropstemc,ton/ha
2016,131,3,70,2016-05-10 06:00:00,5.602621e-08,cropstemc,ton/ha
2016,132,4,71,2016-05-11 06:00:00,5.602621e-08,cropstemc,ton/ha
2016,133,5,72,2016-05-12 06:00:00,5.602621e-08,cropstemc,ton/ha
2016,134,6,73,2016-05-13 06:00:00,5.602621e-08,cropstemc,ton/ha
2016,135,7,74,2016-05-14 06:00:00,5.602621e-08,cropstemc,ton/ha
2016,136,8,75,2016-05-15 06:00:00,5.602621e-08,cropstemc,ton/ha
2016,137,9,76,2016-05-16 06:00:00,5.602621e-08,cropstemc,ton/ha
2016,138,10,77,2016-05-17 06:00:00,5.602621e-08,cropstemc,ton/ha
2016,139,11,78,2016-05-18 06:00:00,5.602621e-08,cropstemc,ton/ha
2016,140,12,79,2016-05-19 06:00:00,0.00025493288,cropstemc,ton/ha
2016,141,13,80,2016-05-20 06:00:00,0.0015385459,cropstemc,ton/ha
2016,142,14,81,2016-05-21 06:00:00,0.0016435089,cropstemc,ton/ha
2016,143,15,82,2016-05-22 06:00:00,0.0019348,cropstemc,ton/ha
2016,144,16,83,2016-05-23 06:00:00,0.0021746436,cropstemc,ton/ha
2016,145,17,84,2016-05-24 06:00:00,0.00250106,cropstemc,ton/ha
2016,146,18,85,2016-05-25 06:00:00,0.0028716247,cropstemc,ton/ha
2016,147,19,86,2016-05-26 06:00:00,0.0032823419,cropstemc,ton/ha
2016,148,20,87,2016-05-27 06:00:00,0.003880155,cropstemc,ton/ha
2016,149,21,88,2016-05-28 06:00:00,0.0045791552,cropstemc,ton/ha
2016,150,22,89,2016-05-29 06:00:00,0.0053257165,cropstemc,ton/ha
2016,151,23,90,2016-05-30 06:00:00,0.0061712535,cropstemc,ton/ha
2016,152,24,91,2016-05-31 06:00:00,0.0069248956,cropstemc,ton/ha
2016,153,25,92,2016-06-01 06:00:00,0.0078394525,cropstemc,ton/ha
2016,154,26,93,2016-06-02 06:00:00,0.00870051,cropstemc,ton/ha
2016,155,27,94,2016-06-03 06:00:00,0.009481778,cropstemc,ton/ha
2016,156,28,95,2016-06-04 06:00:00,0.010702469,cropstemc,ton/ha
2016,157,29,96,2016-06-05 06:00:00,0.012100203,cropstemc,ton/ha
2016,158,30,97,2016-06-06 06:00:00,0.013230596,cropstemc,ton/ha
2016,159,31,98,2016-06-07 06:00:00,0.0136132585,cropstemc,ton/ha
2016,160,32,99,2016-06-08 06:00:00,0.015036933,cropstemc,ton/ha
2016,161,33,100,2016-06-09 06:00:00,0.017070314,cropstemc,ton/ha
2016,162,34,101,2016-06-10 06:00:00,0.019792153,cropstemc,ton/ha
2016,163,35,102,2016-06-11 06:00:00,0.022574093,cropstemc,ton/ha
2016,164,36,103,2016-06-12 06:00:00,0.025561294,cropstemc,ton/ha
2016,165,37,104,2016-06-13 06:00:00,0.02889204,cropstemc,ton/ha
2016,166,38,105,2016-06-14 06:00:00,0.032472055,cropstemc,ton/ha
2016,167,39,106,2016-06-15 06:00:00,0.035879295,cropstemc,ton/ha
2016,168,40,107,2016-06-16 06:00:00,0.04024778,cropstemc,ton/ha
2016,169,41,108,2016-06-17 06:00:00,0.045462266,cropstemc,ton/ha
2016,170,42,109,2016-06-18 06:00:00,0.05163253,cropstemc,ton/ha
2016,171,43,110,2016-06-19 06:00:00,0.05870581,cropstemc,ton/ha
2016,172,44,111,2016-06-20 06:00:00,0.06648482,cropstemc,ton/ha
2016,173,45,112,2016-06-21 06:00:00,0.07459951,cropstemc,ton/ha
2016,174,46,113,2016-06-22 06:00:00,0.081972994,cropstemc,ton/ha
2016,175,47,114,2016-06-23 06:00:00,0.088643424,cropstemc,ton/ha
2016,176,48,115,2016-06-24 06:00:00,0.096190766,cropstemc,ton/ha
2016,177,49,116,2016-06-25 06:00:00,0.10539525,cropstemc,ton/ha
2016,178,50,117,2016-06-26 06:00:00,0.11646084,cropstemc,ton/ha
2016,179,51,118,2016-06-27 06:00:00,0.1286226,cropstemc,ton/ha
2016,180,52,119,2016-06-28 06:00:00,0.14232592,cropstemc,ton/ha
2016,181,53,120,2016-06-29 06:00:00,0.15698451,cropstemc,ton/ha
2016,182,54,121,2016-06-30 06:00:00,0.17300764,cropstemc,ton/ha
2016,183,55,122,2016-07-01 06:00:00,0.1866202,cropstemc,ton/ha
2016,184,56,123,2016-07-02 06:00:00,0.20064549,cropstemc,ton/ha
2016,185,57,124,2016-07-03 06:00:00,0.21696001,cropstemc,ton/ha
2016,186,58,125,2016-07-04 06:00:00,0.23568353,cropstemc,ton/ha
2016,187,59,126,2016-07-05 06:00:00,0.2555889,cropstemc,ton/ha
2016,188,60,127,2016-07-06 06:00:00,0.27680868,cropstemc,ton/ha
2016,189,61,128,2016-07-07 06:00:00,0.29591003,cropstemc,ton/ha
2016,190,62,129,2016-07-08 06:00:00,0.31387818,cropstemc,ton/ha
2016,191,63,130,2016-07-09 06:00:00,0.33798698,cropstemc,ton/ha
2016,192,64,131,2016-07-10 06:00:00,0.36177817,cropstemc,ton/ha
2016,193,65,132,2016-07-11 06:00:00,0.38726833,cropstemc,ton/ha
2016,194,66,133,2016-07-12 06:00:00,0.41441816,cropstemc,ton/ha
2016,195,67,134,2016-07-13 06:00:00,0.44341338,cropstemc,ton/ha
2016,196,68,135,2016-07-14 06:00:00,0.47332984,cropstemc,ton/ha
2016,197,69,136,2016-07-15 06:00:00,0.504432,cropstemc,ton/ha
2016,198,70,137,2016-07-16 06:00:00,0.53697246,cropstemc,ton/ha
2016,199,71,138,2016-07-17 06:00:00,0.569819,cropstemc,ton/ha
2016,200,72,139,2016-07-18 06:00:00,0.5874695,cropstemc,ton/ha
2016,201,73,140,2016-07-19 06:00:00,0.61989594,cropstemc,ton/ha
2016,202,74,141,2016-07-20 06:00:00,0.6515529,cropstemc,ton/ha
2016,203,75,142,2016-07-21 06:00:00,0.67313933,cropstemc,ton/ha
2016,204,76,143,2016-07-22 06:00:00,0.7052076,cropstemc,ton/ha
2016,205,77,144,2016-07-23 06:00:00,0.73721325,cropstemc,ton/ha
2016,206,78,145,2016-07-24 06:00:00,0.77137345,cropstemc,ton/ha
2016,207,79,146,2016-07-25 06:00:00,0.8101947,cropstemc,ton/ha
2016,208,80,147,2016-07-26 06:00:00,0.85104823,cropstemc,ton/ha
2016,209,81,148,2016-07-27 06:00:00,0.89269704,cropstemc,ton/ha
2016,210,82,149,2016-07-28 06:00:00,0.9354753,cropstemc,ton/ha
2016,211,83,150,2016-07-29 06:00:00,0.97624785,cropstemc,ton/ha
2016,212,84,151,2016-07-30 06:00:00,1.0185108,cropstemc,ton/ha
2016,213,85,152,2016-07-31 06:00:00,1.0600874,cropstemc,ton/ha
2016,214,86,153,2016-08-01 06:00:00,1.1029336,cropstemc,ton/ha
2016,215,87,154,2016-08-02 06:00:00,1.1487625,cropstemc,ton/ha
2016,216,88,155,2016-08-03 06:00:00,1.1770108,cropstemc,ton/ha
2016,217,89,156,2016-08-04 06:00:00,1.2258567,cropstemc,ton/ha
2016,218,90,157,2016-08-05 06:00:00,1.2740834,cropstemc,ton/ha
2016,219,91,158,2016-08-06 06:00:00,1.3218837,cropstemc,ton/ha
2016,220,92,159,2016-08-07 06:00:00,1.37363,cropstemc,ton/ha
2016,221,93,160,2016-08-08 06:00:00,1.4316636,cropstemc,ton/ha
2016,222,94,161,2016-08-09 06:00:00,1.4866387,cropstemc,ton/ha
2016,223,95,162,2016-08-10 06:00:00,1.5342336,cropstemc,ton/ha
2016,224,96,163,2016-08-11 06:00:00,1.5784433,cropstemc,ton/ha
2016,225,97,164,2016-08-12 06:00:00,1.6263336,cropstemc,ton/ha
2016,226,98,165,2016-08-13 06:00:00,1.6832216,cropstemc,ton/ha
2016,227,99,166,2016-08-14 06:00:00,1.7412847,cropstemc,ton/ha
2016,228,100,167,2016-08-15 06:00:00,1.804918,cropstemc,ton/ha
2016,229,101,168,2016-08-16 06:00:00,1.8684577,cropstemc,ton/ha
2016,230,102,169,2016-08-17 06:00:00,1.9184453,cropstemc,ton/ha
2016,231,103,170,2016-08-18 06:00:00,1.9399171,cropstemc,ton/ha
2016,232,104,171,2016-08-19 06:00:00,2.007906,cropstemc,ton/ha
2016,233,105,172,2016-08-20 06:00:00,2.0633597,cropstemc,ton/ha
2016,234,106,173,2016-08-21 06:00:00,2.129355,cropstemc,ton/ha
2016,235,107,174,2016-08-22 06:00:00,2.1783037,cropstemc,ton/ha
2016,236,108,175,2016-08-23 06:00:00,2.1909232,cropstemc,ton/ha
2016,237,109,176,2016-08-24 06:00:00,2.2441053,cropstemc,ton/ha
2016,238,110,177,2016-08-25 06:00:00,2.3126564,cropstemc,ton/ha
2016,239,111,178,2016-08-26 06:00:00,2.3839345,cropstemc,ton/ha
2016,240,112,179,2016-08-27 06:00:00,2.4594908,cropstemc,ton/ha
2016,241,113,180,2016-08-28 06:00:00,2.537769,cropstemc,ton/ha
2016,242,114,181,2016-08-29 06:00:00,2.6169648,cropstemc,ton/ha
2016,243,115,182,2016-08-30 06:00:00,2.6965477,cropstemc,ton/ha
2016,244,116,183,2016-08-31 06:00:00,2.772722,cropstemc,ton/ha
2016,245,117,184,2016-09-01 06:00:00,2.8178163,cropstemc,ton/ha
2016,246,118,185,2016-09-02 06:00:00,2.8420625,cropstemc,ton/ha
2016,247,119,186,2016-09-03 06:00:00,2.9175797,cropstemc,ton/ha
2016,248,120,187,2016-09-04 06:00:00,2.9786098,cropstemc,ton/ha
2016,249,121,188,2016-09-05 06:00:00,3.014867,cropstemc,ton/ha
2016,250,122,189,2016-09-06 06:00:00,3.0398092,cropstemc,ton/ha
2016,251,123,190,2016-09-07 06:00:00,3.0969884,cropstemc,ton/ha
2016,252,124,191,2016-09-08 06:00:00,3.1404998,cropstemc,ton/ha
2016,253,125,192,2016-09-09 06:00:00,3.2105138,cropstemc,ton/ha
2016,254,126,193,2016-09-10 06:00:00,3.291421,cropstemc,ton/ha
2016,255,127,194,2016-09-11 06:00:00,3.371397,cropstemc,ton/ha
2016,256,128,195,2016-09-12 06:00:00,3.4478068,cropstemc,ton/ha
2016,257,129,196,2016-09-13 06:00:00,3.5251274,cropstemc,ton/ha
2016,258,130,197,2016-09-14 06:00:00,3.602816,cropstemc,ton/ha
2016,259,131,198,2016-09-15 06:00:00,3.6746752,cropstemc,ton/ha
2016,260,132,199,2016-09-16 06:00:00,3.730823,cropstemc,ton/ha
2016,261,133,200,2016-09-17 06:00:00,3.8197424,cropstemc,ton/ha
2016,262,134,201,2016-09-18 06:00:00,3.8926241,cropstemc,ton/ha
2016,263,135,202,2016-09-19 06:00:00,3.9705596,cropstemc,ton/ha
2016,264,136,203,2016-09-20 06:00:00,4.0499268,cropstemc,ton/ha
2016,265,137,204,2016-09-21 06:00:00,4.1229596,cropstemc,ton/ha
2016,266,138,205,2016-09-22 06:00:00,4.1940365,cropstemc,ton/ha
2016,267,139,206,2016-09-23 06:00:00,4.2801123,cropstemc,ton/ha
2016,268,140,207,2016-09-24 06:00:00,4.3688316,cropstemc,ton/ha
2016,269,141,208,2016-09-25 06:00:00,4.4587398,cropstemc,ton/ha
2016,270,142,209,2016-09-26 06:00:00,4.540368,cropstemc,ton/ha
2016,271,143,210,2016-09-27 06:00:00,4.594862,cropstemc,ton/ha
2016,272,144,211,2016-09-28 06:00:00,4.684366,cropstemc,ton/ha
2016,273,145,212,2016-09-29 06:00:00,4.7763457,cropstemc,ton/ha
2016,274,146,213,2016-09-30 06:00:00,4.8674564,cropstemc,ton/ha
2016,275,147,214,2016-10-01 06:00:00,4.9611855,cropstemc,ton/ha
2016,276,148,215,2016-10-02 06:00:00,5.048352,cropstemc,ton/ha
2016,277,149,216,2016-10-03 06:00:00,5.1295204,cropstemc,ton/ha
2016,278,150,217,2016-10-04 06:00:00,5.2112694,cropstemc,ton/ha
2016,279,151,218,2016-10-05 06:00:00,5.253544,cropstemc,ton/ha
2016,280,152,219,2016-10-06 06:00:00,5.318703,cropstemc,ton/ha
2016,281,153,220,2016-10-07 06:00:00,5.398677,cropstemc,ton/ha
2016,282,154,221,2016-10-08 06:00:00,5.458555,cropstemc,ton/ha
2016,283,155,222,2016-10-09 06:00:00,5.5326247,cropstemc,ton/ha
2016,284,156,223,2016-10-10 06:00:00,5.619383,cropstemc,ton/ha
2016,285,157,224,2016-10-11 06:00:00,5.693448,cropstemc,ton/ha
2016,286,158,225,2016-10-12 06:00:00,5.7714205,cropstemc,ton/ha
2016,287,159,226,2016-10-13 06:00:00,5.833147,cropstemc,ton/ha
2016,288,160,227,2016-10-14 06:00:00,5.8823724,cropstemc,ton/ha
2016,289,161,228,2016-10-15 06:00:00,5.9326787,cropstemc,ton/ha
2016,290,162,229,2016-10-16 06:00:00,5.9745626,cropstemc,ton/ha
2016,291,163,230,2016-10-17 06:00:00,6.0248814,cropstemc,ton/ha
2016,292,164,231,2016-10-18 06:00:00,4.559686,cropstemc,ton/ha
2016,293,165,232,2016-10-19 06:00:00,5.602621e-08,cropstemc,ton/ha
2016,294,166,233,2016-10-20 06:00:00,5.602621e-08,cropstemc,ton/ha
2016,295,167,234,2016-10-21 06:00:00,5.602621e-08,cropstemc,ton/ha
2016,296,168,235,2016-10-22 06:00:00,5.602621e-08,cropstemc,ton/ha
2016,297,169,236,2016-10-23 06:00:00,5.602621e-08,cropstemc,ton/ha
2016,298,170,237,2016-10-24 06:00:00,5.602621e-08,cropstemc,ton/ha
2016,299,171,238,2016-10-25 06:00:00,5.602621e-08,cropstemc,ton/ha
2016,300,172,239,2016-10-26 06:00:00,5.602621e-08,cropstemc,ton/ha
2016,301,173,240,2016-10-27 06:00:00,5.602621e-08,cropstemc,ton/ha
2016,302,174,241,2016-10-28 06:00:00,5.602621e-08,cropstemc,ton/ha
2016,303,175,242,2016-10-29 06:00:00,5.602621e-08,cropstemc,ton/ha
2016,304,176,243,2016-10-30 06:00:00,5.602621e-08,cropstemc,ton/ha
